Workbook

Sheet 1_START_HERE
A1: How flowrate links to stage–storage (Ø900 retention)
A3: WHAT YOUR BOSS ASKED
A4: He delineated a flood limit at about the water level where the Ø900 can pass 2.4 m³/s
A5: (water 1.5 m above the pipe crown). He wants you to CONNECT:
A6: • how much water is stored on the ground at that level (VOLUME from survey), and
A7: • how much the culvert can discharge at that same level (FLOWRATE).
A9: THE ONE RULE
A10: Always use the SAME water surface elevation (WSE) for both:
A11: WSE → Qout from the culvert (stage–discharge)
A12: WSE → Area → Volume from topo (stage–storage)
A13: Same WSE = the link. Do not pick 39.5 m for Q=2.4 if Q=2.4 belongs to 37.28 m.
A15: YOUR SITE NUMBERS (Ø900)
... A38: Yellow cells = you may edit. Green = results. Orange = boss design stage.

Sheet 2_PLAIN_WORDS
A1: Plain-words picture (read this if formulas feel abstract)
A3: Imagine a bathtub (the low ground around the Ø900) with a drain (the Ø900 culvert).
A5: 1) STAGE = how high the water is in the tub (WSE in metres).
A6: 2) The higher the water, the more pressure on the drain → the drain passes MORE flow.
A7: That is stage–discharge: Q = f(WSE).
A8: 3) The higher the water, the more of the landscape is flooded → more VOLUME stored.
A9: That is stage–storage: V = f(WSE).
A11: LINK:
A12: When the water sits at ONE chosen stage (example: 37.28 m), BOTH are true at once:
A13: • the map shows a certain flooded area / volume V(37.28)
A14: • the culvert can pass Q(37.28) = 2.4 m³/s
A15: You are not choosing volume from 39.5 m and flow from 37.28 m. Same stage for both.
... A24: through the Ø900 than the Ø900 itself will pass.

Sheet 3_STAGE_DISCHARGE
A1: Stage–discharge: Q = f(WSE) for the Ø900
A2: This table answers: IF the water surface is at this elevation, how much can the Ø900 discharge? Two office points are fixed: ~1.0 m³/s at lower head, and 2.4 m³/s at 37.28 m. In-between values are linear placeholders until you refine with HY-8/FHWA.
A5: Invert US (m) | B5: 34.88
A6: D (m) | B6: 0.9
A7: Crown (m) = Invert + D | B7: =B5+B6
A8: Head above crown for Q=2.4 (m) | B8: 1.5
A9: WSE at Q=2.4 (m) | B9: =B7+B8 | C9: ← this must match the topo contour you delineate for the 2.4 m³/s story
A11: Q_normal (m³/s) | B11: 1
A12: Q_at_boss_stage (m³/s) | B12: 2.4
A14: WSE (m) | B14: Head above invert H (m) | C14: Head above crown (m) | D14: Qout (m³/s) | E14: Comment
A15: 34.88 | B15: =A15-$B$5 | C15: =A15-$B$7 | D15: =0 | E15: Dry / no ponding
A16: 35.5 | B16: =A16-$B$5 | C16: =A16-$B$7 | D16: =$B$11*(A16-$B$5)/$B$6 | E16: Filling toward full pipe (simplified)
A17: 35.78 | B17: =A17-$B$5 | C17: =A17-$B$7 | D17: =$B$11+($B$12-$B$11)*(A17-$B$7)/($B$9-$B$7) | E17: Between crown and boss stage (linear placeholder)
A18: 36 | B18: =A18-$B$5 | C18: =A18-$B$7 | D18: =$B$11+($B$12-$B$11)*(A18-$B$7)/($B$9-$B$7) | E18: Between crown and boss stage (linear placeholder)
A19: 36.5 | B19: =A19-$B$5 | C19: =A19-$B$7 | D19: =$B$11+($B$12-$B$11)*(A19-$B$7)/($B$9-$B$7) | E19: Between crown and boss stage (linear placeholder)
A20: 37 | B20: =A20-$B$5 | C20: =A20-$B$7 | D20: =$B$11+($B$12-$B$11)*(A20-$B$7)/($B$9-$B$7) | E20: Between crown and boss stage (linear placeholder)
A21: 37.28 | B21: =A21-$B$5 | C21: =A21-$B$7 | D21: =$B$12 | E21: BOSS STAGE: +1.5 m above crown → use THIS for the link
A22: 37.5 | B22: =A22-$B$5 | C22: =A22-$B$7 | D22: =$B$12+($B$12*0.1)*(A22-$B$9)/($B$9-$B$7) | E22: Above boss stage (illustrative only)
A23: 39.5 | B23: =A23-$B$5 | C23: =A23-$B$7 | D23: =$B$12+0.3 | E23: Your 39.5 m contour — NOT the 2.4 m³/s stage (do not mix)
A26: How to read one row
A27: Example orange row: WSE = 37.28 m. Column D must be 2.4 m³/s. When you delineate the flood limit on the survey at 37.28 m, that polygon belongs to THIS row — same stage as this flowrate. That is the link on the discharge side.

Sheet 4_STAGE_STORAGE
A1: Stage–storage: V = f(WSE) from survey areas
A2: For EACH water level below, draw the inundation polygon on the topo and type the AREA (m²) in yellow. Volume between two levels uses the trapezoid rule in plain text: V_step = (A_i + A_i+1) / 2 * (WSE_i+1 - WSE_i). Cumulative V = sum of steps from the bottom up.
A6: Plain formula for one step
A7: V_step (m³) = (Area_low + Area_high) / 2 × (WSE_high − WSE_low)
A8: V_cumulative at a level = sum of all V_step from invert up to that level
A10: WSE (m) | B10: Area A (m²) ← EDIT | C10: ΔWSE (m) | D10: V_step (m³) | E10: V_cumulative (m³) | F10: Role
A11: 34.88 | B11: 0 | C11: 0 | D11: 0 | E11: 0 | F11: Invert — start (area often 0)
A12: 35.5 | B12: 80 | C12: =A12-A11 | D12: =0.5*(B11+B12)*C12 | E12: =E11+D12 | F12: Intermediate contour — replace with survey area
A13: 36 | B13: 180 | C13: =A13-A12 | D13: =0.5*(B12+B13)*C13 | E13: =E12+D13 | F13: Intermediate contour — replace with survey area
A14: 36.5 | B14: 320 | C14: =A14-A13 | D14: =0.5*(B13+B14)*C14 | E14: =E13+D14 | F14: Intermediate contour — replace with survey area
A15: 37 | B15: 480 | C15: =A15-A14 | D15: =0.5*(B14+B15)*C15 | E15: =E14+D15 | F15: Intermediate contour — replace with survey area
A16: 37.28 | B16: 543 | C16: =A16-A15 | D16: =0.5*(B15+B16)*C16 | E16: =E15+D16 | F16: BOSS LIMIT — replace Area with YOUR delineation at 37.28 m
A17: 37.5 | B17: 700 | C17: =A17-A16 | D17: =0.5*(B16+B17)*C17 | E17: =E16+D17 | F17: Intermediate contour — replace with survey area
A18: 39.5 | B18: 1932 | C18: =A18-A17 | D18: =0.5*(B17+B18)*C18 | E18: =E17+D18 | F18: Your 1932 m² example — optional higher stage, not the 2.4 link
A21: Worked meaning of V at 37.28 m
A22: Cell E for the 37.28 m row = total water volume (m³) stored in the landscape when the free surface is at 37.28 m (starting from empty at invert). REPLACE the yellow Area at 37.28 with the area your boss delineated (or that you redraw at 37.28). Placeholder areas above are FAKE except 39.5→1932 which you measured — they only show the method.
A26: V at boss stage (m³) | B26: =E16 | C26: ← storage available when Qout = 2.4 m³/s (same WSE)

Sheet 5_THE_LINK
A1: THE LINK — same WSE row has both V and Q
A2: This sheet merges stage–storage and stage–discharge. Read across one row: at this water level, the pond holds V cubic metres AND the Ø900 passes Q m³/s. That pairing is what 'link volume to flowrate' means.
A5: WSE (m) | B5: V (m³) | C5: Qout (m³/s) | D5: What this row means in one sentence
A6: 34.88 | B6: ='4_STAGE_STORAGE'!E11 | C6: ='3_STAGE_DISCHARGE'!D15 | D6: Empty start
A7: 35.5 | B7: ='4_STAGE_STORAGE'!E12 | C7: ='3_STAGE_DISCHARGE'!D16 | D7: Intermediate: both V and Q belong to this same water level
A8: 36 | B8: ='4_STAGE_STORAGE'!E13 | C8: ='3_STAGE_DISCHARGE'!D18 | D8: Intermediate: both V and Q belong to this same water level
A9: 36.5 | B9: ='4_STAGE_STORAGE'!E14 | C9: ='3_STAGE_DISCHARGE'!D19 | D9: Intermediate: both V and Q belong to this same water level
A10: 37 | B10: ='4_STAGE_STORAGE'!E15 | C10: ='3_STAGE_DISCHARGE'!D20 | D10: Intermediate: both V and Q belong to this same water level
A11: 37.28 | B11: ='4_STAGE_STORAGE'!E16 | C11: ='3_STAGE_DISCHARGE'!D21 | D11: DESIGN LINK: volume stored at boss flood limit AND culvert Q = 2.4 m³/s
A12: 37.5 | B12: ='4_STAGE_STORAGE'!E17 | C12: ='3_STAGE_DISCHARGE'!D22 | D12: Intermediate: both V and Q belong to this same water level
A13: 39.5 | B13: ='4_STAGE_STORAGE'!E18 | C13: ='3_STAGE_DISCHARGE'!D23 | D13: Higher stage you drew — Q here is NOT the official 2.4 definition stage
A16: Sentence you can tell your boss
A17: At water level 37.28 m (invert 34.88 + diameter 0.90 + 1.50 m above crown), the survey inundation stores V m³ (see orange row, column B after you enter the real area), and at that same level the Ø900 can discharge 2.4 m³/s. Upstream may bring up to ~9.6 m³/s, so volume accumulates whenever Qin > Qout; the 37.28 m contour is the geometric limit we check against that paired Q.
A22: V_boss (m³) | B22: =B11
A23: Q_boss (m³/s) | B23: =C11

Sheet 6_ROUTING_IDEA
A1: How a storm uses the link (routing idea)
A2: You do not pick one volume and stop. During the storm, WSE moves up and down the link table. Each time step: look up Qout from current WSE (or from V→WSE), compare to Qin, update volume.
A6: Step-by-step logic (every time interval Δt):
A7: 1. Know current stored volume V (starts at 0).
A8: 2. From V, find WSE on the stage–storage curve (sheet 4).
A9: 3. From that WSE, find Qout on the stage–discharge curve (sheet 3).
A10: 4. Qin comes from the hydrograph (Ø1500 inlet hydrograph).
A11: 5. Change in storage: ΔV = (Qin − Qout) × Δt
A12: with Δt in seconds, Qin/Qout in m³/s → ΔV in m³.
A13: 6. New volume: V_new = max(0, V_old + ΔV).
A14: 7. Repeat. The maximum V (and its WSE) is what you compare to 37.28 m / V_boss.
A16: If Qin > Qout → water rises (moving up the link table).
... A24: Mini numeric example (one step only)
A25: Qin (m³/s) | B25: 6
A26: Current WSE (m) | B26: 37.28
A27: Qout at that WSE (m³/s) | B27: 2.4
A28: Δt (minutes) | B28: 5
A29: Δt (seconds) | B29: =B28*60
A30: ΔV this step (m³) | B30: =(B25-B27)*B29 | C30: Positive → pond gains volume in these 5 minutes
A32: Interpretation: with Qin=6 and Qout=2.4, each 5 minutes adds (6−2.4)×300 = 1080 m³. That is why a peak of 9.6 m³/s needs real storage even though the Ø900 can reach 2.4 m³/s at high stage. Full hydrograph routing is in Volume_Retention_Ponceau_900.xlsx (Calcul_A / Calcul_B); this guide explains the V↔Q link your boss asked for.

Sheet 7_CHECKLIST
A1: Checklist — what to do on the survey / deliver
A3: □ Confirm arithmetic: crown = 34.88+0.90 = 35.78; boss WSE = 35.78+1.50 = 37.28 m
A4: (If boss maps 37.38, ask which elevation he used — match Q=2.4 to HIS contour.)
A5: □ Delineate inundation at 37.28 m (or boss contour) and enter Area in sheet 4 (orange row).
A6: □ Add 3–5 intermediate contours between invert and 37.28; enter each Area (yellow).
A7: □ Keep 39.5 / 40 m only as optional 'what if higher' — label them clearly.
A8: □ On sheet 5, show boss the orange row: same WSE → V and Q=2.4 together.
A9: □ Route design hydrograph; report WSEmax and Vmax vs 37.28 / V_boss.
A10: □ State that Ø1200 = 4.93 m³/s is downstream and does not raise pond outlet above Ø900.
A12: Files:
A13: This guide: Stage_Storage_Discharge_Guide_900.xlsx
A14: Full routing: Volume_Retention_Ponceau_900.xlsx (same folder)
