Workbook

Sheet Inputs
A1: Sanitary / Industrial Wastewater Pump Station - Preliminary Design Inputs
A2: Yellow cells are editable except the fixed external area assumption linked in B5. Placeholder values must be validated with survey, municipal criteria, and process-water data.
A4: Wastewater Flow Inputs | E4: Pump Sump / Control Inputs
A5: Contributing industrial area (linked to fixed assumption) | B5: =B29 | C5: m2 | D5: Linked to fixed external assumption below; keep outside adjustable scenario inputs. | E5: Sump internal diameter | F5: 1.5 | G5: m | H5: Circular wet well diameter.
A6: Unit wastewater allowance by area | B6: 0.5 | C6: L/m2/d | D6: Replace with company water-use data or municipal design criterion if available. | E6: Sump bottom elevation | F6: 100 | G6: m | H6: Use project datum or temporary relative datum.
A7: Number of employees | B7: 0 | C7: persons | D7: Enter known staff count or test scenarios. | E7: Pump stop elevation | F7: 100.3 | G7: m | H7: Water level where pump stops.
A8: Domestic flow per employee | B8: 75 | C8: L/p/d | D8: Preliminary value for toilets/handwashing. Increase if showers/cafeteria are present. | E8: Pump start elevation | F8: 100.9 | G8: m | H8: Water level where lead pump starts.
A9: Process wastewater | B9: 0 | C9: m3/d | D9: Parts washing, floor washdown, process drains, etc. | E9: High alarm elevation | F9: 101.1 | G9: m | H9: Alarm level above pump start.
A10: Peak factor | B10: 4 | C10: - | D10: Preliminary peaking factor. Confirm with municipality/design criteria. | E10: Inlet pipe invert at sump | F10: 100.8 | G10: m | H10: Gravity inlet invert entering wet well.
A11: Minimum practical pump flow | B11: 2 | C11: L/s | D11: Small sewage pumps often have a practical minimum selected flow. | E11: Pump discharge/force main invert | F11: 100.75 | G11: m | H11: Approximate force-main outlet from station.
A12: Design safety factor on flow | B12: 1 | C12: - | D12: Optional design margin. | E12: Pump efficiency | F12: 0.6 | G12: - | H12: Overall preliminary efficiency.
A18: Pretreatment / Settling Inputs | E18: Force Main / Discharge Inputs
A19: Pretreatment provided? | B19: Yes/No | C19: - | D19: Use for settling tank, oil/grit separator, neutralization, or other industrial pretreatment. | E19: Receiving MH water elevation | F19: 103 | G19: m | H19: Use downstream hydraulic grade/tailwater if known.
A20: Pretreatment inlet invert | B20: 100.95 | C20: m | D20: Invert entering pretreatment unit. | E20: Receiving MH invert | F20: 102.7 | G20: m | H20: Invert in receiving manhole.
A21: Pretreatment outlet invert | B21: 100.85 | C21: m | D21: Invert leaving pretreatment unit. | E21: Force main length | F21: 30 | G21: m | H21: Total discharge pipe length.
A22: Provided tank volume | B22: 1.5 | C22: m3 | D22: Effective liquid volume. | E22: Force main internal diameter | F22: 0.075 | G22: m | H22: Use actual internal diameter.
A23: Target detention at peak | B23: 10 | C23: min | D23: Preliminary detention target. | E23: Darcy friction factor f | F23: 0.025 | G23: - | H23: Preliminary value; revise with pipe material/roughness.
A24: Pretreatment headloss | B24: 0.1 | C24: m | D24: Hydraulic loss through device/tank if applicable. | E24: Minor loss coefficient K | F24: 4 | G24: - | H24: Valves, bends, entrance, exit, check valve.
E25: Minimum target velocity | F25: 0.6 | G25: m/s | H25: Common preliminary lower check for solids transport.
E26: Maximum target velocity | F26: 2.5 | G26: m/s | H26: Common preliminary upper check for excessive losses.
A28: Fixed External Assumptions (outside editable scenario inputs) | E28: Design Criteria / Operational Targets
A29: Fixed industrial/roof contributing area | B29: 7600 | C29: m2 | D29: Owner-provided fixed value. Keep this constant unless the facility footprint is revised. | E29: Maximum starts per hour (recommended) | F29: 10 | G29: starts/hr | H29: Typical municipal preliminary target.
E30: Minimum stop submergence target | F30: 0.3 | G30: m | H30: Protect pump hydraulics and avoid vortex/air entrainment.
E31: Minimum emergency storage time (alarm to inlet) | F31: 10 | G31: min | H31: Preferred buffer before inlet surcharge at peak inflow.
E32: Motor service factor | F32: 1.15 | G32: - | H32: Apply to preliminary motor sizing.
E33: Duty pumps in parallel (normal operation) | F33: 1 | G33: - | H33: Use 1 for duty+standby; set >1 if pumps run in parallel.
E34: Standby pumps (N+1) | F34: 1 | G34: - | H34: For redundancy check and procurement definition.
E35: Future flow factor | F35: 1 | G35: - | H35: Multiply average flow to account for growth/uncertainty.

Sheet Design Summary
A1: Preliminary Pump Station Design Summary
A3: Flow Results | E3: Wet-Well / Pump Cycle Results
A4: Area-based flow | B4: =Inputs!B5*Inputs!B6/1000 | C4: m3/d | D4: A preliminary proxy only. | E4: Active depth | F4: =Inputs!F8-Inputs!F7 | G4: m | H4: Start minus stop.
A5: Employee domestic flow | B5: =Inputs!B7*Inputs!B8/1000 | C5: m3/d | E5: Active wet-well volume | F5: =PI()*Inputs!F5^2/4*F4 | G5: m3
A6: Total average flow | B6: =(B4+B5+Inputs!B9)*Inputs!F35 | C6: m3/d | D6: Includes future-flow factor. | E6: Storage above alarm to inlet | F6: =MAX(0,Inputs!F10-Inputs!F9)*PI()*Inputs!F5^2/4 | G6: m3 | H6: Simple emergency buffer before inlet surcharge.
A7: Peak influent flow | B7: =B6*Inputs!B10*1000/86400*Inputs!B12 | C7: L/s | E7: Fill time pump off | F7: =IF(B7>0,F5/(B7/1000)/60,"") | G7: min
A8: Selected pump flow | B8: =MAX(B7,Inputs!B11) | C8: L/s | E8: Drawdown time pump on | F8: =IF(B8>B7,F5/((B8-B7)/1000)/60,"") | G8: min
A9: Selected pump flow | B9: =B8/1000 | C9: m3/s | E9: Approx starts per hour | F9: =IF(AND(F7>0,F8>0),60/(F7+F8),"") | G9: starts/hr
A10: Average daily volume | B10: =B6 | C10: m3/d | E10: Start level above inlet invert | F10: =Inputs!F8-Inputs!F10 | G10: m | H10: Positive means start level above inlet invert.
E11: Stop submergence above bottom | F11: =Inputs!F7-Inputs!F6 | G11: m
E12: Emergency storage time (alarm to inlet) | F12: =IF(B7>0,F6/(B7/1000)/60,"") | G12: min | H12: Time from high alarm to inlet surcharge at peak inflow.
E13: Required active volume @ starts limit | F13: =IF(OR(Inputs!F29<=0,B7<=0,B8<=B7),"",3600/Inputs!F29/(1/(B7/1000)+1/((B8-B7)/1000))) | G13: m3 | H13: Minimum active volume to keep starts/hr within target.
E14: Active volume margin vs starts limit | F14: =IF(F13="","",F5-F13) | G14: m3 | H14: Positive means wet-well active storage is adequate.
A16: Force Main / TDH Results | E16: Pretreatment Results
A17: Force main area | B17: =PI()*Inputs!F22^2/4 | C17: m2 | E17: Pretreatment invert drop | F17: =IF(OR(UPPER(TRIM(Inputs!B19))="YES",UPPER(TRIM(Inputs!B19))="OUI",UPPER(TRIM(Inputs!B19))="Y"),Inputs!B20-Inputs!B21,0) | G17: m
A18: Force main velocity | B18: =IF(B17>0,B9/B17,"") | C18: m/s | E18: Average detention | F18: =IF(AND(OR(UPPER(TRIM(Inputs!B19))="YES",UPPER(TRIM(Inputs!B19))="OUI",UPPER(TRIM(Inputs!B19))="Y"),B6>0),Inputs!B22/B6*1440,"") | G18: min
A19: Velocity head | B19: =B18^2/(2*9.81) | C19: m | E19: Peak detention | F19: =IF(AND(OR(UPPER(TRIM(Inputs!B19))="YES",UPPER(TRIM(Inputs!B19))="OUI",UPPER(TRIM(Inputs!B19))="Y"),B7>0),Inputs!B22/(B7/1000)/60,"") | G19: min
A20: Friction headloss | B20: =IF(OR(Inputs!F22<=0,Inputs!F21<0),"",Inputs!F23*(Inputs!F21/Inputs!F22)*B19) | C20: m | D20: Darcy-Weisbach. | E20: Required volume at target | F20: =IF(OR(UPPER(TRIM(Inputs!B19))="YES",UPPER(TRIM(Inputs!B19))="OUI",UPPER(TRIM(Inputs!B19))="Y"),Inputs!B23*(B7/1000)*60,"") | G20: m3
A21: Minor losses | B21: =IF(B19="","",Inputs!F24*B19) | C21: m | E21: Volume margin | F21: =IF(F20="","",Inputs!B22-F20) | G21: m3 | H21: Positive is OK.
A22: Static lift | B22: =MAX(0,Inputs!F19-Inputs!F7) | C22: m | D22: Receiving water level minus pump stop elevation. | E22: Pretreatment status | F22: =IF(OR(UPPER(TRIM(Inputs!B19))="YES",UPPER(TRIM(Inputs!B19))="OUI",UPPER(TRIM(Inputs!B19))="Y"),IF(Inputs!B22=0,"Pretreatment selected but no volume entered",IF(F21>=0,"Pretreatment volume OK","Increase pretreatment volume")),"Pretreatment not included in sizing") | G22: -
A23: Total dynamic head | B23: =SUM(B20:B22) | C23: m
A24: Approx hydraulic power | B24: =IF(OR(B9="",B23=""),"",B9*9.81*1000*B23/1000) | C24: kW | D24: Water power only. | E24: Best-fit operating flow (from curve) | F24: =IFERROR('Pump Curve'!K9,"") | G24: L/s | H24: Closest intersection between trial pump and system curves.
A25: Approx motor power | B25: =IF(Inputs!F12>0,B24/Inputs!F12,"") | C25: kW | D25: Preliminary. | E25: Best-fit system TDH | F25: =IFERROR('Pump Curve'!K10,"") | G25: m
A26: Force main internal volume | B26: =B17*Inputs!F21 | C26: m3 | D26: Useful for septicity and retention checks. | E26: Best-fit motor power (with service factor) | F26: =IFERROR('Pump Curve'!K14*Inputs!F32,"") | G26: kW | H26: Preliminary motor sizing check.
A27: Force-main retention at average flow | B27: =IF(B6>0,B26/(B6/1440),"") | C27: min | D27: Long retention can drive odor and corrosion risk. | E27: Head residual at best fit (pump-system) | F27: =IFERROR('Pump Curve'!K12,"") | G27: m | H27: Absolute value near zero indicates good match.
A28: Force-main retention at selected flow | B28: =IF(B9>0,B26/B9/60,"") | C28: min | D28: During pump operation.
A29: Duty pump flow per operating pump | B29: =IF(Inputs!F33>0,B8/Inputs!F33,"") | C29: L/s | D29: Use for vendor pump selection when multiple duty pumps run.
A30: Design Flags
A31: Velocity check | B31: =IF(B18="","Check force-main diameter",IF(B18<Inputs!F25,"Velocity low",IF(B18>Inputs!F26,"Velocity high","Velocity OK")))
A32: Pump cycling check | B32: =IF(F9="","Check inputs",IF(F9>Inputs!F29,"Too many starts/hr","Starts/hr preliminary OK"))
A33: Wet well level check | B33: =IF(OR(F4<=0,Inputs!F9<=Inputs!F8,Inputs!F8<=Inputs!F7),"Check control elevations","Wet well levels OK")
A34: Inlet surcharge warning | B34: =IF(F10>0,"Pump start above inlet invert - check surcharge","Pump start below inlet invert")
A35: Pretreatment check | B35: =F22
A36: Submergence check | B36: =IF(F11>=Inputs!F30,"Submergence OK","Increase stop level or sump depth")
A37: Emergency storage check | B37: =IF(F12="","Check levels",IF(F12>=Inputs!F31,"Emergency storage OK","Increase alarm-to-inlet storage"))
A38: Operating point check | B38: =IF(ABS(F27)<=0.5,"Pump/system match OK","Adjust pump selection")

Sheet Pump Curve
A1: System Curve and Trial Pump Curve
A3: Flow | B3: Flow | C3: Velocity | D3: Static Head | E3: Friction + Minor | F3: System TDH | G3: Trial Pump Head | H3: Difference | I3: Abs Difference | J3: Operating Point (auto-fit) | M3: Replace column G with manufacturer data when available.
A4: L/s | B4: m3/s | C4: m/s | D4: m | E4: m | F4: m | G4: m | H4: m | I4: m | J4: Based on minimum absolute head difference in column I.
A5: 0 | B5: =A5/1000 | C5: =IF(Inputs!F22>0,B5/(PI()*Inputs!F22^2/4),"") | D5: =MAX(0,Inputs!F19-Inputs!F7) | E5: =(Inputs!F23*(Inputs!F21/Inputs!F22)+Inputs!F24)*(C5^2/(2*9.81)) | F5: =D5+E5 | G5: =MAX(0,12-0.35*A5^2) | H5: =G5-F5 | I5: =ABS(H5)
A6: 0.5 | B6: =A6/1000 | C6: =IF(Inputs!F22>0,B6/(PI()*Inputs!F22^2/4),"") | D6: =MAX(0,Inputs!F19-Inputs!F7) | E6: =(Inputs!F23*(Inputs!F21/Inputs!F22)+Inputs!F24)*(C6^2/(2*9.81)) | F6: =D6+E6 | G6: =MAX(0,12-0.35*A6^2) | H6: =G6-F6 | I6: =ABS(H6)
A7: 1 | B7: =A7/1000 | C7: =IF(Inputs!F22>0,B7/(PI()*Inputs!F22^2/4),"") | D7: =MAX(0,Inputs!F19-Inputs!F7) | E7: =(Inputs!F23*(Inputs!F21/Inputs!F22)+Inputs!F24)*(C7^2/(2*9.81)) | F7: =D7+E7 | G7: =MAX(0,12-0.35*A7^2) | H7: =G7-F7 | I7: =ABS(H7)
A8: 1.5 | B8: =A8/1000 | C8: =IF(Inputs!F22>0,B8/(PI()*Inputs!F22^2/4),"") | D8: =MAX(0,Inputs!F19-Inputs!F7) | E8: =(Inputs!F23*(Inputs!F21/Inputs!F22)+Inputs!F24)*(C8^2/(2*9.81)) | F8: =D8+E8 | G8: =MAX(0,12-0.35*A8^2) | H8: =G8-F8 | I8: =ABS(H8) | J8: Best-fit row | K8: =MATCH(MIN(I5:I25),I5:I25,0)+4
A9: 2 | B9: =A9/1000 | C9: =IF(Inputs!F22>0,B9/(PI()*Inputs!F22^2/4),"") | D9: =MAX(0,Inputs!F19-Inputs!F7) | E9: =(Inputs!F23*(Inputs!F21/Inputs!F22)+Inputs!F24)*(C9^2/(2*9.81)) | F9: =D9+E9 | G9: =MAX(0,12-0.35*A9^2) | H9: =G9-F9 | I9: =ABS(H9) | J9: Operating flow (L/s) | K9: =INDEX(A5:A25,MATCH(MIN(I5:I25),I5:I25,0))
A10: 2.5 | B10: =A10/1000 | C10: =IF(Inputs!F22>0,B10/(PI()*Inputs!F22^2/4),"") | D10: =MAX(0,Inputs!F19-Inputs!F7) | E10: =(Inputs!F23*(Inputs!F21/Inputs!F22)+Inputs!F24)*(C10^2/(2*9.81)) | F10: =D10+E10 | G10: =MAX(0,12-0.35*A10^2) | H10: =G10-F10 | I10: =ABS(H10) | J10: System TDH at operating point (m) | K10: =INDEX(F5:F25,MATCH(MIN(I5:I25),I5:I25,0))
A11: 3 | B11: =A11/1000 | C11: =IF(Inputs!F22>0,B11/(PI()*Inputs!F22^2/4),"") | D11: =MAX(0,Inputs!F19-Inputs!F7) | E11: =(Inputs!F23*(Inputs!F21/Inputs!F22)+Inputs!F24)*(C11^2/(2*9.81)) | F11: =D11+E11 | G11: =MAX(0,12-0.35*A11^2) | H11: =G11-F11 | I11: =ABS(H11) | J11: Pump head at operating point (m) | K11: =INDEX(G5:G25,MATCH(MIN(I5:I25),I5:I25,0))
A12: 3.5 | B12: =A12/1000 | C12: =IF(Inputs!F22>0,B12/(PI()*Inputs!F22^2/4),"") | D12: =MAX(0,Inputs!F19-Inputs!F7) | E12: =(Inputs!F23*(Inputs!F21/Inputs!F22)+Inputs!F24)*(C12^2/(2*9.81)) | F12: =D12+E12 | G12: =MAX(0,12-0.35*A12^2) | H12: =G12-F12 | I12: =ABS(H12) | J12: Head residual (pump - system) (m) | K12: =INDEX(H5:H25,MATCH(MIN(I5:I25),I5:I25,0))
A13: 4 | B13: =A13/1000 | C13: =IF(Inputs!F22>0,B13/(PI()*Inputs!F22^2/4),"") | D13: =MAX(0,Inputs!F19-Inputs!F7) | E13: =(Inputs!F23*(Inputs!F21/Inputs!F22)+Inputs!F24)*(C13^2/(2*9.81)) | F13: =D13+E13 | G13: =MAX(0,12-0.35*A13^2) | H13: =G13-F13 | I13: =ABS(H13) | J13: Flow per duty pump (L/s) | K13: =IF(Inputs!F33>0,K9/Inputs!F33,"")
A14: 4.5 | B14: =A14/1000 | C14: =IF(Inputs!F22>0,B14/(PI()*Inputs!F22^2/4),"") | D14: =MAX(0,Inputs!F19-Inputs!F7) | E14: =(Inputs!F23*(Inputs!F21/Inputs!F22)+Inputs!F24)*(C14^2/(2*9.81)) | F14: =D14+E14 | G14: =MAX(0,12-0.35*A14^2) | H14: =G14-F14 | I14: =ABS(H14) | J14: Estimated motor power at op. (kW) | K14: =IF(Inputs!F12>0,(K9/1000)*9.81*K10/Inputs!F12,"")
A15: 5 | B15: =A15/1000 | C15: =IF(Inputs!F22>0,B15/(PI()*Inputs!F22^2/4),"") | D15: =MAX(0,Inputs!F19-Inputs!F7) | E15: =(Inputs!F23*(Inputs!F21/Inputs!F22)+Inputs!F24)*(C15^2/(2*9.81)) | F15: =D15+E15 | G15: =MAX(0,12-0.35*A15^2) | H15: =G15-F15 | I15: =ABS(H15)
A16: 5.5 | B16: =A16/1000 | C16: =IF(Inputs!F22>0,B16/(PI()*Inputs!F22^2/4),"") | D16: =MAX(0,Inputs!F19-Inputs!F7) | E16: =(Inputs!F23*(Inputs!F21/Inputs!F22)+Inputs!F24)*(C16^2/(2*9.81)) | F16: =D16+E16 | G16: =MAX(0,12-0.35*A16^2) | H16: =G16-F16 | I16: =ABS(H16)
A17: 6 | B17: =A17/1000 | C17: =IF(Inputs!F22>0,B17/(PI()*Inputs!F22^2/4),"") | D17: =MAX(0,Inputs!F19-Inputs!F7) | E17: =(Inputs!F23*(Inputs!F21/Inputs!F22)+Inputs!F24)*(C17^2/(2*9.81)) | F17: =D17+E17 | G17: =MAX(0,12-0.35*A17^2) | H17: =G17-F17 | I17: =ABS(H17)
A18: 6.5 | B18: =A18/1000 | C18: =IF(Inputs!F22>0,B18/(PI()*Inputs!F22^2/4),"") | D18: =MAX(0,Inputs!F19-Inputs!F7) | E18: =(Inputs!F23*(Inputs!F21/Inputs!F22)+Inputs!F24)*(C18^2/(2*9.81)) | F18: =D18+E18 | G18: =MAX(0,12-0.35*A18^2) | H18: =G18-F18 | I18: =ABS(H18)
A19: 7 | B19: =A19/1000 | C19: =IF(Inputs!F22>0,B19/(PI()*Inputs!F22^2/4),"") | D19: =MAX(0,Inputs!F19-Inputs!F7) | E19: =(Inputs!F23*(Inputs!F21/Inputs!F22)+Inputs!F24)*(C19^2/(2*9.81)) | F19: =D19+E19 | G19: =MAX(0,12-0.35*A19^2) | H19: =G19-F19 | I19: =ABS(H19)
A20: 7.5 | B20: =A20/1000 | C20: =IF(Inputs!F22>0,B20/(PI()*Inputs!F22^2/4),"") | D20: =MAX(0,Inputs!F19-Inputs!F7) | E20: =(Inputs!F23*(Inputs!F21/Inputs!F22)+Inputs!F24)*(C20^2/(2*9.81)) | F20: =D20+E20 | G20: =MAX(0,12-0.35*A20^2) | H20: =G20-F20 | I20: =ABS(H20)
A21: 8 | B21: =A21/1000 | C21: =IF(Inputs!F22>0,B21/(PI()*Inputs!F22^2/4),"") | D21: =MAX(0,Inputs!F19-Inputs!F7) | E21: =(Inputs!F23*(Inputs!F21/Inputs!F22)+Inputs!F24)*(C21^2/(2*9.81)) | F21: =D21+E21 | G21: =MAX(0,12-0.35*A21^2) | H21: =G21-F21 | I21: =ABS(H21)
A22: 8.5 | B22: =A22/1000 | C22: =IF(Inputs!F22>0,B22/(PI()*Inputs!F22^2/4),"") | D22: =MAX(0,Inputs!F19-Inputs!F7) | E22: =(Inputs!F23*(Inputs!F21/Inputs!F22)+Inputs!F24)*(C22^2/(2*9.81)) | F22: =D22+E22 | G22: =MAX(0,12-0.35*A22^2) | H22: =G22-F22 | I22: =ABS(H22)
A23: 9 | B23: =A23/1000 | C23: =IF(Inputs!F22>0,B23/(PI()*Inputs!F22^2/4),"") | D23: =MAX(0,Inputs!F19-Inputs!F7) | E23: =(Inputs!F23*(Inputs!F21/Inputs!F22)+Inputs!F24)*(C23^2/(2*9.81)) | F23: =D23+E23 | G23: =MAX(0,12-0.35*A23^2) | H23: =G23-F23 | I23: =ABS(H23)
A24: 9.5 | B24: =A24/1000 | C24: =IF(Inputs!F22>0,B24/(PI()*Inputs!F22^2/4),"") | D24: =MAX(0,Inputs!F19-Inputs!F7) | E24: =(Inputs!F23*(Inputs!F21/Inputs!F22)+Inputs!F24)*(C24^2/(2*9.81)) | F24: =D24+E24 | G24: =MAX(0,12-0.35*A24^2) | H24: =G24-F24 | I24: =ABS(H24)
A25: 10 | B25: =A25/1000 | C25: =IF(Inputs!F22>0,B25/(PI()*Inputs!F22^2/4),"") | D25: =MAX(0,Inputs!F19-Inputs!F7) | E25: =(Inputs!F23*(Inputs!F21/Inputs!F22)+Inputs!F24)*(C25^2/(2*9.81)) | F25: =D25+E25 | G25: =MAX(0,12-0.35*A25^2) | H25: =G25-F25 | I25: =ABS(H25)

Sheet Croquis
A1: Concept Croquis - Sanitary / Industrial Wastewater Pumping System
N6: Pump Sump / Wet Well lead pump + standby pump start/stop controls
B7: Industrial Building floor drains / sanitary fixtures process wastewater if connected | H7: Pretreatment / Settling (optional or municipal requirement) | T7: Receiving Manhole | Z7: Municipal Sewer / Approved Discharge
G9: gravity | M9: gravity | S9: force main | Y9: gravity / pressure
G10: => | M10: => | S10: => | Y10: =>
B17: Flow inputs | H17: Pretreatment volume | T17: Receiving water level
B18: =Inputs!B5 | C18: m2 industrial area | H18: =Inputs!B22 | I18: m3 | N18: Pump start | T18: =Inputs!F19 | U18: m
N19: =Inputs!F8 | O19: m | T19: Force main diameter
A20: Industrial area used in sizing is fixed external assumption. | B20: =Inputs!B29 | C20: m2 | N20: Pump stop | T20: =Inputs!F22 | U20: m
N21: =Inputs!F7 | O21: m | T21: Force main length
N22: Sump bottom | T22: =Inputs!F21 | U22: m
N23: =Inputs!F6 | O23: m
