Workbook

Sheet Bordereau_prix
A1: BORDEREAU DE PRIX - TRAVAUX DRAINAGE PAR SECTEUR
A2: Quantites consolidees depuis Secteur A, Secteur P, Façade, Detail_facade_batim
A4: Item | B4: Description | C4: Unite | D4: Quantite_totale | E4: PU | F4: Montant | G4: Secteurs/Images | H4: Observations
A5: SURV-001 | B5: Leve topographique detaille (altimetrie + planimetrie) | C5: lot | D5: =SUMIFS('Secteur A'!$H:$H,'Secteur A'!$C:$C,$A5)+SUMIFS('Secteur P'!$H:$H,'Secteur P'!$C:$C,$A5)+SUMIFS(Façade!$H:$H,Façade!$C:$C,$A5)+SUMIFS(Detail_facade_batim!$H:$H,Detail_facade_batim!$C:$C,$A5) | E5: 2500 | F5: =IF(E5="","",D5*E5) | G5: Facade batiment / zones drainage | H5: Prix indicatif QC (2025-2026), a valider par soumissions
A6: PREP-001 | B6: Mobilisation / installation de chantier | C6: lot | D6: =SUMIFS('Secteur A'!$H:$H,'Secteur A'!$C:$C,$A6)+SUMIFS('Secteur P'!$H:$H,'Secteur P'!$C:$C,$A6)+SUMIFS(Façade!$H:$H,Façade!$C:$C,$A6)+SUMIFS(Detail_facade_batim!$H:$H,Detail_facade_batim!$C:$C,$A6) | E6: 4500 | F6: =IF(E6="","",D6*E6) | G6: Tous secteurs | H6: Prix indicatif QC (2025-2026), a valider par soumissions
A7: PREP-002 | B7: Signalisation et maintien de la circulation | C7: lot | D7: =SUMIFS('Secteur A'!$H:$H,'Secteur A'!$C:$C,$A7)+SUMIFS('Secteur P'!$H:$H,'Secteur P'!$C:$C,$A7)+SUMIFS(Façade!$H:$H,Façade!$C:$C,$A7)+SUMIFS(Detail_facade_batim!$H:$H,Detail_facade_batim!$C:$C,$A7) | E7: 3000 | F7: =IF(E7="","",D7*E7) | G7: Tous secteurs | H7: Prix indicatif QC (2025-2026), a valider par soumissions
A8: SCI-001 | B8: Sciage de pavage | C8: m | D8: =SUMIFS('Secteur A'!$H:$H,'Secteur A'!$C:$C,$A8)+SUMIFS('Secteur P'!$H:$H,'Secteur P'!$C:$C,$A8)+SUMIFS(Façade!$H:$H,Façade!$C:$C,$A8)+SUMIFS(Detail_facade_batim!$H:$H,Detail_facade_batim!$C:$C,$A8) | E8: 45 | F8: =IF(E8="","",D8*E8) | G8: Zone de reprofilage | H8: Prix indicatif QC (2025-2026), a valider par soumissions
A9: DEM-001 | B9: Enlevement de pavage | C9: m2 | D9: =SUMIFS('Secteur A'!$H:$H,'Secteur A'!$C:$C,$A9)+SUMIFS('Secteur P'!$H:$H,'Secteur P'!$C:$C,$A9)+SUMIFS(Façade!$H:$H,Façade!$C:$C,$A9)+SUMIFS(Detail_facade_batim!$H:$H,Detail_facade_batim!$C:$C,$A9) | E9: 14 | F9: =IF(E9="","",D9*E9) | G9: Zone de reprofilage / secteurs A | H9: Prix indicatif QC (2025-2026), a valider par soumissions
A10: EXC-001 | B10: Excavation de tranchee pour reseau pluvial | C10: m3 | D10: =SUMIFS('Secteur A'!$H:$H,'Secteur A'!$C:$C,$A10)+SUMIFS('Secteur P'!$H:$H,'Secteur P'!$C:$C,$A10)+SUMIFS(Façade!$H:$H,Façade!$C:$C,$A10)+SUMIFS(Detail_facade_batim!$H:$H,Detail_facade_batim!$C:$C,$A10) | E10: 75 | F10: =IF(E10="","",D10*E10) | G10: Tous secteurs | H10: Prix indicatif QC (2025-2026), a valider par soumissions
A11: EXC-002 | B11: Hydro-excavation pour localisation de conduites existantes | C11: h | D11: =SUMIFS('Secteur A'!$H:$H,'Secteur A'!$C:$C,$A11)+SUMIFS('Secteur P'!$H:$H,'Secteur P'!$C:$C,$A11)+SUMIFS(Façade!$H:$H,Façade!$C:$C,$A11)+SUMIFS(Detail_facade_batim!$H:$H,Detail_facade_batim!$C:$C,$A11) | E11: 472 | F11: =IF(E11="","",D11*E11) | G11: Secteur Façade / raccord Ø1800 | H11: Prix indicatif QC (2025-2026), a valider par soumissions
A12: CAN-300 | B12: Fourniture et pose conduite pluviale DN300 | C12: m | D12: =SUMIFS('Secteur A'!$H:$H,'Secteur A'!$C:$C,$A12)+SUMIFS('Secteur P'!$H:$H,'Secteur P'!$C:$C,$A12)+SUMIFS(Façade!$H:$H,Façade!$C:$C,$A12)+SUMIFS(Detail_facade_batim!$H:$H,Detail_facade_batim!$C:$C,$A12) | E12: 150 | F12: =IF(E12="","",D12*E12) | G12: Secteurs avec conduites nouvelles | H12: Prix indicatif QC (2025-2026), a valider par soumissions
A13: CAN-375 | B13: Fourniture et pose raccord / conduite DN375 | C13: m | D13: =SUMIFS('Secteur A'!$H:$H,'Secteur A'!$C:$C,$A13)+SUMIFS('Secteur P'!$H:$H,'Secteur P'!$C:$C,$A13)+SUMIFS(Façade!$H:$H,Façade!$C:$C,$A13)+SUMIFS(Detail_facade_batim!$H:$H,Detail_facade_batim!$C:$C,$A13) | E13: 180 | F13: =IF(E13="","",D13*E13) | G13: Raccord propose | H13: Prix indicatif QC (2025-2026), a valider par soumissions
A14: REG-001 | B14: Regard RP-01 (ajustement / reconstruction locale) | C14: u | D14: =SUMIFS('Secteur A'!$H:$H,'Secteur A'!$C:$C,$A14)+SUMIFS('Secteur P'!$H:$H,'Secteur P'!$C:$C,$A14)+SUMIFS(Façade!$H:$H,Façade!$C:$C,$A14)+SUMIFS(Detail_facade_batim!$H:$H,Detail_facade_batim!$C:$C,$A14) | E14: 2500 | F14: =IF(E14="","",D14*E14) | G14: Noeud de repartition | H14: Prix indicatif QC (2025-2026), a valider par soumissions
A15: REG-002 | B15: Regard RP-02 avec clapet anti-retour | C15: u | D15: =SUMIFS('Secteur A'!$H:$H,'Secteur A'!$C:$C,$A15)+SUMIFS('Secteur P'!$H:$H,'Secteur P'!$C:$C,$A15)+SUMIFS(Façade!$H:$H,Façade!$C:$C,$A15)+SUMIFS(Detail_facade_batim!$H:$H,Detail_facade_batim!$C:$C,$A15) | E15: 4200 | F15: =IF(E15="","",D15*E15) | G15: Aval poste / reseau existant | H15: Prix indicatif QC (2025-2026), a valider par soumissions
A16: PUI-001 | B16: Nouveau puisard | C16: u | D16: =SUMIFS('Secteur A'!$H:$H,'Secteur A'!$C:$C,$A16)+SUMIFS('Secteur P'!$H:$H,'Secteur P'!$C:$C,$A16)+SUMIFS(Façade!$H:$H,Façade!$C:$C,$A16)+SUMIFS(Detail_facade_batim!$H:$H,Detail_facade_batim!$C:$C,$A16) | E16: 5000 | F16: =IF(E16="","",D16*E16) | G16: Secteur P | H16: Prix indicatif QC (2025-2026), a valider par soumissions
... A25: DOC-001 | B25: Plans finaux / dossier de recollement | C25: lot | D25: =SUMIFS('Secteur A'!$H:$H,'Secteur A'!$C:$C,$A25)+SUMIFS('Secteur P'!$H:$H,'Secteur P'!$C:$C,$A25)+SUMIFS(Façade!$H:$H,Façade!$C:$C,$A25)+SUMIFS(Detail_facade_batim!$H:$H,Detail_facade_batim!$C:$C,$A25) | E25: 4500 | F25: =IF(E25="","",D25*E25) | G25: Tous secteurs | H25: Prix indicatif QC (2025-2026), a valider par soumissions
D27: TOTAL | F27: =SUM(F5:F25)

Sheet Secteur A
A1: Detail quantites - Image1 (zone de reprofilage)
A3: ID_image | B3: Secteur | C3: Item | D3: Description | E3: Unite | F3: Quantite_mesuree | G3: Coef_ajustement | H3: Quantite_retenue | I3: Source / annotation | J3: Hypothese / commentaire
A4: fromMiddleZone.png | B4: Zone de reprofilage A | C4: SCI-001 | D4: Sciage de pavage | E4: m | F4: 99 | G4: 1 | H4: =IF(F4="","",F4*G4) | I4: Longueur a mesurer sur plan DAO/PDF
A5: fromMiddleZone.png | B5: Zone de reprofilage A | C5: DEM-001 | D5: Enlevement de pavage | E5: m2 | F5: 557 | G5: 1 | H5: =IF(F5="","",F5*G5) | I5: Image ajoutee: zone delimitee 557 m2 | J5: Hypothese: enlevement sur toute la zone reprise
A6: fromMiddleZone.png | B6: Zone de reprofilage A | C6: BORD-001 | D6: Reconstruction de bordure (si requise) | E6: m | F6: 0 | G6: 1 | H6: =IF(F6="","",F6*G6) | I6: Longueur conditionnelle selon etat existant
A7: fromMiddleZone.png | B7: Zone de reprofilage A | C7: REM-001 | D7: Remblai et materiaux granulaires | E7: m3 | F7: 0 | G7: 1 | H7: =IF(F7="","",F7*G7) | I7: Volume apres profils et epaisseur finale
A8: fromMiddleZone.png | B8: Zone de reprofilage A | C8: AJU-001 | D8: Ajustement d'ouvrages existants | E8: u | F8: 1 | G8: 1 | H8: =IF(F8="","",F8*G8) | I8: Minimum 1 unite, ajuster apres releve terrain
A9: fromMiddleZone.png | B9: Zone de reprofilage A | C9: PAV-001 | D9: Reprofilage / reprise de pavage (point bas a elev. 29,720 m) | E9: m2 | F9: 557 | G9: 1 | H9: =IF(F9="","",F9*G9) | I9: Image ajoutee: annotation 557 m2 + cote 29,720 | J9: Surface de reprise de pavage selon zone surlignee
A10: fromMiddleZone.png | B10: Zone de reprofilage A | C10: REF-001 | D10: Refection des surfaces (gazon, etc.) | E10: m2 | F10: 0 | G10: 1 | H10: =IF(F10="","",F10*G10) | I10: Si surfaces non pavees sont affectees | J10: A ajuster apres verification terrain
A11: Sous-total (controle) | H11: =SUM(H4:H10)

Sheet Secteur P
A1: Detail quantites - Detail_Image2
A3: ID_image | B3: Secteur | C3: Item | D3: Description | E3: Unite | F3: Quantite_mesuree | G3: Coef_ajustement | H3: Quantite_retenue | I3: Source / annotation | J3: Hypothese / commentaire
A4: saignée.png | B4: Secteur P haut | C4: PAV-001 | D4: Reprofilage / reprise de pavage | E4: m2 | F4: 84 | G4: 1 | H4: =IF(F4="","",F4*G4) | I4: Valeur lue sur plan annote
A5: saignée.png | B5: Secteur P bas | C5: PAV-001 | D5: Reprofilage / reprise de pavage | E5: m2 | F5: 80 | G5: 1 | H5: =IF(F5="","",F5*G5) | I5: Valeur lue sur plan annote
A6: saignée.png | B6: Secteur P | C6: PUI-001 | D6: Nouveau puisard | E6: u | F6: 1 | G6: 1 | H6: =IF(F6="","",F6*G6) | I6: A confirmer diametre et profondeur
A7: saignée.png | B7: Secteur P | C7: CAN-375 | D7: Raccord propose Ø375 | E7: m | F7: 0 | G7: 1 | H7: =IF(F7="","",F7*G7) | I7: Longueur a relever au plan topographique
A8: saignée.png | B8: Secteur P | C8: BOR-001 | D8: Saignee dans bordure | E8: m | F8: 0 | G8: 1 | H8: =IF(F8="","",F8*G8) | I8: Longueur a mesurer sur DAO/PDF origine
A9: saignée.png | B9: Secteur P | C9: DEM-001 | D9: Decoupage/demolition de pavage | E9: m2 | F9: 164 | G9: 1 | H9: =IF(F9="","",F9*G9) | I9: Hypothese initiale a ajuster selon limites exactes
A11: Sous-total (controle) | H11: =SUM(H4:H9)

Sheet Façade
A1: Detail quantites - Detail_Image3
A3: ID_image | B3: Secteur | C3: Item | D3: Description | E3: Unite | F3: Quantite_mesuree | G3: Coef_ajustement | H3: Quantite_retenue | I3: Source / annotation | J3: Hypothese / commentaire
A4: Facade_batim.jpg | B4: Secteur Façade | C4: EXC-002 | D4: Hydro-excavation localisation conduites existantes | E4: h | F4: 8 | G4: 1 | H4: =IF(F4="","",F4*G4) | I4: Hypothese de demarrage (8 h) a ajuster
A5: Facade_batim.jpg | B5: Secteur Façade | C5: RAC-001 | D5: Raccordement a conduite existante Ø1800 | E5: u | F5: 1 | G5: 1 | H5: =IF(F5="","",F5*G5) | I5: Interface avec reseau existant
A6: Facade_batim.jpg | B6: Secteur Façade | C6: CAN-300 | D6: Conduite DN300 (troncon repere 30.0) | E6: m | F6: 30 | G6: 1 | H6: =IF(F6="","",F6*G6) | I6: A confirmer par mesurage sur plan source
A7: Facade_batim.jpg | B7: Secteur Façade | C7: REG-001 | D7: Regard/interconnexion P-01 | E7: u | F7: 1 | G7: 1 | H7: =IF(F7="","",F7*G7) | I7: Ajustement ouvrage existant
A8: Facade_batim.jpg | B8: Secteur Façade | C8: REG-002 | D8: Regard/interconnexion P-02 | E8: u | F8: 1 | G8: 1 | H8: =IF(F8="","",F8*G8) | I8: Ajustement ouvrage existant
A9: Facade_batim.jpg | B9: Secteur Façade | C9: EXC-001 | D9: Excavation tranchee (a preciser) | E9: m3 | F9: 0 | G9: 1 | H9: =IF(F9="","",F9*G9) | I9: A quantifier apres profils/profondeurs
A11: Sous-total (controle) | H11: =SUM(H4:H9)

Sheet Detail_facade_batim
A1: Detail quantites - Detail_facade_batim
A3: ID_image | B3: Secteur | C3: Item | D3: Description | E3: Unite | F3: Quantite_mesuree | G3: Coef_ajustement | H3: Quantite_retenue | I3: Source / annotation | J3: Hypothese / commentaire
A4: facade_batim.jpg | B4: Facade batiment | C4: SURV-001 | D4: Leve topographique detaille pour estimation | E4: lot | F4: 1 | G4: 1 | H4: =IF(F4="","",F4*G4) | I4: Activite principale pour ce secteur
A5: facade_batim.jpg | B5: Facade batiment | C5: DOC-001 | D5: Plan de releve et rapport de points | E5: lot | F5: 1 | G5: 1 | H5: =IF(F5="","",F5*G5) | I5: Peut etre inclus dans SURV-001 selon contrat
A7: Sous-total (controle) | H7: =SUM(H4:H5)

Sheet Traceabilite
A1: Traceabilite des quantites et hypotheses
A3: Principe
A4: 1) Les quantites sont saisies par image/secteur dans les onglets Detail_*.
A5: 2) Quantite_retenue = Quantite_mesuree x Coef_ajustement.
A6: 3) Bordereau_prix consolide automatiquement les quantites par code Item.
A7: 4) Renseigner PU dans Bordereau_prix pour obtenir les montants.
A8: 5) Ajouter des lignes dans les onglets de detail pour de nouveaux travaux.
A10: Notes
A11: - Les valeurs a 0 indiquent un poste identifie mais non mesure a ce stade.
A12: - facade_batim.jpg: activite cle = leve topographique pour definir quantites/couts.
A13: - Remplacer les hypotheses par metrage DAO/terrain des que disponible.
A14: - Detail_Image1 a ete remplace par la zone de reprofilage (items de preparation/refection) selon la nouvelle image.
... A16: - La colonne PU contient des prix indicatifs Quebec (2025-2026) a valider par soumissions.

Sheet Catalogue_items
A1: Item | B1: Description | C1: Unite | D1: Perimetre/type
A2: SURV-001 | B2: Leve topographique detaille (altimetrie + planimetrie) | C2: lot | D2: Facade batiment / zones drainage
A3: PREP-001 | B3: Mobilisation / installation de chantier | C3: lot | D3: Tous secteurs
A4: PREP-002 | B4: Signalisation et maintien de la circulation | C4: lot | D4: Tous secteurs
A5: SCI-001 | B5: Sciage de pavage | C5: m | D5: Zone de reprofilage
A6: DEM-001 | B6: Enlevement de pavage | C6: m2 | D6: Zone de reprofilage / secteurs A
A7: EXC-001 | B7: Excavation de tranchee pour reseau pluvial | C7: m3 | D7: Tous secteurs
A8: EXC-002 | B8: Hydro-excavation pour localisation de conduites existantes | C8: h | D8: Secteur Façade / raccord Ø1800
A9: CAN-300 | B9: Fourniture et pose conduite pluviale DN300 | C9: m | D9: Secteurs avec conduites nouvelles
A10: CAN-375 | B10: Fourniture et pose raccord / conduite DN375 | C10: m | D10: Raccord propose
A11: REG-001 | B11: Regard RP-01 (ajustement / reconstruction locale) | C11: u | D11: Noeud de repartition
A12: REG-002 | B12: Regard RP-02 avec clapet anti-retour | C12: u | D12: Aval poste / reseau existant
... A22: DOC-001 | B22: Plans finaux / dossier de recollement | C22: lot | D22: Tous secteurs

Sheet Estimation_par_secteur
A1: ESTIMATION DES COUTS PAR SECTEUR
A3: Synthese des couts par secteur (CAD)
A4: Secteur A | B4: =SUM(F13:F33)
A5: Secteur P | B5: =SUM(H13:H33)
A6: Façade (reseau) | B6: =SUM(J13:J33)
A7: Façade (topo/doc) | B7: =SUM(L13:L33)
A8: TOTAL GENERAL | B8: =SUM(B4:B7)
A9: Controle vs Bordereau_prix | B9: =B8-Bordereau_prix!F27
A12: Item | B12: Description | C12: Unite | D12: PU | E12: Qte_A | F12: Cout_A | G12: Qte_P | H12: Cout_P | I12: Qte_Facade | J12: Cout_Facade | K12: Qte_Facade_detail | L12: Cout_Facade_detail | M12: Cout_total_item
A13: =Bordereau_prix!A5 | B13: =Bordereau_prix!B5 | C13: =Bordereau_prix!C5 | D13: =Bordereau_prix!E5 | E13: =SUMIFS('Secteur A'!$H:$H,'Secteur A'!$C:$C,$A13) | F13: =E13*D13 | G13: =SUMIFS('Secteur P'!$H:$H,'Secteur P'!$C:$C,$A13) | H13: =G13*D13 | I13: =SUMIFS(Façade!$H:$H,Façade!$C:$C,$A13) | J13: =I13*D13 | K13: =SUMIFS(Detail_facade_batim!$H:$H,Detail_facade_batim!$C:$C,$A13) | L13: =K13*D13 | M13: =SUM(F13,H13,J13,L13)
A14: =Bordereau_prix!A6 | B14: =Bordereau_prix!B6 | C14: =Bordereau_prix!C6 | D14: =Bordereau_prix!E6 | E14: =SUMIFS('Secteur A'!$H:$H,'Secteur A'!$C:$C,$A14) | F14: =E14*D14 | G14: =SUMIFS('Secteur P'!$H:$H,'Secteur P'!$C:$C,$A14) | H14: =G14*D14 | I14: =SUMIFS(Façade!$H:$H,Façade!$C:$C,$A14) | J14: =I14*D14 | K14: =SUMIFS(Detail_facade_batim!$H:$H,Detail_facade_batim!$C:$C,$A14) | L14: =K14*D14 | M14: =SUM(F14,H14,J14,L14)
A15: =Bordereau_prix!A7 | B15: =Bordereau_prix!B7 | C15: =Bordereau_prix!C7 | D15: =Bordereau_prix!E7 | E15: =SUMIFS('Secteur A'!$H:$H,'Secteur A'!$C:$C,$A15) | F15: =E15*D15 | G15: =SUMIFS('Secteur P'!$H:$H,'Secteur P'!$C:$C,$A15) | H15: =G15*D15 | I15: =SUMIFS(Façade!$H:$H,Façade!$C:$C,$A15) | J15: =I15*D15 | K15: =SUMIFS(Detail_facade_batim!$H:$H,Detail_facade_batim!$C:$C,$A15) | L15: =K15*D15 | M15: =SUM(F15,H15,J15,L15)
A16: =Bordereau_prix!A8 | B16: =Bordereau_prix!B8 | C16: =Bordereau_prix!C8 | D16: =Bordereau_prix!E8 | E16: =SUMIFS('Secteur A'!$H:$H,'Secteur A'!$C:$C,$A16) | F16: =E16*D16 | G16: =SUMIFS('Secteur P'!$H:$H,'Secteur P'!$C:$C,$A16) | H16: =G16*D16 | I16: =SUMIFS(Façade!$H:$H,Façade!$C:$C,$A16) | J16: =I16*D16 | K16: =SUMIFS(Detail_facade_batim!$H:$H,Detail_facade_batim!$C:$C,$A16) | L16: =K16*D16 | M16: =SUM(F16,H16,J16,L16)
A17: =Bordereau_prix!A9 | B17: =Bordereau_prix!B9 | C17: =Bordereau_prix!C9 | D17: =Bordereau_prix!E9 | E17: =SUMIFS('Secteur A'!$H:$H,'Secteur A'!$C:$C,$A17) | F17: =E17*D17 | G17: =SUMIFS('Secteur P'!$H:$H,'Secteur P'!$C:$C,$A17) | H17: =G17*D17 | I17: =SUMIFS(Façade!$H:$H,Façade!$C:$C,$A17) | J17: =I17*D17 | K17: =SUMIFS(Detail_facade_batim!$H:$H,Detail_facade_batim!$C:$C,$A17) | L17: =K17*D17 | M17: =SUM(F17,H17,J17,L17)
A18: =Bordereau_prix!A10 | B18: =Bordereau_prix!B10 | C18: =Bordereau_prix!C10 | D18: =Bordereau_prix!E10 | E18: =SUMIFS('Secteur A'!$H:$H,'Secteur A'!$C:$C,$A18) | F18: =E18*D18 | G18: =SUMIFS('Secteur P'!$H:$H,'Secteur P'!$C:$C,$A18) | H18: =G18*D18 | I18: =SUMIFS(Façade!$H:$H,Façade!$C:$C,$A18) | J18: =I18*D18 | K18: =SUMIFS(Detail_facade_batim!$H:$H,Detail_facade_batim!$C:$C,$A18) | L18: =K18*D18 | M18: =SUM(F18,H18,J18,L18)
A19: =Bordereau_prix!A11 | B19: =Bordereau_prix!B11 | C19: =Bordereau_prix!C11 | D19: =Bordereau_prix!E11 | E19: =SUMIFS('Secteur A'!$H:$H,'Secteur A'!$C:$C,$A19) | F19: =E19*D19 | G19: =SUMIFS('Secteur P'!$H:$H,'Secteur P'!$C:$C,$A19) | H19: =G19*D19 | I19: =SUMIFS(Façade!$H:$H,Façade!$C:$C,$A19) | J19: =I19*D19 | K19: =SUMIFS(Detail_facade_batim!$H:$H,Detail_facade_batim!$C:$C,$A19) | L19: =K19*D19 | M19: =SUM(F19,H19,J19,L19)
A20: =Bordereau_prix!A12 | B20: =Bordereau_prix!B12 | C20: =Bordereau_prix!C12 | D20: =Bordereau_prix!E12 | E20: =SUMIFS('Secteur A'!$H:$H,'Secteur A'!$C:$C,$A20) | F20: =E20*D20 | G20: =SUMIFS('Secteur P'!$H:$H,'Secteur P'!$C:$C,$A20) | H20: =G20*D20 | I20: =SUMIFS(Façade!$H:$H,Façade!$C:$C,$A20) | J20: =I20*D20 | K20: =SUMIFS(Detail_facade_batim!$H:$H,Detail_facade_batim!$C:$C,$A20) | L20: =K20*D20 | M20: =SUM(F20,H20,J20,L20)
A21: =Bordereau_prix!A13 | B21: =Bordereau_prix!B13 | C21: =Bordereau_prix!C13 | D21: =Bordereau_prix!E13 | E21: =SUMIFS('Secteur A'!$H:$H,'Secteur A'!$C:$C,$A21) | F21: =E21*D21 | G21: =SUMIFS('Secteur P'!$H:$H,'Secteur P'!$C:$C,$A21) | H21: =G21*D21 | I21: =SUMIFS(Façade!$H:$H,Façade!$C:$C,$A21) | J21: =I21*D21 | K21: =SUMIFS(Detail_facade_batim!$H:$H,Detail_facade_batim!$C:$C,$A21) | L21: =K21*D21 | M21: =SUM(F21,H21,J21,L21)
A22: =Bordereau_prix!A14 | B22: =Bordereau_prix!B14 | C22: =Bordereau_prix!C14 | D22: =Bordereau_prix!E14 | E22: =SUMIFS('Secteur A'!$H:$H,'Secteur A'!$C:$C,$A22) | F22: =E22*D22 | G22: =SUMIFS('Secteur P'!$H:$H,'Secteur P'!$C:$C,$A22) | H22: =G22*D22 | I22: =SUMIFS(Façade!$H:$H,Façade!$C:$C,$A22) | J22: =I22*D22 | K22: =SUMIFS(Detail_facade_batim!$H:$H,Detail_facade_batim!$C:$C,$A22) | L22: =K22*D22 | M22: =SUM(F22,H22,J22,L22)
A23: =Bordereau_prix!A15 | B23: =Bordereau_prix!B15 | C23: =Bordereau_prix!C15 | D23: =Bordereau_prix!E15 | E23: =SUMIFS('Secteur A'!$H:$H,'Secteur A'!$C:$C,$A23) | F23: =E23*D23 | G23: =SUMIFS('Secteur P'!$H:$H,'Secteur P'!$C:$C,$A23) | H23: =G23*D23 | I23: =SUMIFS(Façade!$H:$H,Façade!$C:$C,$A23) | J23: =I23*D23 | K23: =SUMIFS(Detail_facade_batim!$H:$H,Detail_facade_batim!$C:$C,$A23) | L23: =K23*D23 | M23: =SUM(F23,H23,J23,L23)
A24: =Bordereau_prix!A16 | B24: =Bordereau_prix!B16 | C24: =Bordereau_prix!C16 | D24: =Bordereau_prix!E16 | E24: =SUMIFS('Secteur A'!$H:$H,'Secteur A'!$C:$C,$A24) | F24: =E24*D24 | G24: =SUMIFS('Secteur P'!$H:$H,'Secteur P'!$C:$C,$A24) | H24: =G24*D24 | I24: =SUMIFS(Façade!$H:$H,Façade!$C:$C,$A24) | J24: =I24*D24 | K24: =SUMIFS(Detail_facade_batim!$H:$H,Detail_facade_batim!$C:$C,$A24) | L24: =K24*D24 | M24: =SUM(F24,H24,J24,L24)
... A33: =Bordereau_prix!A25 | B33: =Bordereau_prix!B25 | C33: =Bordereau_prix!C25 | D33: =Bordereau_prix!E25 | E33: =SUMIFS('Secteur A'!$H:$H,'Secteur A'!$C:$C,$A33) | F33: =E33*D33 | G33: =SUMIFS('Secteur P'!$H:$H,'Secteur P'!$C:$C,$A33) | H33: =G33*D33 | I33: =SUMIFS(Façade!$H:$H,Façade!$C:$C,$A33) | J33: =I33*D33 | K33: =SUMIFS(Detail_facade_batim!$H:$H,Detail_facade_batim!$C:$C,$A33) | L33: =K33*D33 | M33: =SUM(F33,H33,J33,L33)
A34: TOTAL | F34: =SUM(F13:F33) | H34: =SUM(H13:H33) | J34: =SUM(J13:J33) | L34: =SUM(L13:L33) | M34: =SUM(M13:M33)
A36: Note: cette feuille conserve la synthese globale et detaille la repartition des couts par secteur.
