Workbook

Sheet Parametres
A1: BIO-RÉTENTION — Dimensionnement v1 (formules Excel)
A2: But: estimer la surface filtrante Af et vérifier la vidange pour un volume de captage (qualité d'eau / petite pluie). Jaune = entrées. Vert = résultats. Adapter aux exigences municipales + CSA W200.
A5: 1) Bassin versant (jaune)
A6: Aire drainée Ad (m2) | B6: 2500
A7: Coefficient de ruissellement C (-) | B7: 0.7
A8: Profondeur de pluie de captage Rd (mm) | B8: 25 | C8: Souvent 25 mm (première chasse / WQ) — confirmer ville
A9: Facteur de captage η (-) | B9: 0.9 | C9: Fraction du volume théorique réellement ciblée (0.8–1.0)
A11: 2) Géométrie & sols (jaune)
A12: Profondeur d'ennoiement max dp (m) | B12: 0.3
A13: Profondeur média filtrant df (m) | B13: 0.6 | C13: 0.30 pelouse/toit · 0.60 arbustes · 1.00 arbres (STEP typique)
A14: Porosité effective média nf (-) | B14: 0.35
A15: Profondeur réservoir/gravier dr (m) | B15: 0.3
A16: Porosité effective réservoir nr (-) | B16: 0.4
A17: Profondeur mulch dm (m) | B17: 0.075
A18: Porosité mulch nm (-) | B18: 0.2
A19: Taux d'infiltration de conception f' (mm/h) | B19: 25 | C19: f' de conception (facteur de sécurité sur essai in situ)
A20: Temps de vidange max admis t_max (h) | B20: 48
A21: Sous-drain présent? (1=oui, 0=non) | B21: 1 | C21: 1 = underdrain (dr compte dans ds; tp = ennoiement). 0 = infiltration seule (dr exclu; tp = profil)
A23: 3) Résultats (formules live — dépendent de B21)
A24: Volume de captage Vcap (m3) | B24: =B9*B7*(B8/1000)*B6 | C24: Vcap = η × C × (Rd/1000) × Ad (indépendant de B21)
A25: Profondeur de stockage effective ds (m) | B25: =IF(B21=1,B12+B17*B18+B13*B14+B15*B16,B12+B17*B18+B13*B14) | C25: B21=1: ds=dp+dm·nm+df·nf+dr·nr · B21=0: sans dr·nr (pas de crédit réservoir drainé)
A26: Surface filtrante requise Af (m2) | B26: =IF(B25<=0,"ds=0",B24/B25) | C26: Af = Vcap / ds → augmente si B21=0 (ds plus petit)
A27: Ratio Af / Ad (%) | B27: =IF(B6<=0,0,100*B26/B6) | C27: Ordre de grandeur typique souvent 5–20 % selon Rd et C
A28: Temps de vidange gouvernant t_vid (h) | B28: =IF(B19<=0,"f'=0",IF(B21=1,B12/(B19/1000),(B12+B13*B14)/(B19/1000))) | C28: B21=1: t=dp/(f'/1000) · B21=0: t=(dp+df·nf)/(f'/1000) infiltration seule
A29: Temps média (+gravier si drain) tm (h) | B29: =IF(B19<=0,"f'=0",(B13*B14+IF(B21=1,B15*B16,0))/(B19/1000)) | C29: (df·nf + B21·dr·nr) / (f'/1000)
A30: Mode hydraulique | B30: =IF(B21=1,"Avec sous-drain (SWMM Drain coeff > 0)","Sans sous-drain (SWMM Drain coeff = 0)")
A31: Vidange OK vs t_max? | B31: =IF(OR(B28="f'=0",B28=""),"",IF(B28<=B20,"OUI — t_vid ≤ t_max","NON — ↑Af, ↓dp, ↑f' ou ajouter drain"))
A32: Longueur indicative L si largeur = 3 m | B32: 3
A33: Longueur L (m) pour largeur B32 | B33: =IF(B32<=0,"",B26/B32)
A35: Message produit
A36: Livrable: Af + Vcap + t_vid. B21 change ds/Af/t_vid. Pas un design final CSA W200 — valider f', plantation, prétraitement, trop-plein, municipalité.

Sheet Couches
A1: Profil de couches — volumes pour Af calculée
A2: Af = Parametres!B26. Stockage = Af × profondeur × porosité. Gravier crédité seulement si Parametres!B21=1 (sous-drain).
A4: Couche | B4: Profondeur (m) | C4: Porosité n | D4: Stockage (m3) | E4: Volume solide+vide (m3)
A5: Ennoiement (ponding) | B5: =Parametres!B12 | C5: 1 | D5: =Parametres!$B$26*B5*C5 | E5: =Parametres!$B$26*B5
A6: Mulch | B6: =Parametres!B17 | C6: =Parametres!B18 | D6: =Parametres!$B$26*B6*C6 | E6: =Parametres!$B$26*B6
A7: Média filtrant | B7: =Parametres!B13 | C7: =Parametres!B14 | D7: =Parametres!$B$26*B7*C7 | E7: =Parametres!$B$26*B7
A8: Réservoir / gravier (×B21) | B8: =Parametres!B15 | C8: =Parametres!B16 | D8: =Parametres!$B$21*Parametres!$B$26*B8*C8 | E8: =Parametres!$B$21*Parametres!$B$26*B8
A10: Stockage total crédité (m3) | B10: =SUM(D5:D8)
A11: Écart vs Vcap (m3) | B11: =B10-Parametres!B24 | C11: ≈ 0 si Af = Vcap/ds (gravier exclu quand B21=0)

Sheet Scenarios
A1: Scénarios rapides — même bassin, Rd variable
A2: Utile pour montrer au client: 15 / 25 / 40 mm. Les colonnes C–E sont des formules basées sur Parametres (même C, Ad, ds, f').
A5: Rd (mm) | B5: Vcap (m3) | C5: Af (m2) | D5: t_vid (h) | E5: Vidange OK?
A6: 15 | B6: =Parametres!$B$9*Parametres!$B$7*(A6/1000)*Parametres!$B$6 | C6: =IF(Parametres!$B$25<=0,0,B6/Parametres!$B$25) | D6: =IF(Parametres!$B$19<=0,0,IF(Parametres!$B$21=1,Parametres!$B$12/(Parametres!$B$19/1000),(Parametres!$B$12+Parametres!$B$13*Parametres!$B$14)/(Parametres!$B$19/1000))) | E6: =IF(D6<=Parametres!$B$20,"OUI","NON")
A7: 25 | B7: =Parametres!$B$9*Parametres!$B$7*(A7/1000)*Parametres!$B$6 | C7: =IF(Parametres!$B$25<=0,0,B7/Parametres!$B$25) | D7: =IF(Parametres!$B$19<=0,0,IF(Parametres!$B$21=1,Parametres!$B$12/(Parametres!$B$19/1000),(Parametres!$B$12+Parametres!$B$13*Parametres!$B$14)/(Parametres!$B$19/1000))) | E7: =IF(D7<=Parametres!$B$20,"OUI","NON")
A8: 40 | B8: =Parametres!$B$9*Parametres!$B$7*(A8/1000)*Parametres!$B$6 | C8: =IF(Parametres!$B$25<=0,0,B8/Parametres!$B$25) | D8: =IF(Parametres!$B$19<=0,0,IF(Parametres!$B$21=1,Parametres!$B$12/(Parametres!$B$19/1000),(Parametres!$B$12+Parametres!$B$13*Parametres!$B$14)/(Parametres!$B$19/1000))) | E8: =IF(D8<=Parametres!$B$20,"OUI","NON")
A11: Note: t_vid dépend de B21, dp, f' (et df·nf si B21=0) — pas de Rd. Colonne D identique par scénario. Af change avec ds(B21).

Sheet Methode
A1: Méthode — Bio-rétention v1
A3: Objectif commercial: pack Excel prêt à éditer (jaune) pour pré-dimensionner une cellule de bio-rétention.
A5: Formules (B21 = sous-drain 1/0):
A6: Vcap = η × C × (Rd/1000) × Ad (indépendant de B21)
A7: B21=1: ds = dp + dm·nm + df·nf + dr·nr
A8: B21=0: ds = dp + dm·nm + df·nf (pas de crédit réservoir drainé)
A9: Af = Vcap / ds
A10: B21=1: t_vid = dp / (f'/1000) (vidange d'ennoiement)
A11: B21=0: t_vid = (dp + df·nf) / (f'/1000) (infiltration seule)
A12: tm = (df·nf + B21·dr·nr) / (f'/1000)
A14: Lien SWMM LID (Drain tab):
A15: B21=1 → Drain Coefficient > 0 (underdrain actif)
... A34: Regénérer: python3 build_bioretention_excel.py

Sheet Checklist
A1: Checklist conception (rappels — vérifier CSA W200 + ville)
A3: Item | B3: OK? (jaune) | C3: Note
A4: Essai d'infiltration in situ → f' de conception documenté | B4: à faire
A5: Prétraitement (sédimentation) si voirie / abrasifs d'hiver | B5: à faire
A6: Trop-plein / bypass vers réseau pluvial existant | B6: à faire
A7: Sous-drain: diamètre, pente, enrobage, regard de nettoyage | B7: à faire
A8: Membrane / liner si biofiltre ou protection de fondations | B8: à faire
A9: Media mix (sable/fines/MO) adapté drainage vs traitement | B9: à faire
A10: Profondeur média vs type de végétation (herbe / arbuste / arbre) | B10: à faire
A11: Ennoiement max compatible sécurité / plantation | B11: à faire
A12: Temps de vidange ≤ exigence locale (ex. 24–48 h) | B12: à faire
A13: Accès entretien (paillis, décompression, vacuum) | B13: à faire
A14: Sel de déglaçage / espèces tolérantes (climat froid) | B14: à faire
A15: Raccordement légal au réseau / permis / limite de travaux | B15: à faire
