Workbook

Sheet Atlas des pluies (2)
A1: Calculs relatifs à un réseau d'égout pluvial
F2: Projet : | H2: Tarmac, Aéroport de St-Hubert | M2: Courbe AQUAIDF Aéroport de St-Hubert | R2: Période de retour: | S2: 0.2 | T2: ans
F3: No dossier : | H3: 2010-801 | Q3: I = A/(t+B)C
G4: Date : | H4: 40533 | M4: Bassin 5 à 60 minutes | Q4: Récurence | R4: A | S4: B | T4: C
Q5: 1/2 ans | R5: 603.83 | S5: 6.2 | T5: 0.794
Q6: 1/5 ans | R6: 509.21 | S6: 3.7 | T6: 0.683
Q7: 1/10 ans | R7: 508.07 | S7: 2.9 | T7: 0.644
Q8: 1/25 ans | R8: 515.88 | S8: 2.1 | T8: 0.607
Q9: 1/50 ans | R9: 548.6 | S9: 1.9 | T9: 0.595
Q10: 1/100 ans | R10: 569.21 | S10: 1.6 | T10: 0.579
R11: Coefficient de Manning: | S11: 0.012
A12: Calcul du débit | M12: Calcul des caractéristiques de la conduite | S12: Niveau du sol | U12: Hauteur de radier | W12: Couverture | Y12: Volume retenu dans les conduites
A13: Tronçon de conduite | D13: Temps de concentration | E13: Accroissement (DA) de l'aire à desservir | F13: Coefficient de ruissellement de DA | G13: Aire imperméables de DA | H13: Aire cumulative | I13: Aire imperméable cumulative | J13: Coefficient de ruissellement de A | K13: Intensité de précipitation | L13: Débit maximal = 2,75 x 10-3 AIR | M13: Pente de la conduite | N13: Diamètre nominal de la conduite | O13: Vitesse d'écoulement dans la conduite coulant à plein débit | P13: Longueur de la conduite | Q13: Temps d'écoulement dans la conduite (L/v) | R13: Capacité hydraulique de la conduite coulant à plein débit | S13: Amont | T13: Aval | U13: Amont | V13: Aval | W13: Amont | X13: Aval | Y13: Conduites | Z13: Diamètre de la bouche d'égouts | AA13: Volume de la bouche d'égouts | AB13: Vérification de la capacité de la conduite Qp > Qmax
D14: tc | E14: DA | F14: RT | G14: DART | H14: A | I14: AR | J14: R | K14: I | L14: Qmax | M14: s | N14: dnom | O14: v | P14: L | Q14: tf | R14: Qp
D15: (min) | E15: (ha) | G15: (ha) | H15: (ha) | I15: (ha) | K15: (mm/h) | L15: (m3/s) | M15: (m/m) | N15: (mm) | O15: (m/s) | P15: (m) | Q15: (min) | R15: (m3/s) | S15: (m) | T15: (m) | U15: (m) | V15: (m) | W15: (m) | X15: (m) | Y15: (m3) | Z15: (m) | AA15: (m3)
A18: P-01 | B18: @ | C18: P-02 | D18: ='Temps de concentration'!B7 -> 3.1284756 | E18: ='Temps de concentration'!B6 -> 0.155054 | F18: 0.95 | G18: =+E18*F18 -> 0.1473013 | H18: =+E18 -> 0.155054 | I18: =+G18 -> 0.1473013 | J18: =+I18/H18 -> 0.95 | K18: =(($R$5*($S$2=1/2)+$R$6*($S$2=1/5)+$R$7*($S$2=1/10)+$R$8*($S$2=1/25)+$R$9*($S$2=1/50)+$R$10*($S$2=1/100))/(D18+($S$5*($S$2=1/2)+$S$6*($S$2=1/5)+$S$7*($S$2=1/10)+$S$8*($S$2=1/25)+$S$9*($S$2=1/50)+$S$10*($S$2=1/100)))^($T$5*($S$2=1/2)+$T$6*($S$2=1/5)+$T$7*($S$2=1/10)+$T$8*($S$2=1/25)+$T$9*($S$2=1/50)+$T$10*($S$2=1/100))) -> 137.10516 | L18: =0.00275*H18*J18*K18 -> 0.055538362 | M18: 0.005 | N18: 300 | O18: =+((N18/4000)^(2/3)*SQRT(M18))/$S$11 -> 1.0479597 | P18: 11 | Q18: =+P18/(O18*60) -> 0.17494311 | R18: =+O18*(PI()*(N18/1000)^2/4) -> 0.074075909 | AB18: =+R18>L18 -> 1
A19: P-02 | B19: @ | C19: RPP-03 | D19: ='Temps de concentration'!C7 -> 2.5625656 | E19: ='Temps de concentration'!C6 -> 0.139023 | F19: 0.95 | G19: =+E19*F19 -> 0.13207185 | H19: =+E19 -> 0.139023 | I19: =+G19 -> 0.13207185 | J19: =+I19/H19 -> 0.95 | K19: =(($R$5*($S$2=1/2)+$R$6*($S$2=1/5)+$R$7*($S$2=1/10)+$R$8*($S$2=1/25)+$R$9*($S$2=1/50)+$R$10*($S$2=1/100))/(D19+($S$5*($S$2=1/2)+$S$6*($S$2=1/5)+$S$7*($S$2=1/10)+$S$8*($S$2=1/25)+$S$9*($S$2=1/50)+$S$10*($S$2=1/100)))^($T$5*($S$2=1/2)+$T$6*($S$2=1/5)+$T$7*($S$2=1/10)+$T$8*($S$2=1/25)+$T$9*($S$2=1/50)+$T$10*($S$2=1/100))) -> 145.45046 | L19: =(0.00275*H19*J19*K19) -> 0.052827258 | M19: 0.002 | N19: 0 | O19: =+((N19/4000)^(2/3)*SQRT(M19))/$S$11 -> 0 | P19: 40 | Q19: =+P19/(O19*60) -> #DIV/0! | R19: =+O19*(PI()*(N19/1000)^2/4) -> 0 | AB19: =+R19>L19 -> 0
A20: RPP-03 | B20: @ | C20: Réseau | D20: ='Temps de concentration'!D7 -> 2.69246 | E20: ='Temps de concentration'!D6 -> 0 | F20: 0.95 | G20: =+E20*F20 -> 0 | H20: =+E20 -> 0 | I20: =+G20 -> 0 | J20: =+I20/H20 -> #DIV/0! | K20: =(($R$5*($S$2=1/2)+$R$6*($S$2=1/5)+$R$7*($S$2=1/10)+$R$8*($S$2=1/25)+$R$9*($S$2=1/50)+$R$10*($S$2=1/100))/(D20+($S$5*($S$2=1/2)+$S$6*($S$2=1/5)+$S$7*($S$2=1/10)+$S$8*($S$2=1/25)+$S$9*($S$2=1/50)+$S$10*($S$2=1/100)))^($T$5*($S$2=1/2)+$T$6*($S$2=1/5)+$T$7*($S$2=1/10)+$T$8*($S$2=1/25)+$T$9*($S$2=1/50)+$T$10*($S$2=1/100))) -> 143.42527 | L20: =0.00275*H20*J20*K20 -> #DIV/0! | M20: 0.002 | N20: 0 | O20: =+((N20/4000)^(2/3)*SQRT(M20))/$S$11 -> 0 | P20: 11.3 | Q20: =+P20/(O20*60) -> #DIV/0! | R20: =+O20*(PI()*(N20/1000)^2/4) -> 0 | AB20: =+R20>L20 -> #DIV/0!
A21: P-05 | B21: @ | C21: Réseau | D21: ='Temps de concentration'!E7 -> #DIV/0! | E21: ='Temps de concentration'!E6 -> 0 | F21: 0.95 | G21: =+E21*F21 -> 0 | H21: =+E21 -> 0 | I21: =+G21 -> 0 | J21: =+I21/H21 -> #DIV/0! | K21: =(($R$5*($S$2=1/2)+$R$6*($S$2=1/5)+$R$7*($S$2=1/10)+$R$8*($S$2=1/25)+$R$9*($S$2=1/50)+$R$10*($S$2=1/100))/(D21+($S$5*($S$2=1/2)+$S$6*($S$2=1/5)+$S$7*($S$2=1/10)+$S$8*($S$2=1/25)+$S$9*($S$2=1/50)+$S$10*($S$2=1/100)))^($T$5*($S$2=1/2)+$T$6*($S$2=1/5)+$T$7*($S$2=1/10)+$T$8*($S$2=1/25)+$T$9*($S$2=1/50)+$T$10*($S$2=1/100))) -> #DIV/0! | L21: =0.00275*H21*J21*K21 -> #DIV/0! | M21: 0.002 | N21: 0 | O21: =+((N21/4000)^(2/3)*SQRT(M21))/$S$11 -> 0 | P21: 39.4 | Q21: =+P21/(O21*60) -> #DIV/0! | R21: =+O21*(PI()*(N21/1000)^2/4) -> 0 | AB21: =+R21>L21 -> #DIV/0!
A22: P-06 | B22: @ | C22: Réseau | D22: ='Temps de concentration'!F7 -> #DIV/0! | E22: ='Temps de concentration'!F6 -> 0 | F22: 0.95 | G22: =+E22*F22 -> 0 | H22: =+E22 -> 0 | I22: =+G22 -> 0 | J22: =+I22/H22 -> #DIV/0! | K22: =(($R$5*($S$2=1/2)+$R$6*($S$2=1/5)+$R$7*($S$2=1/10)+$R$8*($S$2=1/25)+$R$9*($S$2=1/50)+$R$10*($S$2=1/100))/(D22+($S$5*($S$2=1/2)+$S$6*($S$2=1/5)+$S$7*($S$2=1/10)+$S$8*($S$2=1/25)+$S$9*($S$2=1/50)+$S$10*($S$2=1/100)))^($T$5*($S$2=1/2)+$T$6*($S$2=1/5)+$T$7*($S$2=1/10)+$T$8*($S$2=1/25)+$T$9*($S$2=1/50)+$T$10*($S$2=1/100))) -> #DIV/0! | L22: =0.00275*H22*J22*K22 -> #DIV/0! | M22: 0.002 | N22: 0 | O22: =+((N22/4000)^(2/3)*SQRT(M22))/$S$11 -> 0 | P22: 11.9 | Q22: =+P22/(O22*60) -> #DIV/0! | R22: =+O22*(PI()*(N22/1000)^2/4) -> 0 | AB22: =+R22>L22 -> #DIV/0!
A23: P-08 | B23: @ | C23: Réseau | D23: ='Temps de concentration'!G7 -> #DIV/0! | E23: ='Temps de concentration'!G6 -> 0 | F23: 0.95 | G23: =+E23*F23 -> 0 | H23: =+E23 -> 0 | I23: =+G23 -> 0 | J23: =+I23/H23 -> #DIV/0! | K23: =(($R$5*($S$2=1/2)+$R$6*($S$2=1/5)+$R$7*($S$2=1/10)+$R$8*($S$2=1/25)+$R$9*($S$2=1/50)+$R$10*($S$2=1/100))/(D23+($S$5*($S$2=1/2)+$S$6*($S$2=1/5)+$S$7*($S$2=1/10)+$S$8*($S$2=1/25)+$S$9*($S$2=1/50)+$S$10*($S$2=1/100)))^($T$5*($S$2=1/2)+$T$6*($S$2=1/5)+$T$7*($S$2=1/10)+$T$8*($S$2=1/25)+$T$9*($S$2=1/50)+$T$10*($S$2=1/100))) -> #DIV/0! | L23: =0.00275*H23*J23*K23 -> #DIV/0! | M23: 0.002 | N23: 0 | O23: =+((N23/4000)^(2/3)*SQRT(M23))/$S$11 -> 0 | P23: 38.9 | Q23: =+P23/(O23*60) -> #DIV/0! | R23: =+O23*(PI()*(N23/1000)^2/4) -> 0 | AB23: =+R23>L23 -> #DIV/0!
A24: P-09 | B24: @ | C24: Réseau | D24: ='Temps de concentration'!H7 -> 2.6538819 | E24: ='Temps de concentration'!H6 -> 0 | F24: 0.95 | G24: =+E24*F24 -> 0 | H24: =+E24 -> 0 | I24: =+G24 -> 0 | J24: =+I24/H24 -> #DIV/0! | K24: =(($R$5*($S$2=1/2)+$R$6*($S$2=1/5)+$R$7*($S$2=1/10)+$R$8*($S$2=1/25)+$R$9*($S$2=1/50)+$R$10*($S$2=1/100))/(D24+($S$5*($S$2=1/2)+$S$6*($S$2=1/5)+$S$7*($S$2=1/10)+$S$8*($S$2=1/25)+$S$9*($S$2=1/50)+$S$10*($S$2=1/100)))^($T$5*($S$2=1/2)+$T$6*($S$2=1/5)+$T$7*($S$2=1/10)+$T$8*($S$2=1/25)+$T$9*($S$2=1/50)+$T$10*($S$2=1/100))) -> 144.01946 | L24: =0.00275*H24*J24*K24 -> #DIV/0! | M24: 0.002 | N24: 0 | O24: =+((N24/4000)^(2/3)*SQRT(M24))/$S$11 -> 0 | P24: 39.4 | Q24: =+P24/(O24*60) -> #DIV/0! | R24: =+O24*(PI()*(N24/1000)^2/4) -> 0 | AB24: =+R24>L24 -> #DIV/0!
A25: P-10 | B25: @ | C25: Réseau | D25: ='Temps de concentration'!I7 -> #DIV/0! | E25: ='Temps de concentration'!I6 -> 0 | F25: 0.95 | G25: =+E25*F25 -> 0 | H25: =+E25 -> 0 | I25: =+G25 -> 0 | J25: =+I25/H25 -> #DIV/0! | K25: =(($R$5*($S$2=1/2)+$R$6*($S$2=1/5)+$R$7*($S$2=1/10)+$R$8*($S$2=1/25)+$R$9*($S$2=1/50)+$R$10*($S$2=1/100))/(D25+($S$5*($S$2=1/2)+$S$6*($S$2=1/5)+$S$7*($S$2=1/10)+$S$8*($S$2=1/25)+$S$9*($S$2=1/50)+$S$10*($S$2=1/100)))^($T$5*($S$2=1/2)+$T$6*($S$2=1/5)+$T$7*($S$2=1/10)+$T$8*($S$2=1/25)+$T$9*($S$2=1/50)+$T$10*($S$2=1/100))) -> #DIV/0! | L25: =0.00275*H25*J25*K25 -> #DIV/0! | M25: 0.002 | N25: 0 | O25: =+((N25/4000)^(2/3)*SQRT(M25))/$S$11 -> 0 | P25: 13 | Q25: =+P25/(O25*60) -> #DIV/0! | R25: =+O25*(PI()*(N25/1000)^2/4) -> 0 | AB25: =+R25>L25 -> #DIV/0!
A27: P-02 | B27: @ | C27: RPP-03 | D27: =D18+D19 -> 5.6910411 | E27: =E19+E20 -> 0.139023 | F27: 0.95 | G27: =+E27*F27 -> 0.13207185 | H27: =E27+E18 -> 0.294077 | I27: =I18+I19+I20 -> 0.27937315 | J27: =+I27/H27 -> 0.95 | K27: =(($R$5*($S$2=1/2)+$R$6*($S$2=1/5)+$R$7*($S$2=1/10)+$R$8*($S$2=1/25)+$R$9*($S$2=1/50)+$R$10*($S$2=1/100))/(D27+($S$5*($S$2=1/2)+$S$6*($S$2=1/5)+$S$7*($S$2=1/10)+$S$8*($S$2=1/25)+$S$9*($S$2=1/50)+$S$10*($S$2=1/100)))^($T$5*($S$2=1/2)+$T$6*($S$2=1/5)+$T$7*($S$2=1/10)+$T$8*($S$2=1/25)+$T$9*($S$2=1/50)+$T$10*($S$2=1/100))) -> 110.28931 | L27: =0.00275*H27*J27*K27 -> 0.084732651 | M27: 0.005 | N27: 450 | O27: =+((N27/4000)^(2/3)*SQRT(M27))/$S$11 -> 1.3732157 | P27: 67 | Q27: =+P27/(O27*60) -> 0.81317643 | R27: =+O27*(PI()*(N27/1000)^2/4) -> 0.21840053 | AB27: =+R27>L27 -> 1
A28: RP-07 | B28: @ | C28: RP-11 | D28: =D18+Q18+Q27 -> 4.1165951 | E28: =E21+E22+E23+E24 -> 0 | F28: 0.95 | G28: =+E28*F28 -> 0 | H28: =H27+E28 -> 0.294077 | I28: =I27+I21+I22+I23+I24 -> 0.27937315 | J28: =+I28/H28 -> 0.95 | K28: =(($R$5*($S$2=1/2)+$R$6*($S$2=1/5)+$R$7*($S$2=1/10)+$R$8*($S$2=1/25)+$R$9*($S$2=1/50)+$R$10*($S$2=1/100))/(D28+($S$5*($S$2=1/2)+$S$6*($S$2=1/5)+$S$7*($S$2=1/10)+$S$8*($S$2=1/25)+$S$9*($S$2=1/50)+$S$10*($S$2=1/100)))^($T$5*($S$2=1/2)+$T$6*($S$2=1/5)+$T$7*($S$2=1/10)+$T$8*($S$2=1/25)+$T$9*($S$2=1/50)+$T$10*($S$2=1/100))) -> 125.01608 | L28: =0.00275*H28*J28*K28 -> 0.096046878 | M28: 0.005 | N28: 600 | O28: =+((N28/4000)^(2/3)*SQRT(M28))/$S$11 -> 1.6635324 | P28: 74 | Q28: =+P28/(O28*60) -> 0.74139424 | R28: =+O28*(PI()*(N28/1000)^2/4) -> 0.4703527 | AB28: =+R28>L28 -> 1
A29: RP-11 | B29: @ | C29: RP-14 | D29: =D18+Q18+Q27+Q28 -> 4.8579893 | E29: =E25 -> 0 | F29: 0.95 | G29: =+E29*F29 -> 0 | H29: =H28+E29 -> 0.294077 | I29: =I28+I25 -> 0.27937315 | J29: =+I29/H29 -> 0.95 | K29: =(($R$5*($S$2=1/2)+$R$6*($S$2=1/5)+$R$7*($S$2=1/10)+$R$8*($S$2=1/25)+$R$9*($S$2=1/50)+$R$10*($S$2=1/100))/(D29+($S$5*($S$2=1/2)+$S$6*($S$2=1/5)+$S$7*($S$2=1/10)+$S$8*($S$2=1/25)+$S$9*($S$2=1/50)+$S$10*($S$2=1/100)))^($T$5*($S$2=1/2)+$T$6*($S$2=1/5)+$T$7*($S$2=1/10)+$T$8*($S$2=1/25)+$T$9*($S$2=1/50)+$T$10*($S$2=1/100))) -> 117.5133 | L29: =0.00275*H29*J29*K29 -> 0.090282668 | M29: 0.005 | N29: 600 | O29: =+((N29/4000)^(2/3)*SQRT(M29))/$S$11 -> 1.6635324 | P29: 74 | Q29: =+P29/(O29*60) -> 0.74139424 | R29: =+O29*(PI()*(N29/1000)^2/4) -> 0.4703527 | AB29: =+R29>L29 -> 1
A30: RP-11 | B30: @ | C30: RP-14 | D30: =D18+Q18+Q27+Q28 -> 4.8579893 | E30: =E29 -> 0 | F30: 0.95 | G30: =+E30*F30 -> 0 | H30: =H29+E30 -> 0.294077 | I30: =I29+I26 -> 0.27937315 | J30: =+I30/H30 -> 0.95 | K30: =(($R$5*($S$2=1/2)+$R$6*($S$2=1/5)+$R$7*($S$2=1/10)+$R$8*($S$2=1/25)+$R$9*($S$2=1/50)+$R$10*($S$2=1/100))/(D30+($S$5*($S$2=1/2)+$S$6*($S$2=1/5)+$S$7*($S$2=1/10)+$S$8*($S$2=1/25)+$S$9*($S$2=1/50)+$S$10*($S$2=1/100)))^($T$5*($S$2=1/2)+$T$6*($S$2=1/5)+$T$7*($S$2=1/10)+$T$8*($S$2=1/25)+$T$9*($S$2=1/50)+$T$10*($S$2=1/100))) -> 117.5133 | L30: =(0.00275*H30*J30*K30)-(10.8/1000) -> 0.079482668 | M30: 0.005 | N30: 600 | O30: =+((N30/4000)^(2/3)*SQRT(M30))/$S$11 -> 1.6635324 | P30: 74 | Q30: =+P30/(O30*60) -> 0.74139424 | R30: =+O30*(PI()*(N30/1000)^2/4) -> 0.4703527 | AB30: =+R30>L30 -> 1
A32: RP-01 | B32: @ | C32: RP-14 | D32: ='Temps de concentration'!K7 -> #DIV/0! | E32: ='Temps de concentration'!K6 -> 0.294077 | F32: 0.95 | G32: =+E32*F32 -> 0.27937315 | H32: =E32 -> 0.294077 | I32: =G32 -> 0.27937315 | J32: =+I32/H32 -> 0.95 | K32: =(($R$5*($S$2=1/2)+$R$6*($S$2=1/5)+$R$7*($S$2=1/10)+$R$8*($S$2=1/25)+$R$9*($S$2=1/50)+$R$10*($S$2=1/100))/(D32+($S$5*($S$2=1/2)+$S$6*($S$2=1/5)+$S$7*($S$2=1/10)+$S$8*($S$2=1/25)+$S$9*($S$2=1/50)+$S$10*($S$2=1/100)))^($T$5*($S$2=1/2)+$T$6*($S$2=1/5)+$T$7*($S$2=1/10)+$T$8*($S$2=1/25)+$T$9*($S$2=1/50)+$T$10*($S$2=1/100))) -> #DIV/0! | L32: =0.00275*H32*J32*K32 -> #DIV/0! | M32: 0.002 | N32: 750 | O32: =+((N32/4000)^(2/3)*SQRT(M32))/$S$11 -> 1.2208658 | P32: 74 | Q32: =+P32/(O32*60) -> 1.010212 | R32: =+O32*(PI()*(N32/1000)^2/4) -> 0.53936199 | AB32: =+R32>L32 -> #DIV/0!
F81: *
F173: ,0,

Sheet Temps de concentration
K1: Préparé par:
K2: Vérifié par:
A4: Paramètres | B4: Sous-Bassins
B5: P-01 | C5: P-02 | D5: RPP-03 | E5: P-05 | F5: P-06 | G5: P-08 | H5: P09 | I5: P-10 | K5: test
A6: Aire (ha) | B6: =1550.54/10000 -> 0.155054 | C6: =1390.23/10000 -> 0.139023 | D6: 0 | E6: 0 | F6: 0 | G6: 0 | H6: 0 | I6: 0 | K6: =SUM(B6:I6) -> 0.294077
A7: temps d'entrée (min.) | B7: =((2.187*B10*B11)/(B12)^0.5)^0.467 -> 3.1284756 | C7: =((2.187*C10*C11)/(C12)^0.5)^0.467 -> 2.5625656 | D7: =((2.187*D10*D11)/(D12)^0.5)^0.467 -> 2.69246 | E7: =((2.187*E10*E11)/(E12)^0.5)^0.467 -> #DIV/0! | F7: =((2.187*F10*F11)/(F12)^0.5)^0.467 -> #DIV/0! | G7: =((2.187*G10*G11)/(G12)^0.5)^0.467 -> #DIV/0! | H7: =((2.187*H10*H11)/(H12)^0.5)^0.467 -> 2.6538819 | I7: =((2.187*I10*I11)/(I12)^0.5)^0.467 -> #DIV/0! | K7: =((2.187*K10*K11)/(K12)^0.5)^0.467 -> #DIV/0!
A8: Coef. Ruissellement | B8: 0.95 | C8: 0.95 | D8: 0.95 | E8: 0.95 | F8: 0.95 | G8: 0.95 | H8: 0.95 | I8: 0.95 | K8: 0.95
A10: L (m) | B10: 53 | C10: 42.153 | D10: 45.78 | E10: 0 | F10: 0 | G10: 0 | H10: 13.07 | I10: 0 | K10: 0
A11: n | B11: 0.02 | C11: 0.02 | D11: 0.02 | E11: 0.02 | F11: 0.02 | G11: 0.02 | H11: 0.02 | I11: 0.02 | K11: 0.02
A12: s (m/m) | B12: =(29.674-27.52)/B10 -> 0.040641509 | C12: =(29.767-27.22)/C10 -> 0.060422746 | D12: =(30.11-27.47)/D10 -> 0.057667104 | E12: =(27.35-26.55)/E10 -> #DIV/0! | F12: =(26.94-26.6)/F10 -> #DIV/0! | G12: =(26.75-26.55)/G10 -> #DIV/0! | H12: 0.005 | I12: =(26.87-26.55)/I10 -> #DIV/0! | K12: =(26.73-26.55)/K10 -> #DIV/0!
