Workbook

Sheet Resultats
A1: RÉSULTATS — fossé trapézoïdal (formules courtes)
A2: Jaune = y choisi et x trouvé (Valeur cible). Vert = formules simples A, P, R, Tw, Q, V.
A3: Paramètres: | B3: Q= | C3: =Inputs!B4 | D3: S= | E3: =Inputs!B5 | F3: n= | G3: =Inputs!B6 | H3: z= | I3: =Inputs!B7
A5: y eau (m) | B5: x fond (m) | C5: A (m²) | D5: P (m) | E5: R (m) | F5: Tw (m) | G5: Q calc (m³/s) | H5: V (m/s) | I5: Écart Q | J5: OK?
A6: 0.2 | B6: 11.917 | C6: =($B6+$I$3*$A6)*$A6 | D6: =$B6+2*$A6*SQRT(1+$I$3^2) | E6: =C6/D6 | F6: =$B6+2*$I$3*$A6 | G6: =(1/$G$3)*C6*E6^(2/3)*SQRT($E$3) | H6: =G6/C6 | I6: =(G6-$C$3)/$C$3 | J6: =IF(ABS(I6)<0.001,"OK","revoir x")
A7: 0.25 | B7: 8.161 | C7: =($B7+$I$3*$A7)*$A7 | D7: =$B7+2*$A7*SQRT(1+$I$3^2) | E7: =C7/D7 | F7: =$B7+2*$I$3*$A7 | G7: =(1/$G$3)*C7*E7^(2/3)*SQRT($E$3) | H7: =G7/C7 | I7: =(G7-$C$3)/$C$3 | J7: =IF(ABS(I7)<0.001,"OK","revoir x")
A8: 0.3 | B8: 5.956 | C8: =($B8+$I$3*$A8)*$A8 | D8: =$B8+2*$A8*SQRT(1+$I$3^2) | E8: =C8/D8 | F8: =$B8+2*$I$3*$A8 | G8: =(1/$G$3)*C8*E8^(2/3)*SQRT($E$3) | H8: =G8/C8 | I8: =(G8-$C$3)/$C$3 | J8: =IF(ABS(I8)<0.001,"OK","revoir x")
A9: 0.35 | B9: 4.529 | C9: =($B9+$I$3*$A9)*$A9 | D9: =$B9+2*$A9*SQRT(1+$I$3^2) | E9: =C9/D9 | F9: =$B9+2*$I$3*$A9 | G9: =(1/$G$3)*C9*E9^(2/3)*SQRT($E$3) | H9: =G9/C9 | I9: =(G9-$C$3)/$C$3 | J9: =IF(ABS(I9)<0.001,"OK","revoir x")
A10: 0.4 | B10: 3.534 | C10: =($B10+$I$3*$A10)*$A10 | D10: =$B10+2*$A10*SQRT(1+$I$3^2) | E10: =C10/D10 | F10: =$B10+2*$I$3*$A10 | G10: =(1/$G$3)*C10*E10^(2/3)*SQRT($E$3) | H10: =G10/C10 | I10: =(G10-$C$3)/$C$3 | J10: =IF(ABS(I10)<0.001,"OK","revoir x")
A11: 0.5 | B11: 2.233 | C11: =($B11+$I$3*$A11)*$A11 | D11: =$B11+2*$A11*SQRT(1+$I$3^2) | E11: =C11/D11 | F11: =$B11+2*$I$3*$A11 | G11: =(1/$G$3)*C11*E11^(2/3)*SQRT($E$3) | H11: =G11/C11 | I11: =(G11-$C$3)/$C$3 | J11: =IF(ABS(I11)<0.001,"OK","revoir x")
A12: 0.6 | B12: 1.398 | C12: =($B12+$I$3*$A12)*$A12 | D12: =$B12+2*$A12*SQRT(1+$I$3^2) | E12: =C12/D12 | F12: =$B12+2*$I$3*$A12 | G12: =(1/$G$3)*C12*E12^(2/3)*SQRT($E$3) | H12: =G12/C12 | I12: =(G12-$C$3)/$C$3 | J12: =IF(ABS(I12)<0.001,"OK","revoir x")
A13: 0.7 | B13: 0.792 | C13: =($B13+$I$3*$A13)*$A13 | D13: =$B13+2*$A13*SQRT(1+$I$3^2) | E13: =C13/D13 | F13: =$B13+2*$I$3*$A13 | G13: =(1/$G$3)*C13*E13^(2/3)*SQRT($E$3) | H13: =G13/C13 | I13: =(G13-$C$3)/$C$3 | J13: =IF(ABS(I13)<0.001,"OK","revoir x")
A14: 0.76 | B14: 0.492 | C14: =($B14+$I$3*$A14)*$A14 | D14: =$B14+2*$A14*SQRT(1+$I$3^2) | E14: =C14/D14 | F14: =$B14+2*$I$3*$A14 | G14: =(1/$G$3)*C14*E14^(2/3)*SQRT($E$3) | H14: =G14/C14 | I14: =(G14-$C$3)/$C$3 | J14: =IF(ABS(I14)<0.001,"OK","revoir x")
A15: 0.8 | B15: 0.311 | C15: =($B15+$I$3*$A15)*$A15 | D15: =$B15+2*$A15*SQRT(1+$I$3^2) | E15: =C15/D15 | F15: =$B15+2*$I$3*$A15 | G15: =(1/$G$3)*C15*E15^(2/3)*SQRT($E$3) | H15: =G15/C15 | I15: =(G15-$C$3)/$C$3 | J15: =IF(ABS(I15)<0.001,"OK","revoir x")
A16: 0.9 | B16: 0 | C16: =($B16+$I$3*$A16)*$A16 | D16: =$B16+2*$A16*SQRT(1+$I$3^2) | E16: =C16/D16 | F16: =$B16+2*$I$3*$A16 | G16: =(1/$G$3)*C16*E16^(2/3)*SQRT($E$3) | H16: =G16/C16 | I16: =(G16-$C$3)/$C$3 | J16: =IF(ABS(I16)<0.001,"OK","revoir x")
A17: 1 | B17: 0 | C17: =($B17+$I$3*$A17)*$A17 | D17: =$B17+2*$A17*SQRT(1+$I$3^2) | E17: =C17/D17 | F17: =$B17+2*$I$3*$A17 | G17: =(1/$G$3)*C17*E17^(2/3)*SQRT($E$3) | H17: =G17/C17 | I17: =(G17-$C$3)/$C$3 | J17: =IF(ABS(I17)<0.001,"OK","revoir x")
A20: FOCUS 0.20 / 0.30 / 0.40 m (mêmes lignes que le tableau)
A21: y (m) | B21: x (m) | C21: A (m²) | D21: P (m) | E21: R (m) | F21: Tw (m) | G21: Q (m³/s) | H21: V (m/s)
A22: 0.2 | B22: =IFERROR(INDEX(B$6:B$17,MATCH(A22,$A$6:$A$17,0)),"") | C22: =IFERROR(INDEX(C$6:C$17,MATCH(A22,$A$6:$A$17,0)),"") | D22: =IFERROR(INDEX(D$6:D$17,MATCH(A22,$A$6:$A$17,0)),"") | E22: =IFERROR(INDEX(E$6:E$17,MATCH(A22,$A$6:$A$17,0)),"") | F22: =IFERROR(INDEX(F$6:F$17,MATCH(A22,$A$6:$A$17,0)),"") | G22: =IFERROR(INDEX(G$6:G$17,MATCH(A22,$A$6:$A$17,0)),"") | H22: =IFERROR(INDEX(H$6:H$17,MATCH(A22,$A$6:$A$17,0)),"")
A23: 0.3 | B23: =IFERROR(INDEX(B$6:B$17,MATCH(A23,$A$6:$A$17,0)),"") | C23: =IFERROR(INDEX(C$6:C$17,MATCH(A23,$A$6:$A$17,0)),"") | D23: =IFERROR(INDEX(D$6:D$17,MATCH(A23,$A$6:$A$17,0)),"") | E23: =IFERROR(INDEX(E$6:E$17,MATCH(A23,$A$6:$A$17,0)),"") | F23: =IFERROR(INDEX(F$6:F$17,MATCH(A23,$A$6:$A$17,0)),"") | G23: =IFERROR(INDEX(G$6:G$17,MATCH(A23,$A$6:$A$17,0)),"") | H23: =IFERROR(INDEX(H$6:H$17,MATCH(A23,$A$6:$A$17,0)),"")
A24: 0.4 | B24: =IFERROR(INDEX(B$6:B$17,MATCH(A24,$A$6:$A$17,0)),"") | C24: =IFERROR(INDEX(C$6:C$17,MATCH(A24,$A$6:$A$17,0)),"") | D24: =IFERROR(INDEX(D$6:D$17,MATCH(A24,$A$6:$A$17,0)),"") | E24: =IFERROR(INDEX(E$6:E$17,MATCH(A24,$A$6:$A$17,0)),"") | F24: =IFERROR(INDEX(F$6:F$17,MATCH(A24,$A$6:$A$17,0)),"") | G24: =IFERROR(INDEX(G$6:G$17,MATCH(A24,$A$6:$A$17,0)),"") | H24: =IFERROR(INDEX(H$6:H$17,MATCH(A24,$A$6:$A$17,0)),"")
A26: Pour expliquer une ligne au bureau: montrer y et x (jaune), puis ouvrir A, P, R, Tw, Q, V une formule à la fois.
A27: Exemple oral: « A = (x + 2·y)·y ; P = x + 2·y·√5 ; R = A/P ; Q = (1/0.03)·A·R^(2/3)·√0.0173 ».

Sheet Figure_section
A1: Figure — section trapezoïdale et x pour y = 0.25 / 0.30 / 0.35 m
A2: Q = 3.598 m3/s ; S = 0.0173 ; n = 0.030 ; talus 2H:1V
A3: Schema simple pour presentation. Tw = largeur au miroir = x + 4y.
A20: Tableau (memes valeurs que la figure)
A21: y (m) | B21: x (m) | C21: Tw (m)
A22: 0.25 | B22: 8.16 | C22: 9.16
A23: 0.3 | B23: 5.96 | C23: 7.16
A24: 0.35 | B24: 4.53 | C24: 5.93

Sheet Guide
A1: Fossé trapézoïdal — version SIMPLE (présentation bureau)
A3: But
A4: Pour un débit Q et une profondeur d’eau cible y, trouver la largeur de fond x du fossé.
A5: Ensuite calculer A, P, R, Tw, V et vérifier Q avec Manning.
A7: Formules (les seules à expliquer)
A8: 1) Aire mouillée | B8: A = (x + z·y) · y
A9: 2) Périmètre mouillé | B9: P = x + 2·y·√(1+z²)
A10: 3) Rayon hydraulique | B10: R = A / P
A11: 4) Largeur au miroir | B11: Tw = x + 2·z·y
A12: 5) Débit (Manning) | B12: Q = (1/n) · A · R^(2/3) · √S
A13: 6) Vitesse | B13: V = Q / A
A15: Comment on obtient x ?
A16: x n’a pas de formule courte. On le cherche pour que Q calculé = Q design.
A17: C’est exactement la « Valeur cible » d’Excel (Données → Analyse de scénarios → Valeur cible).
A18: Dans ce classeur: les x jaunes sont déjà trouvés pour vos Q, S, n. Les autres colonnes sont des formules courtes.
A19: Si vous changez Q, S ou n: refaire une Valeur cible sur Qcalc (cible = Q) en variant x, ou utiliser l’onglet optionnel Solveur.
A21: Couleurs
A22: Jaune = saisie (ou x déjà résolu)
A23: Vert = formule courte (facile à montrer)
A25: Données projet
A26: Q = 3.598 m³/s ; S = 0.0173 ; n = 0.030 (fossé) ; z = 2 (talus 2H:1V)

Sheet Inputs
A1: INPUTS
A3: Paramètre | B3: Valeur | C3: Unité | D3: Note
A4: Q design | B4: 3.598 | C4: m³/s | D4: Débit à passer
A5: S | B5: 0.0173 | C5: m/m | D5: Pente longitudinale
A6: n Manning | B6: 0.03 | C6: - | D6: Fossé typique 0.030
A7: z talus | B7: 2 | C7: - | D7: 2 = 2H:1V
A9: Ces 4 valeurs sont utilisées par Resultats (références).

Sheet Exemple_pas_a_pas
A1: EXEMPLE PAS À PAS — une seule profondeur (facile à projeter)
A3: Données
A4: Item | B4: Symbole | C4: Valeur | D4: Unité
A5: Débit design | B5: Q | C5: 3.598 | D5: m³/s
A6: Pente | B6: S | C6: 0.0173 | D6: m/m
A7: Manning | B7: n | C7: 0.03 | D7: -
A8: Talus | B8: z | C8: 2 | D8: -
A9: Profondeur cible | B9: y | C9: 0.4 | D9: m
A10: Largeur de fond (trouvée) | B10: x | C10: 3.534 | D10: m
A12: Calculs (une cellule = une étape)
A13: Étape | B13: Formule courte | C13: Cellule Excel | D13: Résultat
A14: 1. Aire A | B14: A = (x + z*y)*y | C14: =($C$10+$C$8*$C$9)*$C$9 | D14: m²
A15: 2. Périmètre P | B15: P = x + 2*y*SQRT(1+z^2) | C15: =$C$10+2*$C$9*SQRT(1+$C$8^2) | D15: m
A16: 3. Rayon R | B16: R = A/P | C16: =C14/C15 | D16: m
A17: 4. Miroir Tw | B17: Tw = x + 2*z*y | C17: =$C$10+2*$C$8*$C$9 | D17: m
A18: 5. Débit Q | B18: Q = (1/n)*A*R^(2/3)*SQRT(S) | C18: =(1/$C$7)*C14*C16^(2/3)*SQRT($C$6) | D18: m³/s
A19: 6. Vitesse V | B19: V = Q/A | C19: =C18/C14 | D19: m/s
A20: 7. Contrôle | B20: Q ≈ Q design ? | C20: =C18-$C$5 | D20: m³/s
A22: Phrase pour le bureau:
A23: « On fixe y = 0.40 m. On cherche x pour que Q = 3.598. Ici x = 3.534 m. Puis A, P, R, Tw, V se calculent avec les 6 formules ci-dessus. »
A24: Pour une autre profondeur: changez y (C9) et mettez le nouvel x (C10) depuis l’onglet Resultats; les étapes se recalculent.

Sheet Comparaison_n
A1: COMPARAISON n (valeurs de x seulement)
A2: Tableau prêt à montrer si on hésite sur n. Pas de formules longues — valeurs déjà calculées.
A4: y (m) | B4: x si n=0.025 | C4: x si n=0.030 | D4: x si n=0.035 | E4: Tw (n=0.030) | F4: V (n=0.030)
A5: 0.2 | B5: 9.915 | C5: 11.917 | D5: 13.918 | E5: 12.717 | F5: 1.461
A6: 0.25 | B6: 6.778 | C6: 8.161 | D6: 9.542 | E6: 9.161 | F6: 1.662
A7: 0.3 | B7: 4.932 | C7: 5.956 | D7: 6.979 | E7: 7.156 | F7: 1.829
A8: 0.35 | B8: 3.731 | C8: 4.529 | D8: 5.324 | E8: 5.929 | F8: 1.966
A9: 0.4 | B9: 2.889 | C9: 3.534 | D9: 4.175 | E9: 5.134 | F9: 2.075
A10: 0.5 | B10: 1.776 | C10: 2.233 | D10: 2.686 | E10: 4.233 | F10: 2.226
A11: 0.6 | B11: 1.047 | C11: 1.398 | D11: 1.744 | E11: 3.798 | F11: 2.308
A12: 0.7 | B12: 0.506 | C12: 0.792 | D12: 1.071 | E12: 3.592 | F12: 2.345
A13: 0.76 | B13: 0.235 | C13: 0.492 | D13: 0.743 | E13: 3.532 | F13: 2.353
A14: 0.8 | B14: 0.07 | C14: 0.311 | D14: 0.546 | E14: 3.511 | F14: 2.353
A15: 0.9 | B15: 0 | C15: 0 | D15: 0.11 | E15: 3.6 | F15: 2.221
A16: 1 | B16: 0 | C16: 0 | D16: 0 | E16: 4 | F16: 1.799
A19: Si n augmente (fossé plus rugueux), il faut un x plus grand pour le même y.

Sheet Solveur_optionnel
A1: SOLVEUR OPTIONNEL — si vous changez Q, S ou n
A3: Méthode recommandée au bureau (officielle Excel, facile à expliquer):
A4: 1. Écrire y et un essai de x (jaune)
A5: 2. Les formules vertes calculent Q
A6: 3. Menu: Données → Analyse de scénarios → Valeur cible
A7: Cellule à définir: Q calc | Valeur à atteindre: Q design | Cellule à modifier: x
A8: 4. Excel ajuste x. Copier ce x dans Resultats.
A10: Zone de travail Valeur cible
A11: Item | B11: Valeur | C11: Unité
A12: Q design (cible) | B12: =Inputs!B4 | C12: ← valeur à atteindre
A13: S | B13: =Inputs!B5 | C13: m/m
A14: n | B14: =Inputs!B6 | C14: -
A15: z | B15: =Inputs!B7 | C15: -
A16: y (choix) | B16: 0.4 | C16: m
A17: x (essai / résultat) | B17: 3.534 | C17: ← cellule à modifier dans Valeur cible
A19: A | B19: =($B$17+$B$15*$B$16)*$B$16
A20: P | B20: =$B$17+2*$B$16*SQRT(1+$B$15^2)
A21: R | B21: =B19/B20
A22: Tw | B22: =$B$17+2*$B$15*$B$16
A23: Q calc | B23: =(1/$B$14)*B19*B21^(2/3)*SQRT($B$13) | C23: ← cellule à définir dans Valeur cible
A24: V | B24: =B23/B19
A26: Pas besoin de montrer de longues formules d’itération: la Valeur cible d’Excel suffit et est standard au bureau.
