Workbook

Sheet Guide
A1: Guide — Pipe Volume + Flow Capacity
A3: Sheets
A4: Volume — storage volume of each pipe (your original calculator).
A5: Flow_capacity — Manning Q for diameters vs slopes 0.003 → 0.08 (step 0.001).
A6: Per_pipe_capacity — Qp and Vp for each pipe at a chosen design slope.
A8: Formula
A9: Volume: V = π (D/1000/2)² L
A10: Capacity: Q = (1/n)·A·R^(2/3)·√S , A=πD²/4 , R=D/4
A12: Default n = 0.010 (PVC). Change Flow_capacity!B4 if needed.
A13: Yellow = input; Green = calculated.

Sheet Volume
A1: Pipe Volume Capacity Calculator
A2: V = π × (D[mm] / 1000 / 2)² × L[m] → result in m³
A4: Pipe ID | B4: Material | C4: Diameter (mm) | D4: Length (m) | E4: Volume (m³)
A5: P-01 | B5: PVC | C5: 200 | D5: 5.3 | E5: =IF(OR(C5="",D5="",C5<=0,D5<=0),0,PI()*(C5/1000/2)^2*D5)
A6: P-02 | B6: PVC | E6: =IF(OR(C6="",D6="",C6<=0,D6<=0),0,PI()*(C6/1000/2)^2*D6)
A7: P-03 | B7: PVC | C7: 150 | D7: 15 | E7: =IF(OR(C7="",D7="",C7<=0,D7<=0),0,PI()*(C7/1000/2)^2*D7)
A8: P-04 | B8: PVC | E8: =IF(OR(C8="",D8="",C8<=0,D8<=0),0,PI()*(C8/1000/2)^2*D8)
A9: P-05 | B9: PVC | C9: 300 | D9: 6 | E9: =IF(OR(C9="",D9="",C9<=0,D9<=0),0,PI()*(C9/1000/2)^2*D9)
A10: P-06 | B10: PVC | C10: 450 | D10: 7.23 | E10: =IF(OR(C10="",D10="",C10<=0,D10<=0),0,PI()*(C10/1000/2)^2*D10)
A11: P-07 | B11: PVC | E11: =IF(OR(C11="",D11="",C11<=0,D11<=0),0,PI()*(C11/1000/2)^2*D11)
A12: P-08 | B12: PVC | E12: =IF(OR(C12="",D12="",C12<=0,D12<=0),0,PI()*(C12/1000/2)^2*D12)
A13: TOTAL | E13: Sum of all pipe volumes → | F13: =SUM(E5:E12)
A15: Yellow = input; Green = calculated. Volume = full cylinder.
A16: Flow capacity (Manning) is on sheets Flow_capacity and Per_pipe_capacity.

Sheet Flow_capacity
A1: Pipe Flow Capacity (Manning, full section)
A2: Q = (1/n)·A·R^(2/3)·√S | A = πD²/4 | R = D/4 | D in meters
A4: Manning n (PVC typical) | B4: 0.01 | C4: Change n if needed (PVC often 0.009–0.011)
A5: Units | B5: Q in m³/s for each diameter at each slope S (m/m)
A6: Slope S (m/m) →
A7: Diameter (mm) | B7: D (m) | C7: 0.003 | D7: 0.004 | E7: 0.005 | F7: 0.006 | G7: 0.007 | H7: 0.008 | I7: 0.009 | J7: 0.01 | K7: 0.011 | L7: 0.012 | M7: 0.013 | N7: 0.014 | O7: 0.015 | P7: 0.016 | Q7: 0.017 | R7: 0.018 | S7: 0.019 | T7: 0.02 | U7: 0.021 | V7: 0.022 | W7: 0.023 | X7: 0.024 | Y7: 0.025 | Z7: 0.026 | AA7: 0.027 | AB7: 0.028 | AC7: 0.029 | AD7: 0.03 | AE7: 0.031 | AF7: 0.032 | AG7: 0.033 | AH7: 0.034 | AI7: 0.035 | AJ7: 0.036 | AK7: 0.037 | AL7: 0.038 | AM7: 0.039 | AN7: 0.04 | AO7: 0.041 | AP7: 0.042 | AQ7: 0.043 | AR7: 0.044 | AS7: 0.045 | AT7: 0.046 | AU7: 0.047 | AV7: 0.048 | AW7: 0.049 | AX7: 0.05 | AY7: 0.051 | AZ7: 0.052 | BA7: 0.053 | BB7: 0.054 | BC7: 0.055 | BD7: 0.056 | BE7: 0.057 | BF7: 0.058 | BG7: 0.059 | BH7: 0.06 | BI7: 0.061 | BJ7: 0.062 | BK7: 0.063 | BL7: 0.064 | BM7: 0.065 | BN7: 0.066 | BO7: 0.067 | BP7: 0.068 | BQ7: 0.069 | BR7: 0.07 | BS7: 0.071 | BT7: 0.072 | BU7: 0.073 | BV7: 0.074 | BW7: 0.075 | BX7: 0.076 | BY7: 0.077 | BZ7: 0.078 | CA7: 0.079 | CB7: 0.08
A8: 150 | B8: =A8/1000 | C8: =IF(OR($B$4<=0,$B8<=0),0,(1/$B$4)*(PI()*$B8^2/4)*(($B8/4)^(2/3))*SQRT(C$7)) | D8: =IF(OR($B$4<=0,$B8<=0),0,(1/$B$4)*(PI()*$B8^2/4)*(($B8/4)^(2/3))*SQRT(D$7)) | E8: =IF(OR($B$4<=0,$B8<=0),0,(1/$B$4)*(PI()*$B8^2/4)*(($B8/4)^(2/3))*SQRT(E$7)) | F8: =IF(OR($B$4<=0,$B8<=0),0,(1/$B$4)*(PI()*$B8^2/4)*(($B8/4)^(2/3))*SQRT(F$7)) | G8: =IF(OR($B$4<=0,$B8<=0),0,(1/$B$4)*(PI()*$B8^2/4)*(($B8/4)^(2/3))*SQRT(G$7)) | H8: =IF(OR($B$4<=0,$B8<=0),0,(1/$B$4)*(PI()*$B8^2/4)*(($B8/4)^(2/3))*SQRT(H$7)) | I8: =IF(OR($B$4<=0,$B8<=0),0,(1/$B$4)*(PI()*$B8^2/4)*(($B8/4)^(2/3))*SQRT(I$7)) | J8: =IF(OR($B$4<=0,$B8<=0),0,(1/$B$4)*(PI()*$B8^2/4)*(($B8/4)^(2/3))*SQRT(J$7)) | ... CB8: =IF(OR($B$4<=0,$B8<=0),0,(1/$B$4)*(PI()*$B8^2/4)*(($B8/4)^(2/3))*SQRT(CB$7))
A9: 200 | B9: =A9/1000 | C9: =IF(OR($B$4<=0,$B9<=0),0,(1/$B$4)*(PI()*$B9^2/4)*(($B9/4)^(2/3))*SQRT(C$7)) | D9: =IF(OR($B$4<=0,$B9<=0),0,(1/$B$4)*(PI()*$B9^2/4)*(($B9/4)^(2/3))*SQRT(D$7)) | E9: =IF(OR($B$4<=0,$B9<=0),0,(1/$B$4)*(PI()*$B9^2/4)*(($B9/4)^(2/3))*SQRT(E$7)) | F9: =IF(OR($B$4<=0,$B9<=0),0,(1/$B$4)*(PI()*$B9^2/4)*(($B9/4)^(2/3))*SQRT(F$7)) | G9: =IF(OR($B$4<=0,$B9<=0),0,(1/$B$4)*(PI()*$B9^2/4)*(($B9/4)^(2/3))*SQRT(G$7)) | H9: =IF(OR($B$4<=0,$B9<=0),0,(1/$B$4)*(PI()*$B9^2/4)*(($B9/4)^(2/3))*SQRT(H$7)) | I9: =IF(OR($B$4<=0,$B9<=0),0,(1/$B$4)*(PI()*$B9^2/4)*(($B9/4)^(2/3))*SQRT(I$7)) | J9: =IF(OR($B$4<=0,$B9<=0),0,(1/$B$4)*(PI()*$B9^2/4)*(($B9/4)^(2/3))*SQRT(J$7)) | ... CB9: =IF(OR($B$4<=0,$B9<=0),0,(1/$B$4)*(PI()*$B9^2/4)*(($B9/4)^(2/3))*SQRT(CB$7))
A10: 250 | B10: =A10/1000 | C10: =IF(OR($B$4<=0,$B10<=0),0,(1/$B$4)*(PI()*$B10^2/4)*(($B10/4)^(2/3))*SQRT(C$7)) | D10: =IF(OR($B$4<=0,$B10<=0),0,(1/$B$4)*(PI()*$B10^2/4)*(($B10/4)^(2/3))*SQRT(D$7)) | E10: =IF(OR($B$4<=0,$B10<=0),0,(1/$B$4)*(PI()*$B10^2/4)*(($B10/4)^(2/3))*SQRT(E$7)) | F10: =IF(OR($B$4<=0,$B10<=0),0,(1/$B$4)*(PI()*$B10^2/4)*(($B10/4)^(2/3))*SQRT(F$7)) | G10: =IF(OR($B$4<=0,$B10<=0),0,(1/$B$4)*(PI()*$B10^2/4)*(($B10/4)^(2/3))*SQRT(G$7)) | H10: =IF(OR($B$4<=0,$B10<=0),0,(1/$B$4)*(PI()*$B10^2/4)*(($B10/4)^(2/3))*SQRT(H$7)) | I10: =IF(OR($B$4<=0,$B10<=0),0,(1/$B$4)*(PI()*$B10^2/4)*(($B10/4)^(2/3))*SQRT(I$7)) | J10: =IF(OR($B$4<=0,$B10<=0),0,(1/$B$4)*(PI()*$B10^2/4)*(($B10/4)^(2/3))*SQRT(J$7)) | ... CB10: =IF(OR($B$4<=0,$B10<=0),0,(1/$B$4)*(PI()*$B10^2/4)*(($B10/4)^(2/3))*SQRT(CB$7))
A11: 300 | B11: =A11/1000 | C11: =IF(OR($B$4<=0,$B11<=0),0,(1/$B$4)*(PI()*$B11^2/4)*(($B11/4)^(2/3))*SQRT(C$7)) | D11: =IF(OR($B$4<=0,$B11<=0),0,(1/$B$4)*(PI()*$B11^2/4)*(($B11/4)^(2/3))*SQRT(D$7)) | E11: =IF(OR($B$4<=0,$B11<=0),0,(1/$B$4)*(PI()*$B11^2/4)*(($B11/4)^(2/3))*SQRT(E$7)) | F11: =IF(OR($B$4<=0,$B11<=0),0,(1/$B$4)*(PI()*$B11^2/4)*(($B11/4)^(2/3))*SQRT(F$7)) | G11: =IF(OR($B$4<=0,$B11<=0),0,(1/$B$4)*(PI()*$B11^2/4)*(($B11/4)^(2/3))*SQRT(G$7)) | H11: =IF(OR($B$4<=0,$B11<=0),0,(1/$B$4)*(PI()*$B11^2/4)*(($B11/4)^(2/3))*SQRT(H$7)) | I11: =IF(OR($B$4<=0,$B11<=0),0,(1/$B$4)*(PI()*$B11^2/4)*(($B11/4)^(2/3))*SQRT(I$7)) | J11: =IF(OR($B$4<=0,$B11<=0),0,(1/$B$4)*(PI()*$B11^2/4)*(($B11/4)^(2/3))*SQRT(J$7)) | ... CB11: =IF(OR($B$4<=0,$B11<=0),0,(1/$B$4)*(PI()*$B11^2/4)*(($B11/4)^(2/3))*SQRT(CB$7))
A12: 375 | B12: =A12/1000 | C12: =IF(OR($B$4<=0,$B12<=0),0,(1/$B$4)*(PI()*$B12^2/4)*(($B12/4)^(2/3))*SQRT(C$7)) | D12: =IF(OR($B$4<=0,$B12<=0),0,(1/$B$4)*(PI()*$B12^2/4)*(($B12/4)^(2/3))*SQRT(D$7)) | E12: =IF(OR($B$4<=0,$B12<=0),0,(1/$B$4)*(PI()*$B12^2/4)*(($B12/4)^(2/3))*SQRT(E$7)) | F12: =IF(OR($B$4<=0,$B12<=0),0,(1/$B$4)*(PI()*$B12^2/4)*(($B12/4)^(2/3))*SQRT(F$7)) | G12: =IF(OR($B$4<=0,$B12<=0),0,(1/$B$4)*(PI()*$B12^2/4)*(($B12/4)^(2/3))*SQRT(G$7)) | H12: =IF(OR($B$4<=0,$B12<=0),0,(1/$B$4)*(PI()*$B12^2/4)*(($B12/4)^(2/3))*SQRT(H$7)) | I12: =IF(OR($B$4<=0,$B12<=0),0,(1/$B$4)*(PI()*$B12^2/4)*(($B12/4)^(2/3))*SQRT(I$7)) | J12: =IF(OR($B$4<=0,$B12<=0),0,(1/$B$4)*(PI()*$B12^2/4)*(($B12/4)^(2/3))*SQRT(J$7)) | ... CB12: =IF(OR($B$4<=0,$B12<=0),0,(1/$B$4)*(PI()*$B12^2/4)*(($B12/4)^(2/3))*SQRT(CB$7))
A13: 450 | B13: =A13/1000 | C13: =IF(OR($B$4<=0,$B13<=0),0,(1/$B$4)*(PI()*$B13^2/4)*(($B13/4)^(2/3))*SQRT(C$7)) | D13: =IF(OR($B$4<=0,$B13<=0),0,(1/$B$4)*(PI()*$B13^2/4)*(($B13/4)^(2/3))*SQRT(D$7)) | E13: =IF(OR($B$4<=0,$B13<=0),0,(1/$B$4)*(PI()*$B13^2/4)*(($B13/4)^(2/3))*SQRT(E$7)) | F13: =IF(OR($B$4<=0,$B13<=0),0,(1/$B$4)*(PI()*$B13^2/4)*(($B13/4)^(2/3))*SQRT(F$7)) | G13: =IF(OR($B$4<=0,$B13<=0),0,(1/$B$4)*(PI()*$B13^2/4)*(($B13/4)^(2/3))*SQRT(G$7)) | H13: =IF(OR($B$4<=0,$B13<=0),0,(1/$B$4)*(PI()*$B13^2/4)*(($B13/4)^(2/3))*SQRT(H$7)) | I13: =IF(OR($B$4<=0,$B13<=0),0,(1/$B$4)*(PI()*$B13^2/4)*(($B13/4)^(2/3))*SQRT(I$7)) | J13: =IF(OR($B$4<=0,$B13<=0),0,(1/$B$4)*(PI()*$B13^2/4)*(($B13/4)^(2/3))*SQRT(J$7)) | ... CB13: =IF(OR($B$4<=0,$B13<=0),0,(1/$B$4)*(PI()*$B13^2/4)*(($B13/4)^(2/3))*SQRT(CB$7))
A14: 525 | B14: =A14/1000 | C14: =IF(OR($B$4<=0,$B14<=0),0,(1/$B$4)*(PI()*$B14^2/4)*(($B14/4)^(2/3))*SQRT(C$7)) | D14: =IF(OR($B$4<=0,$B14<=0),0,(1/$B$4)*(PI()*$B14^2/4)*(($B14/4)^(2/3))*SQRT(D$7)) | E14: =IF(OR($B$4<=0,$B14<=0),0,(1/$B$4)*(PI()*$B14^2/4)*(($B14/4)^(2/3))*SQRT(E$7)) | F14: =IF(OR($B$4<=0,$B14<=0),0,(1/$B$4)*(PI()*$B14^2/4)*(($B14/4)^(2/3))*SQRT(F$7)) | G14: =IF(OR($B$4<=0,$B14<=0),0,(1/$B$4)*(PI()*$B14^2/4)*(($B14/4)^(2/3))*SQRT(G$7)) | H14: =IF(OR($B$4<=0,$B14<=0),0,(1/$B$4)*(PI()*$B14^2/4)*(($B14/4)^(2/3))*SQRT(H$7)) | I14: =IF(OR($B$4<=0,$B14<=0),0,(1/$B$4)*(PI()*$B14^2/4)*(($B14/4)^(2/3))*SQRT(I$7)) | J14: =IF(OR($B$4<=0,$B14<=0),0,(1/$B$4)*(PI()*$B14^2/4)*(($B14/4)^(2/3))*SQRT(J$7)) | ... CB14: =IF(OR($B$4<=0,$B14<=0),0,(1/$B$4)*(PI()*$B14^2/4)*(($B14/4)^(2/3))*SQRT(CB$7))
A15: 600 | B15: =A15/1000 | C15: =IF(OR($B$4<=0,$B15<=0),0,(1/$B$4)*(PI()*$B15^2/4)*(($B15/4)^(2/3))*SQRT(C$7)) | D15: =IF(OR($B$4<=0,$B15<=0),0,(1/$B$4)*(PI()*$B15^2/4)*(($B15/4)^(2/3))*SQRT(D$7)) | E15: =IF(OR($B$4<=0,$B15<=0),0,(1/$B$4)*(PI()*$B15^2/4)*(($B15/4)^(2/3))*SQRT(E$7)) | F15: =IF(OR($B$4<=0,$B15<=0),0,(1/$B$4)*(PI()*$B15^2/4)*(($B15/4)^(2/3))*SQRT(F$7)) | G15: =IF(OR($B$4<=0,$B15<=0),0,(1/$B$4)*(PI()*$B15^2/4)*(($B15/4)^(2/3))*SQRT(G$7)) | H15: =IF(OR($B$4<=0,$B15<=0),0,(1/$B$4)*(PI()*$B15^2/4)*(($B15/4)^(2/3))*SQRT(H$7)) | I15: =IF(OR($B$4<=0,$B15<=0),0,(1/$B$4)*(PI()*$B15^2/4)*(($B15/4)^(2/3))*SQRT(I$7)) | J15: =IF(OR($B$4<=0,$B15<=0),0,(1/$B$4)*(PI()*$B15^2/4)*(($B15/4)^(2/3))*SQRT(J$7)) | ... CB15: =IF(OR($B$4<=0,$B15<=0),0,(1/$B$4)*(PI()*$B15^2/4)*(($B15/4)^(2/3))*SQRT(CB$7))
A17: How to use
A18: 1) Read your pipe diameter in column A.
A19: 2) Find the design slope column (e.g. 0.005).
A20: 3) Cell value = full-pipe flow capacity Q (m³/s).
A21: Assumes full flow. For partially full gravity flow, capacity is lower.
A22: Slope range: 0.003 to 0.08 by 0.001 (78 columns).

Sheet Per_pipe_capacity
A1: Capacity for each pipe in Volume sheet
A3: Manning n | B3: =Flow_capacity!B4
A4: Design slope S (choose one) | B4: 0.005 | C4: m/m — change this; Qp updates for all pipes
A6: Pipe ID | B6: Material | C6: Diameter (mm) | D6: Length (m) | E6: Volume (m³) | F6: Qp at S design (m³/s) | G6: Vp full (m/s)
A7: =Volume!A5 | B7: =Volume!B5 | C7: =Volume!C5 | D7: =Volume!D5 | E7: =Volume!E5 | F7: =IF(OR(C7="",C7<=0,$B$3<=0,$B$4<=0),0,(1/$B$3)*(PI()*(C7/1000)^2/4)*(((C7/1000)/4)^(2/3))*SQRT($B$4)) | G7: =IF(OR(C7="",C7<=0),0,F7/(PI()*(C7/1000)^2/4))
A8: =Volume!A6 | B8: =Volume!B6 | C8: =Volume!C6 | D8: =Volume!D6 | E8: =Volume!E6 | F8: =IF(OR(C8="",C8<=0,$B$3<=0,$B$4<=0),0,(1/$B$3)*(PI()*(C8/1000)^2/4)*(((C8/1000)/4)^(2/3))*SQRT($B$4)) | G8: =IF(OR(C8="",C8<=0),0,F8/(PI()*(C8/1000)^2/4))
A9: =Volume!A7 | B9: =Volume!B7 | C9: =Volume!C7 | D9: =Volume!D7 | E9: =Volume!E7 | F9: =IF(OR(C9="",C9<=0,$B$3<=0,$B$4<=0),0,(1/$B$3)*(PI()*(C9/1000)^2/4)*(((C9/1000)/4)^(2/3))*SQRT($B$4)) | G9: =IF(OR(C9="",C9<=0),0,F9/(PI()*(C9/1000)^2/4))
A10: =Volume!A8 | B10: =Volume!B8 | C10: =Volume!C8 | D10: =Volume!D8 | E10: =Volume!E8 | F10: =IF(OR(C10="",C10<=0,$B$3<=0,$B$4<=0),0,(1/$B$3)*(PI()*(C10/1000)^2/4)*(((C10/1000)/4)^(2/3))*SQRT($B$4)) | G10: =IF(OR(C10="",C10<=0),0,F10/(PI()*(C10/1000)^2/4))
A11: =Volume!A9 | B11: =Volume!B9 | C11: =Volume!C9 | D11: =Volume!D9 | E11: =Volume!E9 | F11: =IF(OR(C11="",C11<=0,$B$3<=0,$B$4<=0),0,(1/$B$3)*(PI()*(C11/1000)^2/4)*(((C11/1000)/4)^(2/3))*SQRT($B$4)) | G11: =IF(OR(C11="",C11<=0),0,F11/(PI()*(C11/1000)^2/4))
A12: =Volume!A10 | B12: =Volume!B10 | C12: =Volume!C10 | D12: =Volume!D10 | E12: =Volume!E10 | F12: =IF(OR(C12="",C12<=0,$B$3<=0,$B$4<=0),0,(1/$B$3)*(PI()*(C12/1000)^2/4)*(((C12/1000)/4)^(2/3))*SQRT($B$4)) | G12: =IF(OR(C12="",C12<=0),0,F12/(PI()*(C12/1000)^2/4))
A13: =Volume!A11 | B13: =Volume!B11 | C13: =Volume!C11 | D13: =Volume!D11 | E13: =Volume!E11 | F13: =IF(OR(C13="",C13<=0,$B$3<=0,$B$4<=0),0,(1/$B$3)*(PI()*(C13/1000)^2/4)*(((C13/1000)/4)^(2/3))*SQRT($B$4)) | G13: =IF(OR(C13="",C13<=0),0,F13/(PI()*(C13/1000)^2/4))
A14: =Volume!A12 | B14: =Volume!B12 | C14: =Volume!C12 | D14: =Volume!D12 | E14: =Volume!E12 | F14: =IF(OR(C14="",C14<=0,$B$3<=0,$B$4<=0),0,(1/$B$3)*(PI()*(C14/1000)^2/4)*(((C14/1000)/4)^(2/3))*SQRT($B$4)) | G14: =IF(OR(C14="",C14<=0),0,F14/(PI()*(C14/1000)^2/4))
A17: Quick matrix for diameters used in this project (same n)
A18: Diameter (mm) | B18: 0.003 | C18: 0.004 | D18: 0.005 | E18: 0.006 | F18: 0.008 | G18: 0.01 | H18: 0.012 | I18: 0.015 | J18: 0.02 | K18: 0.025 | L18: 0.03 | M18: 0.04 | N18: 0.05 | O18: 0.06 | P18: 0.08
A19: 150 | B19: =IF($B$3<=0,0,(1/$B$3)*(PI()*(150/1000)^2/4)*(((150/1000)/4)^(2/3))*SQRT(0.003)) | C19: =IF($B$3<=0,0,(1/$B$3)*(PI()*(150/1000)^2/4)*(((150/1000)/4)^(2/3))*SQRT(0.004)) | D19: =IF($B$3<=0,0,(1/$B$3)*(PI()*(150/1000)^2/4)*(((150/1000)/4)^(2/3))*SQRT(0.005)) | E19: =IF($B$3<=0,0,(1/$B$3)*(PI()*(150/1000)^2/4)*(((150/1000)/4)^(2/3))*SQRT(0.006)) | F19: =IF($B$3<=0,0,(1/$B$3)*(PI()*(150/1000)^2/4)*(((150/1000)/4)^(2/3))*SQRT(0.008)) | G19: =IF($B$3<=0,0,(1/$B$3)*(PI()*(150/1000)^2/4)*(((150/1000)/4)^(2/3))*SQRT(0.01)) | H19: =IF($B$3<=0,0,(1/$B$3)*(PI()*(150/1000)^2/4)*(((150/1000)/4)^(2/3))*SQRT(0.012)) | I19: =IF($B$3<=0,0,(1/$B$3)*(PI()*(150/1000)^2/4)*(((150/1000)/4)^(2/3))*SQRT(0.015)) | J19: =IF($B$3<=0,0,(1/$B$3)*(PI()*(150/1000)^2/4)*(((150/1000)/4)^(2/3))*SQRT(0.02)) | K19: =IF($B$3<=0,0,(1/$B$3)*(PI()*(150/1000)^2/4)*(((150/1000)/4)^(2/3))*SQRT(0.025)) | L19: =IF($B$3<=0,0,(1/$B$3)*(PI()*(150/1000)^2/4)*(((150/1000)/4)^(2/3))*SQRT(0.03)) | M19: =IF($B$3<=0,0,(1/$B$3)*(PI()*(150/1000)^2/4)*(((150/1000)/4)^(2/3))*SQRT(0.04)) | N19: =IF($B$3<=0,0,(1/$B$3)*(PI()*(150/1000)^2/4)*(((150/1000)/4)^(2/3))*SQRT(0.05)) | O19: =IF($B$3<=0,0,(1/$B$3)*(PI()*(150/1000)^2/4)*(((150/1000)/4)^(2/3))*SQRT(0.06)) | P19: =IF($B$3<=0,0,(1/$B$3)*(PI()*(150/1000)^2/4)*(((150/1000)/4)^(2/3))*SQRT(0.08))
A20: 200 | B20: =IF($B$3<=0,0,(1/$B$3)*(PI()*(200/1000)^2/4)*(((200/1000)/4)^(2/3))*SQRT(0.003)) | C20: =IF($B$3<=0,0,(1/$B$3)*(PI()*(200/1000)^2/4)*(((200/1000)/4)^(2/3))*SQRT(0.004)) | D20: =IF($B$3<=0,0,(1/$B$3)*(PI()*(200/1000)^2/4)*(((200/1000)/4)^(2/3))*SQRT(0.005)) | E20: =IF($B$3<=0,0,(1/$B$3)*(PI()*(200/1000)^2/4)*(((200/1000)/4)^(2/3))*SQRT(0.006)) | F20: =IF($B$3<=0,0,(1/$B$3)*(PI()*(200/1000)^2/4)*(((200/1000)/4)^(2/3))*SQRT(0.008)) | G20: =IF($B$3<=0,0,(1/$B$3)*(PI()*(200/1000)^2/4)*(((200/1000)/4)^(2/3))*SQRT(0.01)) | H20: =IF($B$3<=0,0,(1/$B$3)*(PI()*(200/1000)^2/4)*(((200/1000)/4)^(2/3))*SQRT(0.012)) | I20: =IF($B$3<=0,0,(1/$B$3)*(PI()*(200/1000)^2/4)*(((200/1000)/4)^(2/3))*SQRT(0.015)) | J20: =IF($B$3<=0,0,(1/$B$3)*(PI()*(200/1000)^2/4)*(((200/1000)/4)^(2/3))*SQRT(0.02)) | K20: =IF($B$3<=0,0,(1/$B$3)*(PI()*(200/1000)^2/4)*(((200/1000)/4)^(2/3))*SQRT(0.025)) | L20: =IF($B$3<=0,0,(1/$B$3)*(PI()*(200/1000)^2/4)*(((200/1000)/4)^(2/3))*SQRT(0.03)) | M20: =IF($B$3<=0,0,(1/$B$3)*(PI()*(200/1000)^2/4)*(((200/1000)/4)^(2/3))*SQRT(0.04)) | N20: =IF($B$3<=0,0,(1/$B$3)*(PI()*(200/1000)^2/4)*(((200/1000)/4)^(2/3))*SQRT(0.05)) | O20: =IF($B$3<=0,0,(1/$B$3)*(PI()*(200/1000)^2/4)*(((200/1000)/4)^(2/3))*SQRT(0.06)) | P20: =IF($B$3<=0,0,(1/$B$3)*(PI()*(200/1000)^2/4)*(((200/1000)/4)^(2/3))*SQRT(0.08))
A21: 300 | B21: =IF($B$3<=0,0,(1/$B$3)*(PI()*(300/1000)^2/4)*(((300/1000)/4)^(2/3))*SQRT(0.003)) | C21: =IF($B$3<=0,0,(1/$B$3)*(PI()*(300/1000)^2/4)*(((300/1000)/4)^(2/3))*SQRT(0.004)) | D21: =IF($B$3<=0,0,(1/$B$3)*(PI()*(300/1000)^2/4)*(((300/1000)/4)^(2/3))*SQRT(0.005)) | E21: =IF($B$3<=0,0,(1/$B$3)*(PI()*(300/1000)^2/4)*(((300/1000)/4)^(2/3))*SQRT(0.006)) | F21: =IF($B$3<=0,0,(1/$B$3)*(PI()*(300/1000)^2/4)*(((300/1000)/4)^(2/3))*SQRT(0.008)) | G21: =IF($B$3<=0,0,(1/$B$3)*(PI()*(300/1000)^2/4)*(((300/1000)/4)^(2/3))*SQRT(0.01)) | H21: =IF($B$3<=0,0,(1/$B$3)*(PI()*(300/1000)^2/4)*(((300/1000)/4)^(2/3))*SQRT(0.012)) | I21: =IF($B$3<=0,0,(1/$B$3)*(PI()*(300/1000)^2/4)*(((300/1000)/4)^(2/3))*SQRT(0.015)) | J21: =IF($B$3<=0,0,(1/$B$3)*(PI()*(300/1000)^2/4)*(((300/1000)/4)^(2/3))*SQRT(0.02)) | K21: =IF($B$3<=0,0,(1/$B$3)*(PI()*(300/1000)^2/4)*(((300/1000)/4)^(2/3))*SQRT(0.025)) | L21: =IF($B$3<=0,0,(1/$B$3)*(PI()*(300/1000)^2/4)*(((300/1000)/4)^(2/3))*SQRT(0.03)) | M21: =IF($B$3<=0,0,(1/$B$3)*(PI()*(300/1000)^2/4)*(((300/1000)/4)^(2/3))*SQRT(0.04)) | N21: =IF($B$3<=0,0,(1/$B$3)*(PI()*(300/1000)^2/4)*(((300/1000)/4)^(2/3))*SQRT(0.05)) | O21: =IF($B$3<=0,0,(1/$B$3)*(PI()*(300/1000)^2/4)*(((300/1000)/4)^(2/3))*SQRT(0.06)) | P21: =IF($B$3<=0,0,(1/$B$3)*(PI()*(300/1000)^2/4)*(((300/1000)/4)^(2/3))*SQRT(0.08))
A22: 450 | B22: =IF($B$3<=0,0,(1/$B$3)*(PI()*(450/1000)^2/4)*(((450/1000)/4)^(2/3))*SQRT(0.003)) | C22: =IF($B$3<=0,0,(1/$B$3)*(PI()*(450/1000)^2/4)*(((450/1000)/4)^(2/3))*SQRT(0.004)) | D22: =IF($B$3<=0,0,(1/$B$3)*(PI()*(450/1000)^2/4)*(((450/1000)/4)^(2/3))*SQRT(0.005)) | E22: =IF($B$3<=0,0,(1/$B$3)*(PI()*(450/1000)^2/4)*(((450/1000)/4)^(2/3))*SQRT(0.006)) | F22: =IF($B$3<=0,0,(1/$B$3)*(PI()*(450/1000)^2/4)*(((450/1000)/4)^(2/3))*SQRT(0.008)) | G22: =IF($B$3<=0,0,(1/$B$3)*(PI()*(450/1000)^2/4)*(((450/1000)/4)^(2/3))*SQRT(0.01)) | H22: =IF($B$3<=0,0,(1/$B$3)*(PI()*(450/1000)^2/4)*(((450/1000)/4)^(2/3))*SQRT(0.012)) | I22: =IF($B$3<=0,0,(1/$B$3)*(PI()*(450/1000)^2/4)*(((450/1000)/4)^(2/3))*SQRT(0.015)) | J22: =IF($B$3<=0,0,(1/$B$3)*(PI()*(450/1000)^2/4)*(((450/1000)/4)^(2/3))*SQRT(0.02)) | K22: =IF($B$3<=0,0,(1/$B$3)*(PI()*(450/1000)^2/4)*(((450/1000)/4)^(2/3))*SQRT(0.025)) | L22: =IF($B$3<=0,0,(1/$B$3)*(PI()*(450/1000)^2/4)*(((450/1000)/4)^(2/3))*SQRT(0.03)) | M22: =IF($B$3<=0,0,(1/$B$3)*(PI()*(450/1000)^2/4)*(((450/1000)/4)^(2/3))*SQRT(0.04)) | N22: =IF($B$3<=0,0,(1/$B$3)*(PI()*(450/1000)^2/4)*(((450/1000)/4)^(2/3))*SQRT(0.05)) | O22: =IF($B$3<=0,0,(1/$B$3)*(PI()*(450/1000)^2/4)*(((450/1000)/4)^(2/3))*SQRT(0.06)) | P22: =IF($B$3<=0,0,(1/$B$3)*(PI()*(450/1000)^2/4)*(((450/1000)/4)^(2/3))*SQRT(0.08))
A24: Note: Qp = full-section Manning capacity. Volume sheet unchanged.
