Workbook

Sheet Guide
A1: DRAINAGE HYBRIDE - TOIT + TRESFOND VERS BASSIN DE RETENTION
A3: Contrainte cle: pas de conduite/fosse dans le tresfond. Le ruissellement du tresfond est dirige par pente vers les bandes vertes.
A4: Solution recommandee: systeme hybride (noues/swales + tranchees drainantes localisees + conduites perimetriques hors tresfond).
A5: 2) Bande sud (2.0 m): conduite/collecte vers volume de retention dans le corridor contraint.
A6: 3) Ouest: strategie revisee en conduites (pas de noues) vers E04 puis E08 et bassin.
A7: Flux de calcul: Zones_tributaires -> Elements_hybrides -> Noeuds_stockage -> verifications capacite/vitesse/volume tampon.
A8: Les longueurs, pentes, sections et cotes sont pre-remplies comme base; ajuster selon releve topo et contraintes de chantier.
A9: Types d'element supports: PIPE, SWALE, TRENCH.
A10: Vitesse controlee selon Inputs!B15: DESIGN (Q/A), MANNING, ou MAX.
A11: Ce classeur est separe de Reseau_pluvial_reference_method.xlsx (aucun ecrasement).
A14: Recommandation d amenagement (optimal):
A15: 1) Collecte toiture vers noue sud (hors tresfond), 2) pente tresfond vers noue est, 3) collecteur final vers BASIN_RET.
... A56: Affichage decimal harmonise: format [<1]0.0000;0.000 applique aux champs calcules Tc/temps/Q.

Sheet Inputs
A1: INPUTS - PARAMETRES HYDRAULIQUES
A2: Parametre | B2: Valeur | C2: Unite | D2: Note
A3: IDF_a | B3: 7423.67 | C3: - | D3: i = a/(tc+b)^c | E3: MIRABEL
A4: IDF_b | B4: 33.5 | C4: min | D4: Parametre IDF b | E4: MIRABEL
A5: IDF_c | B5: 1.148 | C5: - | D5: Parametre IDF c | E5: MIRABEL
A6: Flow_safety_factor | B6: 1.1 | C6: - | D6: Facteur de securite sur debit element
A7: n_pipe_default | B7: 0.013 | C7: - | D7: Manning conduite
A8: n_swale_default | B8: 0.03 | C8: - | D8: Manning noue vegetee
A9: n_trench_default | B9: 0.028 | C9: - | D9: Manning tranchee drainante ouverte
A10: C_roof | B10: 0.95 | C10: - | D10: Coef ruissellement toiture
A11: C_tresfond | B11: 0.95 | C11: - | D11: Coef ruissellement surface impermeable tresfond
A12: C_grass | B12: 0.25 | C12: - | D12: Coef ruissellement gazon
A13: C_other | B13: 0.6 | C13: - | D13: Coef autre surface
A14: Default_tc_min | B14: 7 | C14: min | D14: Tc si non saisi zone
A15: Velocity_check_method (DESIGN/MANNING/MAX) | B15: MAX | C15: - | D15: Critere vitesse pour CHECK
A16: Min_velocity_mps | B16: 0.75 | C16: m/s | D16: Seuil auto-curage
A17: Max_velocity_mps | B17: 3 | C17: m/s | D17: Seuil erosion
A18: Min_slope_m_per_m | B18: 0.003 | C18: m/m | D18: Pente min de controle
A19: Fill_ratio_limit | B19: 0.8 | C19: - | D19: Q_design/Q_capacity max
A20: Default_side_slope_zH1V | B20: 3 | C20: - | D20: Noue/tranchee trapezoidale
A21: Default_flow_depth_m | B21: 0.3 | C21: m | D21: Profondeur ecoulement initiale
A22: Trench_porosity_default | B22: 0.35 | C22: - | D22: Porosite utile stockage
A23: Node_buffer_time_min | B23: 6 | C23: min | D23: Volume tampon noeud = Qin*temps
A24: East_strip_total_width_m | B24: 2.5 | C24: m | D24: Largeur bande verte est disponible.
A25: East_surface_depression_width_m | B25: 0.6 | C25: m | D25: Largeur depression superficielle.
A26: East_surface_depression_depth_m | B26: 0.1 | C26: m | D26: Profondeur depression de surface.
A27: East_tree_soil_zone_width_m | B27: 1.1 | C27: m | D27: Zone sol vegetal / arbres.
... A37: Basin_ret_top_level_m | B37: 22.94 | C37: m | D37: Niveau de reference du bassin (a ajuster avec topographie).
A38: Basin_ret_invert_m | B38: =B37-B36 -> 21.62 | C38: m | D38: Radier bassin lineaire (derive).
A39: Max_cover_near_utilities_m | B39: 1.2 | C39: m | D39: Profondeur max recommandee dans zone lateraux ouest (approche conservatrice).
A40: West_chain_total_m | B40: 23.58 | C40: m | D40: Somme E05A..E05E (chaine J-OUEST).
A41: West_amont_to_PU2_chain_m | B41: 11.1 | C41: m | D41: Cote plan visible (J-OUEST-AMONT jusqu'a fin zone amont avant troncon pave inferieur).
A42: West_pave1_short_span_m | B42: 2.3 | C42: m | D42: Traverse pave-uni courte (amont).
A43: West_pave2_span_m | B43: 5.1 | C43: m | D43: Traverse pave-uni inferieure (cote plan visible).
A44: West_grass1_area_m2 | B44: 12.5 | C44: m2 | D44: Aire zone gazon 1 (image).
A45: West_grass2_area_m2 | B45: 27.2 | C45: m2 | D45: Aire zone gazon 2 (image).
A46: West_grass3_area_m2 | B46: 21.9 | C46: m2 | D46: Aire zone gazon 3 (image).
A47: West_grass12_total_m | B47: =B41-B42 -> 8.8 | C47: m | D47: Longueur gazon amont+milieu (derivee).
A48: West_grass1_len_m | B48: =IFERROR(B47*B44/(B44+B45),"") -> 2.7707809 | C48: m | D48: Longueur E05A (repartition proportionnelle).
A49: West_grass2_len_m | B49: =IFERROR(B47*B45/(B44+B45),"") -> 6.0292191 | C49: m | D49: Longueur E05C (repartition proportionnelle).
A50: West_grass3_len_m | B50: =B40-B41-B43 -> 7.38 | C50: m | D50: Longueur E05E (solde vers coin sud-ouest).
A51: Top_central_tresfond_area_m2 | B51: 0 | C51: m2 | D51: A renseigner depuis plan releve. Zone tresfond bande haute centrale.
A52: Include_basin_footprint_runoff (YES/NO) | B52: NO | C52: - | D52: NO recommande: empreinte bassin n'est pas contributive au bassin lui-meme.
A53: West_swale_to_basin_inlet_m | B53: 4.7 | C53: m | D53: Distance mesuree J-OUEST-AVAL -> entree ouest bassin (image utilisateur).
A54: Connection_equal_tolerance_m | B54: 0.01 | C54: m | D54: Tolerance pour raccord sans chute (PIPE->PIPE ou SWALE->SWALE).
A55: Drop_min_swale_trench_to_pipe_m | B55: 0.05 | C55: m | D55: Chute minimale recommandee pour SWALE/TRENCH vers PIPE.
A56: Drop_max_swale_trench_to_pipe_m | B56: 0.3 | C56: m | D56: Chute maximale recommandee avant ouvrage de chute dedie.
A57: Basin_inlet_target_drop_m | B57: 0.1 | C57: m | D57: Valeur cible pratique pour entree swale/trench vers conduite bassin.
A58: C_pavage | B58: 0.95 | C58: - | D58: Coefficient ruissellement pour surfaces pavees (pave-uni/pavage).
A59: Tc_travel_velocity_mps | B59: 1 | C59: m/s | D59: Vitesse adoptee pour calcul temps de transit dans element route (evite references circulaires).
A60: Mech_internal_outlet_length_m | B60: 12 | C60: m | D60: Longueur approximative conduite interne mecanique (puisards est -> sortie sud pres bassin).
A61: Mech_internal_outlet_diameter_mm | B61: 300 | C61: mm | D61: Diametre indicatif conduite mecanique interne (a confirmer par equipe mecanique).

Sheet Zones_tributaires
A1: ZONES TRIBUTAIRES - TOIT / TRESFOND / VERT
K2: Routing des zones se fait via Element_ID (colonne J), independamment du renommage des noeuds.
A3: Zone_ID | B3: Description | C3: Surface_type | D3: Area_m2 | E3: C_override | F3: C_used | G3: Tc_min | H3: Intensity_mmh | I3: Q_peak_m3s | J3: Routed_to_Element_ID | K3: Notes | L3: Tc_base_override_min | M3: Travel_time_routed_element_min | N3: Tc_auto_used_min
A4: Z01 | B4: Toiture principale (bloc jaune) | C4: ROOF | D4: 1013.8 | F4: =IF(E4<>"",E4,IF(UPPER(TRIM(C4))="BASIN",IF(UPPER(TRIM(Inputs!$B$52))="YES",Inputs!$B$12,0),IF(UPPER(TRIM(C4))="ROOF",Inputs!$B$10,IF(UPPER(TRIM(C4))="PAVAGE",Inputs!$B$58,IF(UPPER(TRIM(C4))="TRESFOND",Inputs!$B$11,IF(UPPER(TRIM(C4))="GRASS",Inputs!$B$12,Inputs!$B$13)))))) -> 0.95 | G4: =IF(A4="","",N4) -> 5 | H4: =IF(A4="","",Inputs!$B$3/((IF(G4="",Inputs!$B$14,G4)+Inputs!$B$4)^Inputs!$B$5)) -> 112.33362 | I4: =IF(A4="","",0.000000278*F4*D4*H4) -> 0.030076717 | J4: BASSIN-RET | K4: Routage provisoire vers entree EST; scinder est/ouest plus tard si detail aval disponible. | L4: 5 | M4: =IF(A4="","",IF(OR(J4="",Inputs!$B$59=""),0,IFERROR(INDEX(Elements_hybrides!$F$4:$F$204,MATCH(J4,Elements_hybrides!$A$4:$A$204,0))/(Inputs!$B$59*60),0))) -> 0 | N4: =IF(A4="","",IF(L4="",Inputs!$B$14,L4)+M4) -> 5
A5: Z02 | B5: Tresfond est (gris) | C5: TRESFOND | D5: 351 | F5: =IF(E5<>"",E5,IF(UPPER(TRIM(C5))="BASIN",IF(UPPER(TRIM(Inputs!$B$52))="YES",Inputs!$B$12,0),IF(UPPER(TRIM(C5))="ROOF",Inputs!$B$10,IF(UPPER(TRIM(C5))="PAVAGE",Inputs!$B$58,IF(UPPER(TRIM(C5))="TRESFOND",Inputs!$B$11,IF(UPPER(TRIM(C5))="GRASS",Inputs!$B$12,Inputs!$B$13)))))) -> 0.95 | G5: =IF(A5="","",N5) -> 5 | H5: =IF(A5="","",Inputs!$B$3/((IF(G5="",Inputs!$B$14,G5)+Inputs!$B$4)^Inputs!$B$5)) -> 112.33362 | I5: =IF(A5="","",0.000000278*F5*D5*H5) -> 0.010413225 | J5: BASSIN-RET | K5: Puisards zone grise est -> reseau interne mecanique -> sortie sud pres bassin (pas vers bande est). | L5: 5 | M5: =IF(A5="","",IF(OR(J5="",Inputs!$B$59=""),0,IFERROR(INDEX(Elements_hybrides!$F$4:$F$204,MATCH(J5,Elements_hybrides!$A$4:$A$204,0))/(Inputs!$B$59*60),0))) -> 0 | N5: =IF(A5="","",IF(L5="",Inputs!$B$14,L5)+M5) -> 5
A6: Z03 | B6: Bande verte est (arbres) | C6: GRASS | D6: 164.7 | F6: =IF(E6<>"",E6,IF(UPPER(TRIM(C6))="BASIN",IF(UPPER(TRIM(Inputs!$B$52))="YES",Inputs!$B$12,0),IF(UPPER(TRIM(C6))="ROOF",Inputs!$B$10,IF(UPPER(TRIM(C6))="PAVAGE",Inputs!$B$58,IF(UPPER(TRIM(C6))="TRESFOND",Inputs!$B$11,IF(UPPER(TRIM(C6))="GRASS",Inputs!$B$12,Inputs!$B$13)))))) -> 0.25 | G6: =IF(A6="","",N6) -> 5.2683333 | H6: =IF(A6="","",Inputs!$B$3/((IF(G6="",Inputs!$B$14,G6)+Inputs!$B$4)^Inputs!$B$5)) -> 111.44149 | I6: =IF(A6="","",0.000000278*F6*D6*H6) -> 0.0012756317 | J6: E03 | K6: Bande est verte reduite: 205.5 - 40.8 = 164.7 m2 (partie haute deviee vers puisard PEHD central). | L6: 5 | M6: =IF(A6="","",IF(OR(J6="",Inputs!$B$59=""),0,IFERROR(INDEX(Elements_hybrides!$F$4:$F$204,MATCH(J6,Elements_hybrides!$A$4:$A$204,0))/(Inputs!$B$59*60),0))) -> 0.26833333 | N6: =IF(A6="","",IF(L6="",Inputs!$B$14,L6)+M6) -> 5.2683333
A7: Z04 | B7: Ouest gazon amont (12.5 m2) | C7: GRASS | D7: 12.5 | F7: =IF(E7<>"",E7,IF(UPPER(TRIM(C7))="BASIN",IF(UPPER(TRIM(Inputs!$B$52))="YES",Inputs!$B$12,0),IF(UPPER(TRIM(C7))="ROOF",Inputs!$B$10,IF(UPPER(TRIM(C7))="PAVAGE",Inputs!$B$58,IF(UPPER(TRIM(C7))="TRESFOND",Inputs!$B$11,IF(UPPER(TRIM(C7))="GRASS",Inputs!$B$12,Inputs!$B$13)))))) -> 0.25 | G7: =IF(A7="","",N7) -> 5.0461797 | H7: =IF(A7="","",Inputs!$B$3/((IF(G7="",Inputs!$B$14,G7)+Inputs!$B$4)^Inputs!$B$5)) -> 112.17913 | I7: =IF(A7="","",0.000000278*F7*D7*H7) -> 9.7455622e-05 | J7: E05A | K7: Image: zone verte amont gauche. | L7: 5 | M7: =IF(A7="","",IF(OR(J7="",Inputs!$B$59=""),0,IFERROR(INDEX(Elements_hybrides!$F$4:$F$204,MATCH(J7,Elements_hybrides!$A$4:$A$204,0))/(Inputs!$B$59*60),0))) -> 0.046179681 | N7: =IF(A7="","",IF(L7="",Inputs!$B$14,L7)+M7) -> 5.0461797
A8: Z07 | B8: Ouest pave-uni court (6.7 m2) | C8: PAVAGE | D8: 6.7 | F8: =IF(E8<>"",E8,IF(UPPER(TRIM(C8))="BASIN",IF(UPPER(TRIM(Inputs!$B$52))="YES",Inputs!$B$12,0),IF(UPPER(TRIM(C8))="ROOF",Inputs!$B$10,IF(UPPER(TRIM(C8))="PAVAGE",Inputs!$B$58,IF(UPPER(TRIM(C8))="TRESFOND",Inputs!$B$11,IF(UPPER(TRIM(C8))="GRASS",Inputs!$B$12,Inputs!$B$13)))))) -> 0.95 | G8: =IF(A8="","",N8) -> 5.0383333 | H8: =IF(A8="","",Inputs!$B$3/((IF(G8="",Inputs!$B$14,G8)+Inputs!$B$4)^Inputs!$B$5)) -> 112.20535 | I8: =IF(A8="","",0.000000278*F8*D8*H8) -> 0.00019854401 | J8: E05B | K8: Surface pavage (pas tresfond). | L8: 5 | M8: =IF(A8="","",IF(OR(J8="",Inputs!$B$59=""),0,IFERROR(INDEX(Elements_hybrides!$F$4:$F$204,MATCH(J8,Elements_hybrides!$A$4:$A$204,0))/(Inputs!$B$59*60),0))) -> 0.038333333 | N8: =IF(A8="","",IF(L8="",Inputs!$B$14,L8)+M8) -> 5.0383333
A9: Z05 | B9: Ouest gazon milieu (27.2 m2) | C9: GRASS | D9: 27.2 | F9: =IF(E9<>"",E9,IF(UPPER(TRIM(C9))="BASIN",IF(UPPER(TRIM(Inputs!$B$52))="YES",Inputs!$B$12,0),IF(UPPER(TRIM(C9))="ROOF",Inputs!$B$10,IF(UPPER(TRIM(C9))="PAVAGE",Inputs!$B$58,IF(UPPER(TRIM(C9))="TRESFOND",Inputs!$B$11,IF(UPPER(TRIM(C9))="GRASS",Inputs!$B$12,Inputs!$B$13)))))) -> 0.25 | G9: =IF(A9="","",N9) -> 5.100487 | H9: =IF(A9="","",Inputs!$B$3/((IF(G9="",Inputs!$B$14,G9)+Inputs!$B$4)^Inputs!$B$5)) -> 111.99797 | I9: =IF(A9="","",0.000000278*F9*D9*H9) -> 0.00021172096 | J9: E05C | K9: Image: bande verte milieu ouest. | L9: 5 | M9: =IF(A9="","",IF(OR(J9="",Inputs!$B$59=""),0,IFERROR(INDEX(Elements_hybrides!$F$4:$F$204,MATCH(J9,Elements_hybrides!$A$4:$A$204,0))/(Inputs!$B$59*60),0))) -> 0.10048699 | N9: =IF(A9="","",IF(L9="",Inputs!$B$14,L9)+M9) -> 5.100487
A10: Z08 | B10: Ouest pave-uni principal (37.5 m2) | C10: PAVAGE | D10: 37.5 | F10: =IF(E10<>"",E10,IF(UPPER(TRIM(C10))="BASIN",IF(UPPER(TRIM(Inputs!$B$52))="YES",Inputs!$B$12,0),IF(UPPER(TRIM(C10))="ROOF",Inputs!$B$10,IF(UPPER(TRIM(C10))="PAVAGE",Inputs!$B$58,IF(UPPER(TRIM(C10))="TRESFOND",Inputs!$B$11,IF(UPPER(TRIM(C10))="GRASS",Inputs!$B$12,Inputs!$B$13)))))) -> 0.95 | G10: =IF(A10="","",N10) -> 5.085 | H10: =IF(A10="","",Inputs!$B$3/((IF(G10="",Inputs!$B$14,G10)+Inputs!$B$4)^Inputs!$B$5)) -> 112.04958 | I10: =IF(A10="","",0.000000278*F10*D10*H10) -> 0.001109711 | J10: E05D | K10: Surface pavage principal (pave-uni), entre Z05 et Z06. | L10: 5 | M10: =IF(A10="","",IF(OR(J10="",Inputs!$B$59=""),0,IFERROR(INDEX(Elements_hybrides!$F$4:$F$204,MATCH(J10,Elements_hybrides!$A$4:$A$204,0))/(Inputs!$B$59*60),0))) -> 0.085 | N10: =IF(A10="","",IF(L10="",Inputs!$B$14,L10)+M10) -> 5.085
A11: Z06 | B11: Ouest gazon aval coin sud-ouest (21.9 m2) | C11: GRASS | D11: 21.9 | F11: =IF(E11<>"",E11,IF(UPPER(TRIM(C11))="BASIN",IF(UPPER(TRIM(Inputs!$B$52))="YES",Inputs!$B$12,0),IF(UPPER(TRIM(C11))="ROOF",Inputs!$B$10,IF(UPPER(TRIM(C11))="PAVAGE",Inputs!$B$58,IF(UPPER(TRIM(C11))="TRESFOND",Inputs!$B$11,IF(UPPER(TRIM(C11))="GRASS",Inputs!$B$12,Inputs!$B$13)))))) -> 0.25 | G11: =IF(A11="","",N11) -> 5.123 | H11: =IF(A11="","",Inputs!$B$3/((IF(G11="",Inputs!$B$14,G11)+Inputs!$B$4)^Inputs!$B$5)) -> 111.92303 | I11: =IF(A11="","",0.000000278*F11*D11*H11) -> 0.00017035244 | J11: E05E | K11: Image: zone verte pres J-OUEST-AVAL. | L11: 5 | M11: =IF(A11="","",IF(OR(J11="",Inputs!$B$59=""),0,IFERROR(INDEX(Elements_hybrides!$F$4:$F$204,MATCH(J11,Elements_hybrides!$A$4:$A$204,0))/(Inputs!$B$59*60),0))) -> 0.123 | N11: =IF(A11="","",IF(L11="",Inputs!$B$14,L11)+M11) -> 5.123
A12: Z09 | B12: Empreinte bassin retention (zone de stockage) | C12: BASIN | F12: =IF(E12<>"",E12,IF(UPPER(TRIM(C12))="BASIN",IF(UPPER(TRIM(Inputs!$B$52))="YES",Inputs!$B$12,0),IF(UPPER(TRIM(C12))="ROOF",Inputs!$B$10,IF(UPPER(TRIM(C12))="PAVAGE",Inputs!$B$58,IF(UPPER(TRIM(C12))="TRESFOND",Inputs!$B$11,IF(UPPER(TRIM(C12))="GRASS",Inputs!$B$12,Inputs!$B$13)))))) -> 0 | G12: =IF(A12="","",N12) -> 5 | H12: =IF(A12="","",Inputs!$B$3/((IF(G12="",Inputs!$B$14,G12)+Inputs!$B$4)^Inputs!$B$5)) -> 112.33362 | I12: =IF(A12="","",0.000000278*F12*D12*H12) -> 0 | K12: Non contributive par defaut (Inputs!B52=NO). Mettre YES pour sensibilité si requis. | L12: 5 | M12: =IF(A12="","",IF(OR(J12="",Inputs!$B$59=""),0,IFERROR(INDEX(Elements_hybrides!$F$4:$F$204,MATCH(J12,Elements_hybrides!$A$4:$A$204,0))/(Inputs!$B$59*60),0))) -> 0 | N12: =IF(A12="","",IF(L12="",Inputs!$B$14,L12)+M12) -> 5
A13: Z10 | B13: Sud gris local (pavage) | C13: PAVAGE | D13: 44.3 | F13: =IF(E13<>"",E13,IF(UPPER(TRIM(C13))="BASIN",IF(UPPER(TRIM(Inputs!$B$52))="YES",Inputs!$B$12,0),IF(UPPER(TRIM(C13))="ROOF",Inputs!$B$10,IF(UPPER(TRIM(C13))="PAVAGE",Inputs!$B$58,IF(UPPER(TRIM(C13))="TRESFOND",Inputs!$B$11,IF(UPPER(TRIM(C13))="GRASS",Inputs!$B$12,Inputs!$B$13)))))) -> 0.95 | G13: =IF(A13="","",N13) -> 5.2683333 | H13: =IF(A13="","",Inputs!$B$3/((IF(G13="",Inputs!$B$14,G13)+Inputs!$B$4)^Inputs!$B$5)) -> 111.44149 | I13: =IF(A13="","",0.000000278*F13*D13*H13) -> 0.0013038242 | J13: E03 | K13: Surface pavage locale (pas tresfond), routage vers entree EST. | L13: 5 | M13: =IF(A13="","",IF(OR(J13="",Inputs!$B$59=""),0,IFERROR(INDEX(Elements_hybrides!$F$4:$F$204,MATCH(J13,Elements_hybrides!$A$4:$A$204,0))/(Inputs!$B$59*60),0))) -> 0.26833333 | N13: =IF(A13="","",IF(L13="",Inputs!$B$14,L13)+M13) -> 5.2683333
A14: Z11 | B14: Sud est vert | C14: GRASS | D14: 20.5 | F14: =IF(E14<>"",E14,IF(UPPER(TRIM(C14))="BASIN",IF(UPPER(TRIM(Inputs!$B$52))="YES",Inputs!$B$12,0),IF(UPPER(TRIM(C14))="ROOF",Inputs!$B$10,IF(UPPER(TRIM(C14))="PAVAGE",Inputs!$B$58,IF(UPPER(TRIM(C14))="TRESFOND",Inputs!$B$11,IF(UPPER(TRIM(C14))="GRASS",Inputs!$B$12,Inputs!$B$13)))))) -> 0.25 | G14: =IF(A14="","",N14) -> 5.2683333 | H14: =IF(A14="","",Inputs!$B$3/((IF(G14="",Inputs!$B$14,G14)+Inputs!$B$4)^Inputs!$B$5)) -> 111.44149 | I14: =IF(A14="","",0.000000278*F14*D14*H14) -> 0.00015877626 | J14: E03 | K14: Vers noue sud | L14: 5 | M14: =IF(A14="","",IF(OR(J14="",Inputs!$B$59=""),0,IFERROR(INDEX(Elements_hybrides!$F$4:$F$204,MATCH(J14,Elements_hybrides!$A$4:$A$204,0))/(Inputs!$B$59*60),0))) -> 0.26833333 | N14: =IF(A14="","",IF(L14="",Inputs!$B$14,L14)+M14) -> 5.2683333
A15: Z12 | B15: Sud est gris petit (pavage) | C15: PAVAGE | D15: 5.8 | F15: =IF(E15<>"",E15,IF(UPPER(TRIM(C15))="BASIN",IF(UPPER(TRIM(Inputs!$B$52))="YES",Inputs!$B$12,0),IF(UPPER(TRIM(C15))="ROOF",Inputs!$B$10,IF(UPPER(TRIM(C15))="PAVAGE",Inputs!$B$58,IF(UPPER(TRIM(C15))="TRESFOND",Inputs!$B$11,IF(UPPER(TRIM(C15))="GRASS",Inputs!$B$12,Inputs!$B$13)))))) -> 0.95 | G15: =IF(A15="","",N15) -> 8.2683333 | H15: =IF(A15="","",Inputs!$B$3/((IF(G15="",Inputs!$B$14,G15)+Inputs!$B$4)^Inputs!$B$5)) -> 102.30247 | I15: =IF(A15="","",0.000000278*F15*D15*H15) -> 0.00015670488 | J15: E03 | K15: Surface pavage petite zone sud-est (pas tresfond). | L15: 8 | M15: =IF(A15="","",IF(OR(J15="",Inputs!$B$59=""),0,IFERROR(INDEX(Elements_hybrides!$F$4:$F$204,MATCH(J15,Elements_hybrides!$A$4:$A$204,0))/(Inputs!$B$59*60),0))) -> 0.26833333 | N15: =IF(A15="","",IF(L15="",Inputs!$B$14,L15)+M15) -> 8.2683333
A16: Z13 | B16: Petit strip vert nord (vers puisard PEHD central) | C16: GRASS | D16: 40.8 | F16: =IF(E16<>"",E16,IF(UPPER(TRIM(C16))="BASIN",IF(UPPER(TRIM(Inputs!$B$52))="YES",Inputs!$B$12,0),IF(UPPER(TRIM(C16))="ROOF",Inputs!$B$10,IF(UPPER(TRIM(C16))="PAVAGE",Inputs!$B$58,IF(UPPER(TRIM(C16))="TRESFOND",Inputs!$B$11,IF(UPPER(TRIM(C16))="GRASS",Inputs!$B$12,Inputs!$B$13)))))) -> 0.25 | G16: =IF(A16="","",N16) -> 7.2 | H16: =IF(A16="","",Inputs!$B$3/((IF(G16="",Inputs!$B$14,G16)+Inputs!$B$4)^Inputs!$B$5)) -> 105.39118 | I16: =IF(A16="","",0.000000278*F16*D16*H16) -> 0.00029884724 | J16: E09 | K16: Devie vers puisard PEHD central puis reseau interne mecanique vers bassin (pas via bande est). | M16: =IF(A16="","",IF(OR(J16="",Inputs!$B$59=""),0,IFERROR(INDEX(Elements_hybrides!$F$4:$F$204,MATCH(J16,Elements_hybrides!$A$4:$A$204,0))/(Inputs!$B$59*60),0))) -> 0.2 | N16: =IF(A16="","",IF(L16="",Inputs!$B$14,L16)+M16) -> 7.2
D17: =SUM(D4:D16) -> 1746.7 | F17: =IF(E17<>"",E17,IF(UPPER(TRIM(C17))="BASIN",IF(UPPER(TRIM(Inputs!$B$52))="YES",Inputs!$B$12,0),IF(UPPER(TRIM(C17))="ROOF",Inputs!$B$10,IF(UPPER(TRIM(C17))="PAVAGE",Inputs!$B$58,IF(UPPER(TRIM(C17))="TRESFOND",Inputs!$B$11,IF(UPPER(TRIM(C17))="GRASS",Inputs!$B$12,Inputs!$B$13)))))) -> 0.6 | G17: =IF(A17="","",N17) | H17: =IF(A17="","",Inputs!$B$3/((IF(G17="",Inputs!$B$14,G17)+Inputs!$B$4)^Inputs!$B$5)) | I17: =IF(A17="","",0.000000278*F17*D17*H17) | M17: =IF(A17="","",IF(OR(J17="",Inputs!$B$59=""),0,IFERROR(INDEX(Elements_hybrides!$F$4:$F$204,MATCH(J17,Elements_hybrides!$A$4:$A$204,0))/(Inputs!$B$59*60),0))) | N17: =IF(A17="","",IF(L17="",Inputs!$B$14,L17)+M17)
F18: =IF(E18<>"",E18,IF(UPPER(TRIM(C18))="BASIN",IF(UPPER(TRIM(Inputs!$B$52))="YES",Inputs!$B$12,0),IF(UPPER(TRIM(C18))="ROOF",Inputs!$B$10,IF(UPPER(TRIM(C18))="PAVAGE",Inputs!$B$58,IF(UPPER(TRIM(C18))="TRESFOND",Inputs!$B$11,IF(UPPER(TRIM(C18))="GRASS",Inputs!$B$12,Inputs!$B$13)))))) -> 0.6 | G18: =IF(A18="","",N18) | H18: =IF(A18="","",Inputs!$B$3/((IF(G18="",Inputs!$B$14,G18)+Inputs!$B$4)^Inputs!$B$5)) | I18: =IF(A18="","",0.000000278*F18*D18*H18) | M18: =IF(A18="","",IF(OR(J18="",Inputs!$B$59=""),0,IFERROR(INDEX(Elements_hybrides!$F$4:$F$204,MATCH(J18,Elements_hybrides!$A$4:$A$204,0))/(Inputs!$B$59*60),0))) | N18: =IF(A18="","",IF(L18="",Inputs!$B$14,L18)+M18)
C19: grass | D19: =D6+D7+D9+D11+D14 -> 246.8 | F19: =IF(E19<>"",E19,IF(UPPER(TRIM(C19))="BASIN",IF(UPPER(TRIM(Inputs!$B$52))="YES",Inputs!$B$12,0),IF(UPPER(TRIM(C19))="ROOF",Inputs!$B$10,IF(UPPER(TRIM(C19))="PAVAGE",Inputs!$B$58,IF(UPPER(TRIM(C19))="TRESFOND",Inputs!$B$11,IF(UPPER(TRIM(C19))="GRASS",Inputs!$B$12,Inputs!$B$13)))))) -> 0.25 | G19: =IF(A19="","",N19) | H19: =IF(A19="","",Inputs!$B$3/((IF(G19="",Inputs!$B$14,G19)+Inputs!$B$4)^Inputs!$B$5)) | I19: =IF(A19="","",0.000000278*F19*D19*H19) | M19: =IF(A19="","",IF(OR(J19="",Inputs!$B$59=""),0,IFERROR(INDEX(Elements_hybrides!$F$4:$F$204,MATCH(J19,Elements_hybrides!$A$4:$A$204,0))/(Inputs!$B$59*60),0))) | N19: =IF(A19="","",IF(L19="",Inputs!$B$14,L19)+M19)
C20: pavage | D20: =D8+D10+D13+D15 -> 94.3 | F20: =IF(E20<>"",E20,IF(UPPER(TRIM(C20))="BASIN",IF(UPPER(TRIM(Inputs!$B$52))="YES",Inputs!$B$12,0),IF(UPPER(TRIM(C20))="ROOF",Inputs!$B$10,IF(UPPER(TRIM(C20))="PAVAGE",Inputs!$B$58,IF(UPPER(TRIM(C20))="TRESFOND",Inputs!$B$11,IF(UPPER(TRIM(C20))="GRASS",Inputs!$B$12,Inputs!$B$13)))))) -> 0.95 | G20: =IF(A20="","",N20) | H20: =IF(A20="","",Inputs!$B$3/((IF(G20="",Inputs!$B$14,G20)+Inputs!$B$4)^Inputs!$B$5)) | I20: =IF(A20="","",0.000000278*F20*D20*H20) | M20: =IF(A20="","",IF(OR(J20="",Inputs!$B$59=""),0,IFERROR(INDEX(Elements_hybrides!$F$4:$F$204,MATCH(J20,Elements_hybrides!$A$4:$A$204,0))/(Inputs!$B$59*60),0))) | N20: =IF(A20="","",IF(L20="",Inputs!$B$14,L20)+M20)
F21: =IF(E21<>"",E21,IF(UPPER(TRIM(C21))="BASIN",IF(UPPER(TRIM(Inputs!$B$52))="YES",Inputs!$B$12,0),IF(UPPER(TRIM(C21))="ROOF",Inputs!$B$10,IF(UPPER(TRIM(C21))="PAVAGE",Inputs!$B$58,IF(UPPER(TRIM(C21))="TRESFOND",Inputs!$B$11,IF(UPPER(TRIM(C21))="GRASS",Inputs!$B$12,Inputs!$B$13)))))) -> 0.6 | G21: =IF(A21="","",N21) | H21: =IF(A21="","",Inputs!$B$3/((IF(G21="",Inputs!$B$14,G21)+Inputs!$B$4)^Inputs!$B$5)) | I21: =IF(A21="","",0.000000278*F21*D21*H21) | M21: =IF(A21="","",IF(OR(J21="",Inputs!$B$59=""),0,IFERROR(INDEX(Elements_hybrides!$F$4:$F$204,MATCH(J21,Elements_hybrides!$A$4:$A$204,0))/(Inputs!$B$59*60),0))) | N21: =IF(A21="","",IF(L21="",Inputs!$B$14,L21)+M21)
B22: empreinte bassin | D22: 109.7 | F22: =IF(E22<>"",E22,IF(UPPER(TRIM(C22))="BASIN",IF(UPPER(TRIM(Inputs!$B$52))="YES",Inputs!$B$12,0),IF(UPPER(TRIM(C22))="ROOF",Inputs!$B$10,IF(UPPER(TRIM(C22))="PAVAGE",Inputs!$B$58,IF(UPPER(TRIM(C22))="TRESFOND",Inputs!$B$11,IF(UPPER(TRIM(C22))="GRASS",Inputs!$B$12,Inputs!$B$13)))))) -> 0.6 | G22: =IF(A22="","",N22) | H22: =IF(A22="","",Inputs!$B$3/((IF(G22="",Inputs!$B$14,G22)+Inputs!$B$4)^Inputs!$B$5)) | I22: =IF(A22="","",0.000000278*F22*D22*H22) | M22: =IF(A22="","",IF(OR(J22="",Inputs!$B$59=""),0,IFERROR(INDEX(Elements_hybrides!$F$4:$F$204,MATCH(J22,Elements_hybrides!$A$4:$A$204,0))/(Inputs!$B$59*60),0))) | N22: =IF(A22="","",IF(L22="",Inputs!$B$14,L22)+M22)
F23: =IF(E23<>"",E23,IF(UPPER(TRIM(C23))="BASIN",IF(UPPER(TRIM(Inputs!$B$52))="YES",Inputs!$B$12,0),IF(UPPER(TRIM(C23))="ROOF",Inputs!$B$10,IF(UPPER(TRIM(C23))="PAVAGE",Inputs!$B$58,IF(UPPER(TRIM(C23))="TRESFOND",Inputs!$B$11,IF(UPPER(TRIM(C23))="GRASS",Inputs!$B$12,Inputs!$B$13)))))) -> 0.6 | G23: =IF(A23="","",N23) | H23: =IF(A23="","",Inputs!$B$3/((IF(G23="",Inputs!$B$14,G23)+Inputs!$B$4)^Inputs!$B$5)) | I23: =IF(A23="","",0.000000278*F23*D23*H23) | M23: =IF(A23="","",IF(OR(J23="",Inputs!$B$59=""),0,IFERROR(INDEX(Elements_hybrides!$F$4:$F$204,MATCH(J23,Elements_hybrides!$A$4:$A$204,0))/(Inputs!$B$59*60),0))) | N23: =IF(A23="","",IF(L23="",Inputs!$B$14,L23)+M23)
F24: =IF(E24<>"",E24,IF(UPPER(TRIM(C24))="BASIN",IF(UPPER(TRIM(Inputs!$B$52))="YES",Inputs!$B$12,0),IF(UPPER(TRIM(C24))="ROOF",Inputs!$B$10,IF(UPPER(TRIM(C24))="PAVAGE",Inputs!$B$58,IF(UPPER(TRIM(C24))="TRESFOND",Inputs!$B$11,IF(UPPER(TRIM(C24))="GRASS",Inputs!$B$12,Inputs!$B$13)))))) -> 0.6 | G24: =IF(A24="","",N24) | H24: =IF(A24="","",Inputs!$B$3/((IF(G24="",Inputs!$B$14,G24)+Inputs!$B$4)^Inputs!$B$5)) | I24: =IF(A24="","",0.000000278*F24*D24*H24) | M24: =IF(A24="","",IF(OR(J24="",Inputs!$B$59=""),0,IFERROR(INDEX(Elements_hybrides!$F$4:$F$204,MATCH(J24,Elements_hybrides!$A$4:$A$204,0))/(Inputs!$B$59*60),0))) | N24: =IF(A24="","",IF(L24="",Inputs!$B$14,L24)+M24)
F25: =IF(E25<>"",E25,IF(UPPER(TRIM(C25))="BASIN",IF(UPPER(TRIM(Inputs!$B$52))="YES",Inputs!$B$12,0),IF(UPPER(TRIM(C25))="ROOF",Inputs!$B$10,IF(UPPER(TRIM(C25))="PAVAGE",Inputs!$B$58,IF(UPPER(TRIM(C25))="TRESFOND",Inputs!$B$11,IF(UPPER(TRIM(C25))="GRASS",Inputs!$B$12,Inputs!$B$13)))))) -> 0.6 | G25: =IF(A25="","",N25) | H25: =IF(A25="","",Inputs!$B$3/((IF(G25="",Inputs!$B$14,G25)+Inputs!$B$4)^Inputs!$B$5)) | I25: =IF(A25="","",0.000000278*F25*D25*H25) | M25: =IF(A25="","",IF(OR(J25="",Inputs!$B$59=""),0,IFERROR(INDEX(Elements_hybrides!$F$4:$F$204,MATCH(J25,Elements_hybrides!$A$4:$A$204,0))/(Inputs!$B$59*60),0))) | N25: =IF(A25="","",IF(L25="",Inputs!$B$14,L25)+M25)
F26: =IF(E26<>"",E26,IF(UPPER(TRIM(C26))="BASIN",IF(UPPER(TRIM(Inputs!$B$52))="YES",Inputs!$B$12,0),IF(UPPER(TRIM(C26))="ROOF",Inputs!$B$10,IF(UPPER(TRIM(C26))="PAVAGE",Inputs!$B$58,IF(UPPER(TRIM(C26))="TRESFOND",Inputs!$B$11,IF(UPPER(TRIM(C26))="GRASS",Inputs!$B$12,Inputs!$B$13)))))) -> 0.6 | G26: =IF(A26="","",N26) | H26: =IF(A26="","",Inputs!$B$3/((IF(G26="",Inputs!$B$14,G26)+Inputs!$B$4)^Inputs!$B$5)) | I26: =IF(A26="","",0.000000278*F26*D26*H26) | M26: =IF(A26="","",IF(OR(J26="",Inputs!$B$59=""),0,IFERROR(INDEX(Elements_hybrides!$F$4:$F$204,MATCH(J26,Elements_hybrides!$A$4:$A$204,0))/(Inputs!$B$59*60),0))) | N26: =IF(A26="","",IF(L26="",Inputs!$B$14,L26)+M26)
F27: =IF(E27<>"",E27,IF(UPPER(TRIM(C27))="BASIN",IF(UPPER(TRIM(Inputs!$B$52))="YES",Inputs!$B$12,0),IF(UPPER(TRIM(C27))="ROOF",Inputs!$B$10,IF(UPPER(TRIM(C27))="PAVAGE",Inputs!$B$58,IF(UPPER(TRIM(C27))="TRESFOND",Inputs!$B$11,IF(UPPER(TRIM(C27))="GRASS",Inputs!$B$12,Inputs!$B$13)))))) -> 0.6 | G27: =IF(A27="","",N27) | H27: =IF(A27="","",Inputs!$B$3/((IF(G27="",Inputs!$B$14,G27)+Inputs!$B$4)^Inputs!$B$5)) | I27: =IF(A27="","",0.000000278*F27*D27*H27) | M27: =IF(A27="","",IF(OR(J27="",Inputs!$B$59=""),0,IFERROR(INDEX(Elements_hybrides!$F$4:$F$204,MATCH(J27,Elements_hybrides!$A$4:$A$204,0))/(Inputs!$B$59*60),0))) | N27: =IF(A27="","",IF(L27="",Inputs!$B$14,L27)+M27)
F28: =IF(E28<>"",E28,IF(UPPER(TRIM(C28))="BASIN",IF(UPPER(TRIM(Inputs!$B$52))="YES",Inputs!$B$12,0),IF(UPPER(TRIM(C28))="ROOF",Inputs!$B$10,IF(UPPER(TRIM(C28))="PAVAGE",Inputs!$B$58,IF(UPPER(TRIM(C28))="TRESFOND",Inputs!$B$11,IF(UPPER(TRIM(C28))="GRASS",Inputs!$B$12,Inputs!$B$13)))))) -> 0.6 | G28: =IF(A28="","",N28) | H28: =IF(A28="","",Inputs!$B$3/((IF(G28="",Inputs!$B$14,G28)+Inputs!$B$4)^Inputs!$B$5)) | I28: =IF(A28="","",0.000000278*F28*D28*H28) | M28: =IF(A28="","",IF(OR(J28="",Inputs!$B$59=""),0,IFERROR(INDEX(Elements_hybrides!$F$4:$F$204,MATCH(J28,Elements_hybrides!$A$4:$A$204,0))/(Inputs!$B$59*60),0))) | N28: =IF(A28="","",IF(L28="",Inputs!$B$14,L28)+M28)
F29: =IF(E29<>"",E29,IF(UPPER(TRIM(C29))="BASIN",IF(UPPER(TRIM(Inputs!$B$52))="YES",Inputs!$B$12,0),IF(UPPER(TRIM(C29))="ROOF",Inputs!$B$10,IF(UPPER(TRIM(C29))="PAVAGE",Inputs!$B$58,IF(UPPER(TRIM(C29))="TRESFOND",Inputs!$B$11,IF(UPPER(TRIM(C29))="GRASS",Inputs!$B$12,Inputs!$B$13)))))) -> 0.6 | G29: =IF(A29="","",N29) | H29: =IF(A29="","",Inputs!$B$3/((IF(G29="",Inputs!$B$14,G29)+Inputs!$B$4)^Inputs!$B$5)) | I29: =IF(A29="","",0.000000278*F29*D29*H29) | M29: =IF(A29="","",IF(OR(J29="",Inputs!$B$59=""),0,IFERROR(INDEX(Elements_hybrides!$F$4:$F$204,MATCH(J29,Elements_hybrides!$A$4:$A$204,0))/(Inputs!$B$59*60),0))) | N29: =IF(A29="","",IF(L29="",Inputs!$B$14,L29)+M29)
F30: =IF(E30<>"",E30,IF(UPPER(TRIM(C30))="BASIN",IF(UPPER(TRIM(Inputs!$B$52))="YES",Inputs!$B$12,0),IF(UPPER(TRIM(C30))="ROOF",Inputs!$B$10,IF(UPPER(TRIM(C30))="PAVAGE",Inputs!$B$58,IF(UPPER(TRIM(C30))="TRESFOND",Inputs!$B$11,IF(UPPER(TRIM(C30))="GRASS",Inputs!$B$12,Inputs!$B$13)))))) -> 0.6 | G30: =IF(A30="","",N30) | H30: =IF(A30="","",Inputs!$B$3/((IF(G30="",Inputs!$B$14,G30)+Inputs!$B$4)^Inputs!$B$5)) | I30: =IF(A30="","",0.000000278*F30*D30*H30) | M30: =IF(A30="","",IF(OR(J30="",Inputs!$B$59=""),0,IFERROR(INDEX(Elements_hybrides!$F$4:$F$204,MATCH(J30,Elements_hybrides!$A$4:$A$204,0))/(Inputs!$B$59*60),0))) | N30: =IF(A30="","",IF(L30="",Inputs!$B$14,L30)+M30)
F31: =IF(E31<>"",E31,IF(UPPER(TRIM(C31))="BASIN",IF(UPPER(TRIM(Inputs!$B$52))="YES",Inputs!$B$12,0),IF(UPPER(TRIM(C31))="ROOF",Inputs!$B$10,IF(UPPER(TRIM(C31))="PAVAGE",Inputs!$B$58,IF(UPPER(TRIM(C31))="TRESFOND",Inputs!$B$11,IF(UPPER(TRIM(C31))="GRASS",Inputs!$B$12,Inputs!$B$13)))))) -> 0.6 | G31: =IF(A31="","",N31) | H31: =IF(A31="","",Inputs!$B$3/((IF(G31="",Inputs!$B$14,G31)+Inputs!$B$4)^Inputs!$B$5)) | I31: =IF(A31="","",0.000000278*F31*D31*H31) | M31: =IF(A31="","",IF(OR(J31="",Inputs!$B$59=""),0,IFERROR(INDEX(Elements_hybrides!$F$4:$F$204,MATCH(J31,Elements_hybrides!$A$4:$A$204,0))/(Inputs!$B$59*60),0))) | N31: =IF(A31="","",IF(L31="",Inputs!$B$14,L31)+M31)
F32: =IF(E32<>"",E32,IF(UPPER(TRIM(C32))="BASIN",IF(UPPER(TRIM(Inputs!$B$52))="YES",Inputs!$B$12,0),IF(UPPER(TRIM(C32))="ROOF",Inputs!$B$10,IF(UPPER(TRIM(C32))="PAVAGE",Inputs!$B$58,IF(UPPER(TRIM(C32))="TRESFOND",Inputs!$B$11,IF(UPPER(TRIM(C32))="GRASS",Inputs!$B$12,Inputs!$B$13)))))) -> 0.6 | G32: =IF(A32="","",N32) | H32: =IF(A32="","",Inputs!$B$3/((IF(G32="",Inputs!$B$14,G32)+Inputs!$B$4)^Inputs!$B$5)) | I32: =IF(A32="","",0.000000278*F32*D32*H32) | M32: =IF(A32="","",IF(OR(J32="",Inputs!$B$59=""),0,IFERROR(INDEX(Elements_hybrides!$F$4:$F$204,MATCH(J32,Elements_hybrides!$A$4:$A$204,0))/(Inputs!$B$59*60),0))) | N32: =IF(A32="","",IF(L32="",Inputs!$B$14,L32)+M32)
F33: =IF(E33<>"",E33,IF(UPPER(TRIM(C33))="BASIN",IF(UPPER(TRIM(Inputs!$B$52))="YES",Inputs!$B$12,0),IF(UPPER(TRIM(C33))="ROOF",Inputs!$B$10,IF(UPPER(TRIM(C33))="PAVAGE",Inputs!$B$58,IF(UPPER(TRIM(C33))="TRESFOND",Inputs!$B$11,IF(UPPER(TRIM(C33))="GRASS",Inputs!$B$12,Inputs!$B$13)))))) -> 0.6 | G33: =IF(A33="","",N33) | H33: =IF(A33="","",Inputs!$B$3/((IF(G33="",Inputs!$B$14,G33)+Inputs!$B$4)^Inputs!$B$5)) | I33: =IF(A33="","",0.000000278*F33*D33*H33) | M33: =IF(A33="","",IF(OR(J33="",Inputs!$B$59=""),0,IFERROR(INDEX(Elements_hybrides!$F$4:$F$204,MATCH(J33,Elements_hybrides!$A$4:$A$204,0))/(Inputs!$B$59*60),0))) | N33: =IF(A33="","",IF(L33="",Inputs!$B$14,L33)+M33)
F34: =IF(E34<>"",E34,IF(UPPER(TRIM(C34))="BASIN",IF(UPPER(TRIM(Inputs!$B$52))="YES",Inputs!$B$12,0),IF(UPPER(TRIM(C34))="ROOF",Inputs!$B$10,IF(UPPER(TRIM(C34))="PAVAGE",Inputs!$B$58,IF(UPPER(TRIM(C34))="TRESFOND",Inputs!$B$11,IF(UPPER(TRIM(C34))="GRASS",Inputs!$B$12,Inputs!$B$13)))))) -> 0.6 | G34: =IF(A34="","",N34) | H34: =IF(A34="","",Inputs!$B$3/((IF(G34="",Inputs!$B$14,G34)+Inputs!$B$4)^Inputs!$B$5)) | I34: =IF(A34="","",0.000000278*F34*D34*H34) | M34: =IF(A34="","",IF(OR(J34="",Inputs!$B$59=""),0,IFERROR(INDEX(Elements_hybrides!$F$4:$F$204,MATCH(J34,Elements_hybrides!$A$4:$A$204,0))/(Inputs!$B$59*60),0))) | N34: =IF(A34="","",IF(L34="",Inputs!$B$14,L34)+M34)
... F204: =IF(E204<>"",E204,IF(UPPER(TRIM(C204))="BASIN",IF(UPPER(TRIM(Inputs!$B$52))="YES",Inputs!$B$12,0),IF(UPPER(TRIM(C204))="ROOF",Inputs!$B$10,IF(UPPER(TRIM(C204))="PAVAGE",Inputs!$B$58,IF(UPPER(TRIM(C204))="TRESFOND",Inputs!$B$11,IF(UPPER(TRIM(C204))="GRASS",Inputs!$B$12,Inputs!$B$13)))))) -> 0.6 | G204: =IF(A204="","",N204) | H204: =IF(A204="","",Inputs!$B$3/((IF(G204="",Inputs!$B$14,G204)+Inputs!$B$4)^Inputs!$B$5)) | I204: =IF(A204="","",0.000000278*F204*D204*H204) | M204: =IF(A204="","",IF(OR(J204="",Inputs!$B$59=""),0,IFERROR(INDEX(Elements_hybrides!$F$4:$F$204,MATCH(J204,Elements_hybrides!$A$4:$A$204,0))/(Inputs!$B$59*60),0))) | N204: =IF(A204="","",IF(L204="",Inputs!$B$14,L204)+M204)

Sheet Elements_hybrides
A1: DIMENSIONNEMENT ELEMENTS HYBRIDES (PIPE / SWALE / TRENCH)
A2: Legend: PIPE=blue, SWALE=green, TRENCH=orange, CHECK=red; AH connection status and AL drop check use Inputs!B54:B56 thresholds.
A3: Element_ID | B3: Type | C3: From_Node | D3: To_Node | E3: Receives_into_Element_ID | F3: Length_m | G3: Slope_m/m | H3: n_override | I3: n_used | J3: Dia_pipe_mm | K3: Base_width_m | L3: Flow_depth_m | M3: Side_slope_z | N3: Porosity_trench | O3: Q_local_from_zones_m3s | P3: Q_upstream_m3s | Q3: Q_design_m3s | R3: Area_flow_m2 | S3: Hydraulic_radius_m | T3: Capacity_m3s | U3: Q_over_capacity_ratio | V3: Velocity_design_QA_mps | W3: Velocity_manning_mps | X3: Velocity_used_mps | Y3: Storage_per_m_m3 | Z3: Storage_total_m3 | AA3: Check | AB3: Notes | AC3: Invert_down_override_m | AD3: Invert_down_used_m | AE3: Invert_up_m | AF3: Downstream_invert_up_m | AG3: Connection_delta_m | AH3: Connection_status | AI3: Downstream_type | AJ3: Drop_min_req_m | AK3: Drop_max_req_m | AL3: Drop_check_status
A4: E01 | B4: TRENCH | C4: P-01 | D4: P-02 | E4: E02 | F4: 9.6 | G4: =Inputs!$B$33 -> 0.008 | I4: =IF(A4="","",IF(H4<>"",H4,IF(UPPER(TRIM(B4))="PIPE",Inputs!$B$7,IF(UPPER(TRIM(B4))="SWALE",Inputs!$B$8,Inputs!$B$9)))) -> 0.028 | J4: =Inputs!$B$30 -> 200 | K4: =Inputs!$B$28 -> 0.35 | L4: =Inputs!$B$29 -> 0.7 | M4: 0 | N4: =Inputs!$B$22 -> 0.35 | O4: =IF(A4="","",SUMIFS(Zones_tributaires!$I:$I,Zones_tributaires!$J:$J,$A4)) -> 0 | P4: =IF(A4="","",SUMIFS($Q$4:$Q$204,$E$4:$E$204,$A4)) -> 0 | Q4: =IF(A4="","",(O4+P4)*Inputs!$B$6) -> 0 | R4: =IF(A4="","",IF(UPPER(TRIM(B4))="PIPE",PI()*(J4/1000)^2/4,IF(OR(K4="",L4=""),"",L4*(K4+M4*L4)))) -> 0.245 | S4: =IF(A4="","",IF(UPPER(TRIM(B4))="PIPE",(J4/1000)/4,IF(OR(R4="",K4="",L4=""),"",R4/(K4+2*L4*SQRT(1+M4^2))))) -> 0.14 | T4: =IF(A4="","",IF(OR(I4="",R4="",S4="",G4=""),"",(1/I4)*R4*(S4^(2/3))*SQRT(G4))) -> 0.21101099 | U4: =IF(OR(T4="",Q4=""),"",Q4/(T4*Inputs!$B$19)) -> 0 | V4: =IF(OR(R4="",Q4=""),"",Q4/R4) -> 0 | W4: =IF(OR(R4="",T4=""),"",T4/R4) -> 0.86126934 | X4: =IF(A4="","",IF(OR(UPPER(TRIM(Inputs!$B$15))="MANNING",UPPER(TRIM(Inputs!$B$15))="M"),W4,IF(OR(UPPER(TRIM(Inputs!$B$15))="MAX",UPPER(TRIM(Inputs!$B$15))="X"),MAX(V4,W4),V4))) -> 0.86126934 | Y4: =IF(A4="","",IF(UPPER(TRIM(B4))="TRENCH",K4*L4*N4,IF(UPPER(TRIM(B4))="SWALE",K4*L4,0))) -> 0.08575 | Z4: =IF(OR(Y4="",F4=""),"",Y4*F4) -> 0.8232 | AA4: =IF(A4="","",IF(OR(U4>1,AND(X4<>"",X4<Inputs!$B$16),AND(X4<>"",X4>Inputs!$B$17),G4<Inputs!$B$18,AH4="CHECK"),"CHECK","OK")) -> OK | AB4: Longueur corrigee selon plan: P-01 -> P-02 = 9.6 m. | AD4: =IF(A4="","",IF(AC4<>"",AC4,IF(E4="",Inputs!$B$38,IFERROR(INDEX($AE$4:$AE$204,MATCH(E4,$A$4:$A$204,0))+IF(OR(AND(UPPER(TRIM(B4))="SWALE",UPPER(TRIM(AI4))="PIPE"),AND(UPPER(TRIM(B4))="TRENCH",UPPER(TRIM(AI4))="PIPE")),Inputs!$B$57,0),"")))) -> 21.8912 | AE4: =IF(OR(AD4="",F4="",G4=""),"",AD4+F4*G4) -> 21.968 | AF4: =IF(OR(E4="",A4=""),"",IFERROR(INDEX($AE$4:$AE$204,MATCH(E4,$A$4:$A$204,0)),"")) -> 21.8912 | AG4: =IF(OR(AD4="",AF4=""),"",AD4-AF4) -> 0 | AH4: =IF(A4="","",IF(E4="","TERMINAL",IF(OR(AND(UPPER(TRIM(B4))="SWALE",UPPER(TRIM(AI4))="PIPE"),AND(UPPER(TRIM(B4))="TRENCH",UPPER(TRIM(AI4))="PIPE")),IF(OR(AG4="",AJ4="",AK4=""),"INFO",IF(AND(AG4>=AJ4,AG4<=AK4),"OK","CHECK")),IF(AG4="","INFO",IF(ABS(AG4)<=Inputs!$B$54,"OK","CHECK"))))) -> OK | AI4: =IF(A4="","",IF(E4="","",IFERROR(INDEX($B$4:$B$204,MATCH(E4,$A$4:$A$204,0)),""))) -> TRENCH | AJ4: =IF(A4="","",IF(OR(AND(UPPER(TRIM(B4))="SWALE",UPPER(TRIM(AI4))="PIPE"),AND(UPPER(TRIM(B4))="TRENCH",UPPER(TRIM(AI4))="PIPE")),Inputs!$B$55,0)) -> 0 | AK4: =IF(A4="","",IF(OR(AND(UPPER(TRIM(B4))="SWALE",UPPER(TRIM(AI4))="PIPE"),AND(UPPER(TRIM(B4))="TRENCH",UPPER(TRIM(AI4))="PIPE")),Inputs!$B$56,Inputs!$B$54)) -> 0.01 | AL4: =IF(A4="","",IF(E4="","TERMINAL",IF(OR(AND(UPPER(TRIM(B4))="SWALE",UPPER(TRIM(AI4))="PIPE"),AND(UPPER(TRIM(B4))="TRENCH",UPPER(TRIM(AI4))="PIPE")),IF(OR(AG4="",AJ4="",AK4=""),"INFO",IF(AND(AG4>=AJ4,AG4<=AK4),"OK","CHECK")),"N/A"))) -> N/A
A5: E02 | B5: TRENCH | C5: P-02 | D5: P-03 | E5: E03 | F5: 8.7 | G5: =Inputs!$B$33 -> 0.008 | I5: =IF(A5="","",IF(H5<>"",H5,IF(UPPER(TRIM(B5))="PIPE",Inputs!$B$7,IF(UPPER(TRIM(B5))="SWALE",Inputs!$B$8,Inputs!$B$9)))) -> 0.028 | J5: =Inputs!$B$30 -> 200 | K5: =Inputs!$B$28 -> 0.35 | L5: =Inputs!$B$29 -> 0.7 | M5: 0 | N5: =Inputs!$B$22 -> 0.35 | O5: =IF(A5="","",SUMIFS(Zones_tributaires!$I:$I,Zones_tributaires!$J:$J,$A5)) -> 0 | P5: =IF(A5="","",SUMIFS($Q$4:$Q$204,$E$4:$E$204,$A5)) -> 0 | Q5: =IF(A5="","",(O5+P5)*Inputs!$B$6) -> 0 | R5: =IF(A5="","",IF(UPPER(TRIM(B5))="PIPE",PI()*(J5/1000)^2/4,IF(OR(K5="",L5=""),"",L5*(K5+M5*L5)))) -> 0.245 | S5: =IF(A5="","",IF(UPPER(TRIM(B5))="PIPE",(J5/1000)/4,IF(OR(R5="",K5="",L5=""),"",R5/(K5+2*L5*SQRT(1+M5^2))))) -> 0.14 | T5: =IF(A5="","",IF(OR(I5="",R5="",S5="",G5=""),"",(1/I5)*R5*(S5^(2/3))*SQRT(G5))) -> 0.21101099 | U5: =IF(OR(T5="",Q5=""),"",Q5/(T5*Inputs!$B$19)) -> 0 | V5: =IF(OR(R5="",Q5=""),"",Q5/R5) -> 0 | W5: =IF(OR(R5="",T5=""),"",T5/R5) -> 0.86126934 | X5: =IF(A5="","",IF(OR(UPPER(TRIM(Inputs!$B$15))="MANNING",UPPER(TRIM(Inputs!$B$15))="M"),W5,IF(OR(UPPER(TRIM(Inputs!$B$15))="MAX",UPPER(TRIM(Inputs!$B$15))="X"),MAX(V5,W5),V5))) -> 0.86126934 | Y5: =IF(A5="","",IF(UPPER(TRIM(B5))="TRENCH",K5*L5*N5,IF(UPPER(TRIM(B5))="SWALE",K5*L5,0))) -> 0.08575 | Z5: =IF(OR(Y5="",F5=""),"",Y5*F5) -> 0.746025 | AA5: =IF(A5="","",IF(OR(U5>1,AND(X5<>"",X5<Inputs!$B$16),AND(X5<>"",X5>Inputs!$B$17),G5<Inputs!$B$18,AH5="CHECK"),"CHECK","OK")) -> OK | AB5: Longueur corrigee selon plan: P-02 -> P-03 = 8.7 m. | AD5: =IF(A5="","",IF(AC5<>"",AC5,IF(E5="",Inputs!$B$38,IFERROR(INDEX($AE$4:$AE$204,MATCH(E5,$A$4:$A$204,0))+IF(OR(AND(UPPER(TRIM(B5))="SWALE",UPPER(TRIM(AI5))="PIPE"),AND(UPPER(TRIM(B5))="TRENCH",UPPER(TRIM(AI5))="PIPE")),Inputs!$B$57,0),"")))) -> 21.8216 | AE5: =IF(OR(AD5="",F5="",G5=""),"",AD5+F5*G5) -> 21.8912 | AF5: =IF(OR(E5="",A5=""),"",IFERROR(INDEX($AE$4:$AE$204,MATCH(E5,$A$4:$A$204,0)),"")) -> 21.7216 | AG5: =IF(OR(AD5="",AF5=""),"",AD5-AF5) -> 0.1 | AH5: =IF(A5="","",IF(E5="","TERMINAL",IF(OR(AND(UPPER(TRIM(B5))="SWALE",UPPER(TRIM(AI5))="PIPE"),AND(UPPER(TRIM(B5))="TRENCH",UPPER(TRIM(AI5))="PIPE")),IF(OR(AG5="",AJ5="",AK5=""),"INFO",IF(AND(AG5>=AJ5,AG5<=AK5),"OK","CHECK")),IF(AG5="","INFO",IF(ABS(AG5)<=Inputs!$B$54,"OK","CHECK"))))) -> OK | AI5: =IF(A5="","",IF(E5="","",IFERROR(INDEX($B$4:$B$204,MATCH(E5,$A$4:$A$204,0)),""))) -> PIPE | AJ5: =IF(A5="","",IF(OR(AND(UPPER(TRIM(B5))="SWALE",UPPER(TRIM(AI5))="PIPE"),AND(UPPER(TRIM(B5))="TRENCH",UPPER(TRIM(AI5))="PIPE")),Inputs!$B$55,0)) -> 0.05 | AK5: =IF(A5="","",IF(OR(AND(UPPER(TRIM(B5))="SWALE",UPPER(TRIM(AI5))="PIPE"),AND(UPPER(TRIM(B5))="TRENCH",UPPER(TRIM(AI5))="PIPE")),Inputs!$B$56,Inputs!$B$54)) -> 0.3 | AL5: =IF(A5="","",IF(E5="","TERMINAL",IF(OR(AND(UPPER(TRIM(B5))="SWALE",UPPER(TRIM(AI5))="PIPE"),AND(UPPER(TRIM(B5))="TRENCH",UPPER(TRIM(AI5))="PIPE")),IF(OR(AG5="",AJ5="",AK5=""),"INFO",IF(AND(AG5>=AJ5,AG5<=AK5),"OK","CHECK")),"N/A"))) -> OK
A6: E03 | B6: PIPE | C6: P-03 | D6: J-BASSIN-IN | E6: E07 | F6: 16.1 | G6: 0.006 | I6: =IF(A6="","",IF(H6<>"",H6,IF(UPPER(TRIM(B6))="PIPE",Inputs!$B$7,IF(UPPER(TRIM(B6))="SWALE",Inputs!$B$8,Inputs!$B$9)))) -> 0.013 | J6: 200 | N6: 0 | O6: =IF(A6="","",SUMIFS(Zones_tributaires!$I:$I,Zones_tributaires!$J:$J,$A6)) -> 0.0028949371 | P6: =IF(A6="","",SUMIFS($Q$4:$Q$204,$E$4:$E$204,$A6)) -> 0 | Q6: =IF(A6="","",(O6+P6)*Inputs!$B$6) -> 0.0031844308 | R6: =IF(A6="","",IF(UPPER(TRIM(B6))="PIPE",PI()*(J6/1000)^2/4,IF(OR(K6="",L6=""),"",L6*(K6+M6*L6)))) -> 0.031415927 | S6: =IF(A6="","",IF(UPPER(TRIM(B6))="PIPE",(J6/1000)/4,IF(OR(R6="",K6="",L6=""),"",R6/(K6+2*L6*SQRT(1+M6^2))))) -> 0.05 | T6: =IF(A6="","",IF(OR(I6="",R6="",S6="",G6=""),"",(1/I6)*R6*(S6^(2/3))*SQRT(G6))) -> 0.025405563 | U6: =IF(OR(T6="",Q6=""),"",Q6/(T6*Inputs!$B$19)) -> 0.1566798 | V6: =IF(OR(R6="",Q6=""),"",Q6/R6) -> 0.10136358 | W6: =IF(OR(R6="",T6=""),"",T6/R6) -> 0.80868417 | X6: =IF(A6="","",IF(OR(UPPER(TRIM(Inputs!$B$15))="MANNING",UPPER(TRIM(Inputs!$B$15))="M"),W6,IF(OR(UPPER(TRIM(Inputs!$B$15))="MAX",UPPER(TRIM(Inputs!$B$15))="X"),MAX(V6,W6),V6))) -> 0.80868417 | Y6: =IF(A6="","",IF(UPPER(TRIM(B6))="TRENCH",K6*L6*N6,IF(UPPER(TRIM(B6))="SWALE",K6*L6,0))) -> 0 | Z6: =IF(OR(Y6="",F6=""),"",Y6*F6) -> 0 | AA6: =IF(A6="","",IF(OR(U6>1,AND(X6<>"",X6<Inputs!$B$16),AND(X6<>"",X6>Inputs!$B$17),G6<Inputs!$B$18,AH6="CHECK"),"CHECK","OK")) -> OK | AB6: Entree EST: P-03 -> J-BASSIN-IN (16.1 m). | AD6: =IF(A6="","",IF(AC6<>"",AC6,IF(E6="",Inputs!$B$38,IFERROR(INDEX($AE$4:$AE$204,MATCH(E6,$A$4:$A$204,0))+IF(OR(AND(UPPER(TRIM(B6))="SWALE",UPPER(TRIM(AI6))="PIPE"),AND(UPPER(TRIM(B6))="TRENCH",UPPER(TRIM(AI6))="PIPE")),Inputs!$B$57,0),"")))) -> 21.625 | AE6: =IF(OR(AD6="",F6="",G6=""),"",AD6+F6*G6) -> 21.7216 | AF6: =IF(OR(E6="",A6=""),"",IFERROR(INDEX($AE$4:$AE$204,MATCH(E6,$A$4:$A$204,0)),"")) -> 21.625 | AG6: =IF(OR(AD6="",AF6=""),"",AD6-AF6) -> 0 | AH6: =IF(A6="","",IF(E6="","TERMINAL",IF(OR(AND(UPPER(TRIM(B6))="SWALE",UPPER(TRIM(AI6))="PIPE"),AND(UPPER(TRIM(B6))="TRENCH",UPPER(TRIM(AI6))="PIPE")),IF(OR(AG6="",AJ6="",AK6=""),"INFO",IF(AND(AG6>=AJ6,AG6<=AK6),"OK","CHECK")),IF(AG6="","INFO",IF(ABS(AG6)<=Inputs!$B$54,"OK","CHECK"))))) -> OK | AI6: =IF(A6="","",IF(E6="","",IFERROR(INDEX($B$4:$B$204,MATCH(E6,$A$4:$A$204,0)),""))) -> PIPE | AJ6: =IF(A6="","",IF(OR(AND(UPPER(TRIM(B6))="SWALE",UPPER(TRIM(AI6))="PIPE"),AND(UPPER(TRIM(B6))="TRENCH",UPPER(TRIM(AI6))="PIPE")),Inputs!$B$55,0)) -> 0 | AK6: =IF(A6="","",IF(OR(AND(UPPER(TRIM(B6))="SWALE",UPPER(TRIM(AI6))="PIPE"),AND(UPPER(TRIM(B6))="TRENCH",UPPER(TRIM(AI6))="PIPE")),Inputs!$B$56,Inputs!$B$54)) -> 0.01 | AL6: =IF(A6="","",IF(E6="","TERMINAL",IF(OR(AND(UPPER(TRIM(B6))="SWALE",UPPER(TRIM(AI6))="PIPE"),AND(UPPER(TRIM(B6))="TRENCH",UPPER(TRIM(AI6))="PIPE")),IF(OR(AG6="",AJ6="",AK6=""),"INFO",IF(AND(AG6>=AJ6,AG6<=AK6),"OK","CHECK")),"N/A"))) -> N/A
A7: E04 | B7: PIPE | C7: J-OUEST-AVAL | D7: J-BASSIN-OUEST | E7: E08 | F7: =Inputs!$B$53 -> 4.7 | G7: 0.004 | I7: =IF(A7="","",IF(H7<>"",H7,IF(UPPER(TRIM(B7))="PIPE",Inputs!$B$7,IF(UPPER(TRIM(B7))="SWALE",Inputs!$B$8,Inputs!$B$9)))) -> 0.013 | J7: 250 | N7: 0 | O7: =IF(A7="","",SUMIFS(Zones_tributaires!$I:$I,Zones_tributaires!$J:$J,$A7)) -> 0 | P7: =IF(A7="","",SUMIFS($Q$4:$Q$204,$E$4:$E$204,$A7)) -> 0.0022595801 | Q7: =IF(A7="","",(O7+P7)*Inputs!$B$6) -> 0.0024855381 | R7: =IF(A7="","",IF(UPPER(TRIM(B7))="PIPE",PI()*(J7/1000)^2/4,IF(OR(K7="",L7=""),"",L7*(K7+M7*L7)))) -> 0.049087385 | S7: =IF(A7="","",IF(UPPER(TRIM(B7))="PIPE",(J7/1000)/4,IF(OR(R7="",K7="",L7=""),"",R7/(K7+2*L7*SQRT(1+M7^2))))) -> 0.0625 | T7: =IF(A7="","",IF(OR(I7="",R7="",S7="",G7=""),"",(1/I7)*R7*(S7^(2/3))*SQRT(G7))) -> 0.037610568 | U7: =IF(OR(T7="",Q7=""),"",Q7/(T7*Inputs!$B$19)) -> 0.082607704 | V7: =IF(OR(R7="",Q7=""),"",Q7/R7) -> 0.050634967 | W7: =IF(OR(R7="",T7=""),"",T7/R7) -> 0.76619619 | X7: =IF(A7="","",IF(OR(UPPER(TRIM(Inputs!$B$15))="MANNING",UPPER(TRIM(Inputs!$B$15))="M"),W7,IF(OR(UPPER(TRIM(Inputs!$B$15))="MAX",UPPER(TRIM(Inputs!$B$15))="X"),MAX(V7,W7),V7))) -> 0.76619619 | Y7: =IF(A7="","",IF(UPPER(TRIM(B7))="TRENCH",K7*L7*N7,IF(UPPER(TRIM(B7))="SWALE",K7*L7,0))) -> 0 | Z7: =IF(OR(Y7="",F7=""),"",Y7*F7) -> 0 | AA7: =IF(A7="","",IF(OR(U7>1,AND(X7<>"",X7<Inputs!$B$16),AND(X7<>"",X7>Inputs!$B$17),G7<Inputs!$B$18,AH7="CHECK"),"CHECK","OK")) -> OK | AB7: Collecteur ouest final en conduite (4.7 m) vers entree ouest bassin. | AD7: =IF(A7="","",IF(AC7<>"",AC7,IF(E7="",Inputs!$B$38,IFERROR(INDEX($AE$4:$AE$204,MATCH(E7,$A$4:$A$204,0))+IF(OR(AND(UPPER(TRIM(B7))="SWALE",UPPER(TRIM(AI7))="PIPE"),AND(UPPER(TRIM(B7))="TRENCH",UPPER(TRIM(AI7))="PIPE")),Inputs!$B$57,0),"")))) | AE7: =IF(OR(AD7="",F7="",G7=""),"",AD7+F7*G7) | AF7: =IF(OR(E7="",A7=""),"",IFERROR(INDEX($AE$4:$AE$204,MATCH(E7,$A$4:$A$204,0)),"")) | AG7: =IF(OR(AD7="",AF7=""),"",AD7-AF7) | AH7: =IF(A7="","",IF(E7="","TERMINAL",IF(OR(AND(UPPER(TRIM(B7))="SWALE",UPPER(TRIM(AI7))="PIPE"),AND(UPPER(TRIM(B7))="TRENCH",UPPER(TRIM(AI7))="PIPE")),IF(OR(AG7="",AJ7="",AK7=""),"INFO",IF(AND(AG7>=AJ7,AG7<=AK7),"OK","CHECK")),IF(AG7="","INFO",IF(ABS(AG7)<=Inputs!$B$54,"OK","CHECK"))))) -> INFO | AI7: =IF(A7="","",IF(E7="","",IFERROR(INDEX($B$4:$B$204,MATCH(E7,$A$4:$A$204,0)),""))) -> PIPE | AJ7: =IF(A7="","",IF(OR(AND(UPPER(TRIM(B7))="SWALE",UPPER(TRIM(AI7))="PIPE"),AND(UPPER(TRIM(B7))="TRENCH",UPPER(TRIM(AI7))="PIPE")),Inputs!$B$55,0)) -> 0 | AK7: =IF(A7="","",IF(OR(AND(UPPER(TRIM(B7))="SWALE",UPPER(TRIM(AI7))="PIPE"),AND(UPPER(TRIM(B7))="TRENCH",UPPER(TRIM(AI7))="PIPE")),Inputs!$B$56,Inputs!$B$54)) -> 0.01 | AL7: =IF(A7="","",IF(E7="","TERMINAL",IF(OR(AND(UPPER(TRIM(B7))="SWALE",UPPER(TRIM(AI7))="PIPE"),AND(UPPER(TRIM(B7))="TRENCH",UPPER(TRIM(AI7))="PIPE")),IF(OR(AG7="",AJ7="",AK7=""),"INFO",IF(AND(AG7>=AJ7,AG7<=AK7),"OK","CHECK")),"N/A"))) -> N/A
A8: E05A | B8: PIPE | C8: J-OUEST-AMONT | D8: J-OUEST-PU1 | E8: E05B | F8: =Inputs!$B$48 -> 2.7707809 | G8: 0.01 | I8: =IF(A8="","",IF(H8<>"",H8,IF(UPPER(TRIM(B8))="PIPE",Inputs!$B$7,IF(UPPER(TRIM(B8))="SWALE",Inputs!$B$8,Inputs!$B$9)))) -> 0.013 | J8: 200 | N8: 0 | O8: =IF(A8="","",SUMIFS(Zones_tributaires!$I:$I,Zones_tributaires!$J:$J,$A8)) -> 9.7455622e-05 | P8: =IF(A8="","",SUMIFS($Q$4:$Q$204,$E$4:$E$204,$A8)) -> 0 | Q8: =IF(A8="","",(O8+P8)*Inputs!$B$6) -> 0.00010720118 | R8: =IF(A8="","",IF(UPPER(TRIM(B8))="PIPE",PI()*(J8/1000)^2/4,IF(OR(K8="",L8=""),"",L8*(K8+M8*L8)))) -> 0.031415927 | S8: =IF(A8="","",IF(UPPER(TRIM(B8))="PIPE",(J8/1000)/4,IF(OR(R8="",K8="",L8=""),"",R8/(K8+2*L8*SQRT(1+M8^2))))) -> 0.05 | T8: =IF(A8="","",IF(OR(I8="",R8="",S8="",G8=""),"",(1/I8)*R8*(S8^(2/3))*SQRT(G8))) -> 0.03279844 | U8: =IF(OR(T8="",Q8=""),"",Q8/(T8*Inputs!$B$19)) -> 0.0040856053 | V8: =IF(OR(R8="",Q8=""),"",Q8/R8) -> 0.0034123197 | W8: =IF(OR(R8="",T8=""),"",T8/R8) -> 1.0440068 | X8: =IF(A8="","",IF(OR(UPPER(TRIM(Inputs!$B$15))="MANNING",UPPER(TRIM(Inputs!$B$15))="M"),W8,IF(OR(UPPER(TRIM(Inputs!$B$15))="MAX",UPPER(TRIM(Inputs!$B$15))="X"),MAX(V8,W8),V8))) -> 1.0440068 | Y8: =IF(A8="","",IF(UPPER(TRIM(B8))="TRENCH",K8*L8*N8,IF(UPPER(TRIM(B8))="SWALE",K8*L8,0))) -> 0 | Z8: =IF(OR(Y8="",F8=""),"",Y8*F8) -> 0 | AA8: =IF(A8="","",IF(OR(U8>1,AND(X8<>"",X8<Inputs!$B$16),AND(X8<>"",X8>Inputs!$B$17),G8<Inputs!$B$18,AH8="CHECK"),"CHECK","OK")) -> OK | AB8: Ouest segment amont en conduite DN250 vers E05B. | AD8: =IF(A8="","",IF(AC8<>"",AC8,IF(E8="",Inputs!$B$38,IFERROR(INDEX($AE$4:$AE$204,MATCH(E8,$A$4:$A$204,0))+IF(OR(AND(UPPER(TRIM(B8))="SWALE",UPPER(TRIM(AI8))="PIPE"),AND(UPPER(TRIM(B8))="TRENCH",UPPER(TRIM(AI8))="PIPE")),Inputs!$B$57,0),"")))) | AE8: =IF(OR(AD8="",F8="",G8=""),"",AD8+F8*G8) | AF8: =IF(OR(E8="",A8=""),"",IFERROR(INDEX($AE$4:$AE$204,MATCH(E8,$A$4:$A$204,0)),"")) | AG8: =IF(OR(AD8="",AF8=""),"",AD8-AF8) | AH8: =IF(A8="","",IF(E8="","TERMINAL",IF(OR(AND(UPPER(TRIM(B8))="SWALE",UPPER(TRIM(AI8))="PIPE"),AND(UPPER(TRIM(B8))="TRENCH",UPPER(TRIM(AI8))="PIPE")),IF(OR(AG8="",AJ8="",AK8=""),"INFO",IF(AND(AG8>=AJ8,AG8<=AK8),"OK","CHECK")),IF(AG8="","INFO",IF(ABS(AG8)<=Inputs!$B$54,"OK","CHECK"))))) -> INFO | AI8: =IF(A8="","",IF(E8="","",IFERROR(INDEX($B$4:$B$204,MATCH(E8,$A$4:$A$204,0)),""))) -> PIPE | AJ8: =IF(A8="","",IF(OR(AND(UPPER(TRIM(B8))="SWALE",UPPER(TRIM(AI8))="PIPE"),AND(UPPER(TRIM(B8))="TRENCH",UPPER(TRIM(AI8))="PIPE")),Inputs!$B$55,0)) -> 0 | AK8: =IF(A8="","",IF(OR(AND(UPPER(TRIM(B8))="SWALE",UPPER(TRIM(AI8))="PIPE"),AND(UPPER(TRIM(B8))="TRENCH",UPPER(TRIM(AI8))="PIPE")),Inputs!$B$56,Inputs!$B$54)) -> 0.01 | AL8: =IF(A8="","",IF(E8="","TERMINAL",IF(OR(AND(UPPER(TRIM(B8))="SWALE",UPPER(TRIM(AI8))="PIPE"),AND(UPPER(TRIM(B8))="TRENCH",UPPER(TRIM(AI8))="PIPE")),IF(OR(AG8="",AJ8="",AK8=""),"INFO",IF(AND(AG8>=AJ8,AG8<=AK8),"OK","CHECK")),"N/A"))) -> N/A
A9: E05B | B9: PIPE | C9: J-OUEST-PU1 | D9: J-OUEST-PU2 | E9: E05C | F9: =Inputs!$B$42 -> 2.3 | G9: 0.01 | I9: =IF(A9="","",IF(H9<>"",H9,IF(UPPER(TRIM(B9))="PIPE",Inputs!$B$7,IF(UPPER(TRIM(B9))="SWALE",Inputs!$B$8,Inputs!$B$9)))) -> 0.013 | J9: 200 | N9: 0 | O9: =IF(A9="","",SUMIFS(Zones_tributaires!$I:$I,Zones_tributaires!$J:$J,$A9)) -> 0.00019854401 | P9: =IF(A9="","",SUMIFS($Q$4:$Q$204,$E$4:$E$204,$A9)) -> 0.00010720118 | Q9: =IF(A9="","",(O9+P9)*Inputs!$B$6) -> 0.00033631971 | R9: =IF(A9="","",IF(UPPER(TRIM(B9))="PIPE",PI()*(J9/1000)^2/4,IF(OR(K9="",L9=""),"",L9*(K9+M9*L9)))) -> 0.031415927 | S9: =IF(A9="","",IF(UPPER(TRIM(B9))="PIPE",(J9/1000)/4,IF(OR(R9="",K9="",L9=""),"",R9/(K9+2*L9*SQRT(1+M9^2))))) -> 0.05 | T9: =IF(A9="","",IF(OR(I9="",R9="",S9="",G9=""),"",(1/I9)*R9*(S9^(2/3))*SQRT(G9))) -> 0.03279844 | U9: =IF(OR(T9="",Q9=""),"",Q9/(T9*Inputs!$B$19)) -> 0.012817672 | V9: =IF(OR(R9="",Q9=""),"",Q9/R9) -> 0.010705389 | W9: =IF(OR(R9="",T9=""),"",T9/R9) -> 1.0440068 | X9: =IF(A9="","",IF(OR(UPPER(TRIM(Inputs!$B$15))="MANNING",UPPER(TRIM(Inputs!$B$15))="M"),W9,IF(OR(UPPER(TRIM(Inputs!$B$15))="MAX",UPPER(TRIM(Inputs!$B$15))="X"),MAX(V9,W9),V9))) -> 1.0440068 | Y9: =IF(A9="","",IF(UPPER(TRIM(B9))="TRENCH",K9*L9*N9,IF(UPPER(TRIM(B9))="SWALE",K9*L9,0))) -> 0 | Z9: =IF(OR(Y9="",F9=""),"",Y9*F9) -> 0 | AA9: =IF(A9="","",IF(OR(U9>1,AND(X9<>"",X9<Inputs!$B$16),AND(X9<>"",X9>Inputs!$B$17),G9<Inputs!$B$18,AH9="CHECK"),"CHECK","OK")) -> OK | AB9: Traverse pave-uni court en conduite DN250 (strategy ouest tout-pipe). | AD9: =IF(A9="","",IF(AC9<>"",AC9,IF(E9="",Inputs!$B$38,IFERROR(INDEX($AE$4:$AE$204,MATCH(E9,$A$4:$A$204,0))+IF(OR(AND(UPPER(TRIM(B9))="SWALE",UPPER(TRIM(AI9))="PIPE"),AND(UPPER(TRIM(B9))="TRENCH",UPPER(TRIM(AI9))="PIPE")),Inputs!$B$57,0),"")))) | AE9: =IF(OR(AD9="",F9="",G9=""),"",AD9+F9*G9) | AF9: =IF(OR(E9="",A9=""),"",IFERROR(INDEX($AE$4:$AE$204,MATCH(E9,$A$4:$A$204,0)),"")) | AG9: =IF(OR(AD9="",AF9=""),"",AD9-AF9) | AH9: =IF(A9="","",IF(E9="","TERMINAL",IF(OR(AND(UPPER(TRIM(B9))="SWALE",UPPER(TRIM(AI9))="PIPE"),AND(UPPER(TRIM(B9))="TRENCH",UPPER(TRIM(AI9))="PIPE")),IF(OR(AG9="",AJ9="",AK9=""),"INFO",IF(AND(AG9>=AJ9,AG9<=AK9),"OK","CHECK")),IF(AG9="","INFO",IF(ABS(AG9)<=Inputs!$B$54,"OK","CHECK"))))) -> INFO | AI9: =IF(A9="","",IF(E9="","",IFERROR(INDEX($B$4:$B$204,MATCH(E9,$A$4:$A$204,0)),""))) -> PIPE | AJ9: =IF(A9="","",IF(OR(AND(UPPER(TRIM(B9))="SWALE",UPPER(TRIM(AI9))="PIPE"),AND(UPPER(TRIM(B9))="TRENCH",UPPER(TRIM(AI9))="PIPE")),Inputs!$B$55,0)) -> 0 | AK9: =IF(A9="","",IF(OR(AND(UPPER(TRIM(B9))="SWALE",UPPER(TRIM(AI9))="PIPE"),AND(UPPER(TRIM(B9))="TRENCH",UPPER(TRIM(AI9))="PIPE")),Inputs!$B$56,Inputs!$B$54)) -> 0.01 | AL9: =IF(A9="","",IF(E9="","TERMINAL",IF(OR(AND(UPPER(TRIM(B9))="SWALE",UPPER(TRIM(AI9))="PIPE"),AND(UPPER(TRIM(B9))="TRENCH",UPPER(TRIM(AI9))="PIPE")),IF(OR(AG9="",AJ9="",AK9=""),"INFO",IF(AND(AG9>=AJ9,AG9<=AK9),"OK","CHECK")),"N/A"))) -> N/A
A10: E05C | B10: PIPE | C10: J-OUEST-PU2 | D10: J-OUEST-PU3 | E10: E05D | F10: =Inputs!$B$49 -> 6.0292191 | G10: 0.009 | I10: =IF(A10="","",IF(H10<>"",H10,IF(UPPER(TRIM(B10))="PIPE",Inputs!$B$7,IF(UPPER(TRIM(B10))="SWALE",Inputs!$B$8,Inputs!$B$9)))) -> 0.013 | J10: 200 | N10: 0 | O10: =IF(A10="","",SUMIFS(Zones_tributaires!$I:$I,Zones_tributaires!$J:$J,$A10)) -> 0.00021172096 | P10: =IF(A10="","",SUMIFS($Q$4:$Q$204,$E$4:$E$204,$A10)) -> 0.00033631971 | Q10: =IF(A10="","",(O10+P10)*Inputs!$B$6) -> 0.00060284473 | R10: =IF(A10="","",IF(UPPER(TRIM(B10))="PIPE",PI()*(J10/1000)^2/4,IF(OR(K10="",L10=""),"",L10*(K10+M10*L10)))) -> 0.031415927 | S10: =IF(A10="","",IF(UPPER(TRIM(B10))="PIPE",(J10/1000)/4,IF(OR(R10="",K10="",L10=""),"",R10/(K10+2*L10*SQRT(1+M10^2))))) -> 0.05 | T10: =IF(A10="","",IF(OR(I10="",R10="",S10="",G10=""),"",(1/I10)*R10*(S10^(2/3))*SQRT(G10))) -> 0.031115332 | U10: =IF(OR(T10="",Q10=""),"",Q10/(T10*Inputs!$B$19)) -> 0.024218154 | V10: =IF(OR(R10="",Q10=""),"",Q10/R10) -> 0.019189144 | W10: =IF(OR(R10="",T10=""),"",T10/R10) -> 0.99043179 | X10: =IF(A10="","",IF(OR(UPPER(TRIM(Inputs!$B$15))="MANNING",UPPER(TRIM(Inputs!$B$15))="M"),W10,IF(OR(UPPER(TRIM(Inputs!$B$15))="MAX",UPPER(TRIM(Inputs!$B$15))="X"),MAX(V10,W10),V10))) -> 0.99043179 | Y10: =IF(A10="","",IF(UPPER(TRIM(B10))="TRENCH",K10*L10*N10,IF(UPPER(TRIM(B10))="SWALE",K10*L10,0))) -> 0 | Z10: =IF(OR(Y10="",F10=""),"",Y10*F10) -> 0 | AA10: =IF(A10="","",IF(OR(U10>1,AND(X10<>"",X10<Inputs!$B$16),AND(X10<>"",X10>Inputs!$B$17),G10<Inputs!$B$18,AH10="CHECK"),"CHECK","OK")) -> OK | AB10: Ouest segment milieu en conduite DN300 vers E05D. | AD10: =IF(A10="","",IF(AC10<>"",AC10,IF(E10="",Inputs!$B$38,IFERROR(INDEX($AE$4:$AE$204,MATCH(E10,$A$4:$A$204,0))+IF(OR(AND(UPPER(TRIM(B10))="SWALE",UPPER(TRIM(AI10))="PIPE"),AND(UPPER(TRIM(B10))="TRENCH",UPPER(TRIM(AI10))="PIPE")),Inputs!$B$57,0),"")))) | AE10: =IF(OR(AD10="",F10="",G10=""),"",AD10+F10*G10) | AF10: =IF(OR(E10="",A10=""),"",IFERROR(INDEX($AE$4:$AE$204,MATCH(E10,$A$4:$A$204,0)),"")) | AG10: =IF(OR(AD10="",AF10=""),"",AD10-AF10) | AH10: =IF(A10="","",IF(E10="","TERMINAL",IF(OR(AND(UPPER(TRIM(B10))="SWALE",UPPER(TRIM(AI10))="PIPE"),AND(UPPER(TRIM(B10))="TRENCH",UPPER(TRIM(AI10))="PIPE")),IF(OR(AG10="",AJ10="",AK10=""),"INFO",IF(AND(AG10>=AJ10,AG10<=AK10),"OK","CHECK")),IF(AG10="","INFO",IF(ABS(AG10)<=Inputs!$B$54,"OK","CHECK"))))) -> INFO | AI10: =IF(A10="","",IF(E10="","",IFERROR(INDEX($B$4:$B$204,MATCH(E10,$A$4:$A$204,0)),""))) -> PIPE | AJ10: =IF(A10="","",IF(OR(AND(UPPER(TRIM(B10))="SWALE",UPPER(TRIM(AI10))="PIPE"),AND(UPPER(TRIM(B10))="TRENCH",UPPER(TRIM(AI10))="PIPE")),Inputs!$B$55,0)) -> 0 | AK10: =IF(A10="","",IF(OR(AND(UPPER(TRIM(B10))="SWALE",UPPER(TRIM(AI10))="PIPE"),AND(UPPER(TRIM(B10))="TRENCH",UPPER(TRIM(AI10))="PIPE")),Inputs!$B$56,Inputs!$B$54)) -> 0.01 | AL10: =IF(A10="","",IF(E10="","TERMINAL",IF(OR(AND(UPPER(TRIM(B10))="SWALE",UPPER(TRIM(AI10))="PIPE"),AND(UPPER(TRIM(B10))="TRENCH",UPPER(TRIM(AI10))="PIPE")),IF(OR(AG10="",AJ10="",AK10=""),"INFO",IF(AND(AG10>=AJ10,AG10<=AK10),"OK","CHECK")),"N/A"))) -> N/A
A11: E05D | B11: PIPE | C11: J-OUEST-PU3 | D11: J-OUEST-PU4 | E11: E05E | F11: =Inputs!$B$43 -> 5.1 | G11: 0.009 | I11: =IF(A11="","",IF(H11<>"",H11,IF(UPPER(TRIM(B11))="PIPE",Inputs!$B$7,IF(UPPER(TRIM(B11))="SWALE",Inputs!$B$8,Inputs!$B$9)))) -> 0.013 | J11: 200 | N11: 0 | O11: =IF(A11="","",SUMIFS(Zones_tributaires!$I:$I,Zones_tributaires!$J:$J,$A11)) -> 0.001109711 | P11: =IF(A11="","",SUMIFS($Q$4:$Q$204,$E$4:$E$204,$A11)) -> 0.00060284473 | Q11: =IF(A11="","",(O11+P11)*Inputs!$B$6) -> 0.0018838113 | R11: =IF(A11="","",IF(UPPER(TRIM(B11))="PIPE",PI()*(J11/1000)^2/4,IF(OR(K11="",L11=""),"",L11*(K11+M11*L11)))) -> 0.031415927 | S11: =IF(A11="","",IF(UPPER(TRIM(B11))="PIPE",(J11/1000)/4,IF(OR(R11="",K11="",L11=""),"",R11/(K11+2*L11*SQRT(1+M11^2))))) -> 0.05 | T11: =IF(A11="","",IF(OR(I11="",R11="",S11="",G11=""),"",(1/I11)*R11*(S11^(2/3))*SQRT(G11))) -> 0.031115332 | U11: =IF(OR(T11="",Q11=""),"",Q11/(T11*Inputs!$B$19)) -> 0.075678578 | V11: =IF(OR(R11="",Q11=""),"",Q11/R11) -> 0.059963576 | W11: =IF(OR(R11="",T11=""),"",T11/R11) -> 0.99043179 | X11: =IF(A11="","",IF(OR(UPPER(TRIM(Inputs!$B$15))="MANNING",UPPER(TRIM(Inputs!$B$15))="M"),W11,IF(OR(UPPER(TRIM(Inputs!$B$15))="MAX",UPPER(TRIM(Inputs!$B$15))="X"),MAX(V11,W11),V11))) -> 0.99043179 | Y11: =IF(A11="","",IF(UPPER(TRIM(B11))="TRENCH",K11*L11*N11,IF(UPPER(TRIM(B11))="SWALE",K11*L11,0))) -> 0 | Z11: =IF(OR(Y11="",F11=""),"",Y11*F11) -> 0 | AA11: =IF(A11="","",IF(OR(U11>1,AND(X11<>"",X11<Inputs!$B$16),AND(X11<>"",X11>Inputs!$B$17),G11<Inputs!$B$18,AH11="CHECK"),"CHECK","OK")) -> OK | AB11: Traverse pave-uni principal en conduite DN300. | AD11: =IF(A11="","",IF(AC11<>"",AC11,IF(E11="",Inputs!$B$38,IFERROR(INDEX($AE$4:$AE$204,MATCH(E11,$A$4:$A$204,0))+IF(OR(AND(UPPER(TRIM(B11))="SWALE",UPPER(TRIM(AI11))="PIPE"),AND(UPPER(TRIM(B11))="TRENCH",UPPER(TRIM(AI11))="PIPE")),Inputs!$B$57,0),"")))) | AE11: =IF(OR(AD11="",F11="",G11=""),"",AD11+F11*G11) | AF11: =IF(OR(E11="",A11=""),"",IFERROR(INDEX($AE$4:$AE$204,MATCH(E11,$A$4:$A$204,0)),"")) | AG11: =IF(OR(AD11="",AF11=""),"",AD11-AF11) | AH11: =IF(A11="","",IF(E11="","TERMINAL",IF(OR(AND(UPPER(TRIM(B11))="SWALE",UPPER(TRIM(AI11))="PIPE"),AND(UPPER(TRIM(B11))="TRENCH",UPPER(TRIM(AI11))="PIPE")),IF(OR(AG11="",AJ11="",AK11=""),"INFO",IF(AND(AG11>=AJ11,AG11<=AK11),"OK","CHECK")),IF(AG11="","INFO",IF(ABS(AG11)<=Inputs!$B$54,"OK","CHECK"))))) -> INFO | AI11: =IF(A11="","",IF(E11="","",IFERROR(INDEX($B$4:$B$204,MATCH(E11,$A$4:$A$204,0)),""))) -> PIPE | AJ11: =IF(A11="","",IF(OR(AND(UPPER(TRIM(B11))="SWALE",UPPER(TRIM(AI11))="PIPE"),AND(UPPER(TRIM(B11))="TRENCH",UPPER(TRIM(AI11))="PIPE")),Inputs!$B$55,0)) -> 0 | AK11: =IF(A11="","",IF(OR(AND(UPPER(TRIM(B11))="SWALE",UPPER(TRIM(AI11))="PIPE"),AND(UPPER(TRIM(B11))="TRENCH",UPPER(TRIM(AI11))="PIPE")),Inputs!$B$56,Inputs!$B$54)) -> 0.01 | AL11: =IF(A11="","",IF(E11="","TERMINAL",IF(OR(AND(UPPER(TRIM(B11))="SWALE",UPPER(TRIM(AI11))="PIPE"),AND(UPPER(TRIM(B11))="TRENCH",UPPER(TRIM(AI11))="PIPE")),IF(OR(AG11="",AJ11="",AK11=""),"INFO",IF(AND(AG11>=AJ11,AG11<=AK11),"OK","CHECK")),"N/A"))) -> N/A
A12: E05E | B12: PIPE | C12: J-OUEST-PU4 | D12: J-OUEST-AVAL | E12: E04 | F12: =Inputs!$B$50 -> 7.38 | G12: 0.008 | I12: =IF(A12="","",IF(H12<>"",H12,IF(UPPER(TRIM(B12))="PIPE",Inputs!$B$7,IF(UPPER(TRIM(B12))="SWALE",Inputs!$B$8,Inputs!$B$9)))) -> 0.013 | J12: 200 | N12: 0 | O12: =IF(A12="","",SUMIFS(Zones_tributaires!$I:$I,Zones_tributaires!$J:$J,$A12)) -> 0.00017035244 | P12: =IF(A12="","",SUMIFS($Q$4:$Q$204,$E$4:$E$204,$A12)) -> 0.0018838113 | Q12: =IF(A12="","",(O12+P12)*Inputs!$B$6) -> 0.0022595801 | R12: =IF(A12="","",IF(UPPER(TRIM(B12))="PIPE",PI()*(J12/1000)^2/4,IF(OR(K12="",L12=""),"",L12*(K12+M12*L12)))) -> 0.031415927 | S12: =IF(A12="","",IF(UPPER(TRIM(B12))="PIPE",(J12/1000)/4,IF(OR(R12="",K12="",L12=""),"",R12/(K12+2*L12*SQRT(1+M12^2))))) -> 0.05 | T12: =IF(A12="","",IF(OR(I12="",R12="",S12="",G12=""),"",(1/I12)*R12*(S12^(2/3))*SQRT(G12))) -> 0.029335817 | U12: =IF(OR(T12="",Q12=""),"",Q12/(T12*Inputs!$B$19)) -> 0.096280774 | V12: =IF(OR(R12="",Q12=""),"",Q12/R12) -> 0.071924669 | W12: =IF(OR(R12="",T12=""),"",T12/R12) -> 0.93378805 | X12: =IF(A12="","",IF(OR(UPPER(TRIM(Inputs!$B$15))="MANNING",UPPER(TRIM(Inputs!$B$15))="M"),W12,IF(OR(UPPER(TRIM(Inputs!$B$15))="MAX",UPPER(TRIM(Inputs!$B$15))="X"),MAX(V12,W12),V12))) -> 0.93378805 | Y12: =IF(A12="","",IF(UPPER(TRIM(B12))="TRENCH",K12*L12*N12,IF(UPPER(TRIM(B12))="SWALE",K12*L12,0))) -> 0 | Z12: =IF(OR(Y12="",F12=""),"",Y12*F12) -> 0 | AA12: =IF(A12="","",IF(OR(U12>1,AND(X12<>"",X12<Inputs!$B$16),AND(X12<>"",X12>Inputs!$B$17),G12<Inputs!$B$18,AH12="CHECK"),"CHECK","OK")) -> OK | AB12: Ouest segment aval en conduite DN300 vers E04. | AD12: =IF(A12="","",IF(AC12<>"",AC12,IF(E12="",Inputs!$B$38,IFERROR(INDEX($AE$4:$AE$204,MATCH(E12,$A$4:$A$204,0))+IF(OR(AND(UPPER(TRIM(B12))="SWALE",UPPER(TRIM(AI12))="PIPE"),AND(UPPER(TRIM(B12))="TRENCH",UPPER(TRIM(AI12))="PIPE")),Inputs!$B$57,0),"")))) | AE12: =IF(OR(AD12="",F12="",G12=""),"",AD12+F12*G12) | AF12: =IF(OR(E12="",A12=""),"",IFERROR(INDEX($AE$4:$AE$204,MATCH(E12,$A$4:$A$204,0)),"")) | AG12: =IF(OR(AD12="",AF12=""),"",AD12-AF12) | AH12: =IF(A12="","",IF(E12="","TERMINAL",IF(OR(AND(UPPER(TRIM(B12))="SWALE",UPPER(TRIM(AI12))="PIPE"),AND(UPPER(TRIM(B12))="TRENCH",UPPER(TRIM(AI12))="PIPE")),IF(OR(AG12="",AJ12="",AK12=""),"INFO",IF(AND(AG12>=AJ12,AG12<=AK12),"OK","CHECK")),IF(AG12="","INFO",IF(ABS(AG12)<=Inputs!$B$54,"OK","CHECK"))))) -> INFO | AI12: =IF(A12="","",IF(E12="","",IFERROR(INDEX($B$4:$B$204,MATCH(E12,$A$4:$A$204,0)),""))) -> PIPE | AJ12: =IF(A12="","",IF(OR(AND(UPPER(TRIM(B12))="SWALE",UPPER(TRIM(AI12))="PIPE"),AND(UPPER(TRIM(B12))="TRENCH",UPPER(TRIM(AI12))="PIPE")),Inputs!$B$55,0)) -> 0 | AK12: =IF(A12="","",IF(OR(AND(UPPER(TRIM(B12))="SWALE",UPPER(TRIM(AI12))="PIPE"),AND(UPPER(TRIM(B12))="TRENCH",UPPER(TRIM(AI12))="PIPE")),Inputs!$B$56,Inputs!$B$54)) -> 0.01 | AL12: =IF(A12="","",IF(E12="","TERMINAL",IF(OR(AND(UPPER(TRIM(B12))="SWALE",UPPER(TRIM(AI12))="PIPE"),AND(UPPER(TRIM(B12))="TRENCH",UPPER(TRIM(AI12))="PIPE")),IF(OR(AG12="",AJ12="",AK12=""),"INFO",IF(AND(AG12>=AJ12,AG12<=AK12),"OK","CHECK")),"N/A"))) -> N/A
A13: BASSIN-RET | C13: RETENTION | D13: J-BASSIN-OUEST | I13: =IF(A13="","",IF(H13<>"",H13,IF(UPPER(TRIM(B13))="PIPE",Inputs!$B$7,IF(UPPER(TRIM(B13))="SWALE",Inputs!$B$8,Inputs!$B$9)))) -> 0.028 | O13: =IF(A13="","",SUMIFS(Zones_tributaires!$I:$I,Zones_tributaires!$J:$J,$A13)) -> 0.040489942 | P13: =IF(A13="","",SUMIFS($Q$4:$Q$204,$E$4:$E$204,$A13)) -> 0 | Q13: =IF(A13="","",(O13+P13)*Inputs!$B$6) -> 0.044538936 | R13: =IF(A13="","",IF(UPPER(TRIM(B13))="PIPE",PI()*(J13/1000)^2/4,IF(OR(K13="",L13=""),"",L13*(K13+M13*L13)))) | S13: =IF(A13="","",IF(UPPER(TRIM(B13))="PIPE",(J13/1000)/4,IF(OR(R13="",K13="",L13=""),"",R13/(K13+2*L13*SQRT(1+M13^2))))) | T13: =IF(A13="","",IF(OR(I13="",R13="",S13="",G13=""),"",(1/I13)*R13*(S13^(2/3))*SQRT(G13))) | U13: =IF(OR(T13="",Q13=""),"",Q13/(T13*Inputs!$B$19)) | V13: =IF(OR(R13="",Q13=""),"",Q13/R13) | W13: =IF(OR(R13="",T13=""),"",T13/R13) | X13: =IF(A13="","",IF(OR(UPPER(TRIM(Inputs!$B$15))="MANNING",UPPER(TRIM(Inputs!$B$15))="M"),W13,IF(OR(UPPER(TRIM(Inputs!$B$15))="MAX",UPPER(TRIM(Inputs!$B$15))="X"),MAX(V13,W13),V13))) -> 0 | Y13: =IF(A13="","",IF(UPPER(TRIM(B13))="TRENCH",K13*L13*N13,IF(UPPER(TRIM(B13))="SWALE",K13*L13,0))) -> 0 | Z13: =IF(OR(Y13="",F13=""),"",Y13*F13) | AA13: =IF(A13="","",IF(OR(U13>1,AND(X13<>"",X13<Inputs!$B$16),AND(X13<>"",X13>Inputs!$B$17),G13<Inputs!$B$18,AH13="CHECK"),"CHECK","OK")) -> CHECK | AD13: =IF(A13="","",IF(AC13<>"",AC13,IF(E13="",Inputs!$B$38,IFERROR(INDEX($AE$4:$AE$204,MATCH(E13,$A$4:$A$204,0))+IF(OR(AND(UPPER(TRIM(B13))="SWALE",UPPER(TRIM(AI13))="PIPE"),AND(UPPER(TRIM(B13))="TRENCH",UPPER(TRIM(AI13))="PIPE")),Inputs!$B$57,0),"")))) -> 21.62 | AE13: =IF(OR(AD13="",F13="",G13=""),"",AD13+F13*G13) | AF13: =IF(OR(E13="",A13=""),"",IFERROR(INDEX($AE$4:$AE$204,MATCH(E13,$A$4:$A$204,0)),"")) | AG13: =IF(OR(AD13="",AF13=""),"",AD13-AF13) | AH13: =IF(A13="","",IF(E13="","TERMINAL",IF(OR(AND(UPPER(TRIM(B13))="SWALE",UPPER(TRIM(AI13))="PIPE"),AND(UPPER(TRIM(B13))="TRENCH",UPPER(TRIM(AI13))="PIPE")),IF(OR(AG13="",AJ13="",AK13=""),"INFO",IF(AND(AG13>=AJ13,AG13<=AK13),"OK","CHECK")),IF(AG13="","INFO",IF(ABS(AG13)<=Inputs!$B$54,"OK","CHECK"))))) -> TERMINAL | AI13: =IF(A13="","",IF(E13="","",IFERROR(INDEX($B$4:$B$204,MATCH(E13,$A$4:$A$204,0)),""))) | AJ13: =IF(A13="","",IF(OR(AND(UPPER(TRIM(B13))="SWALE",UPPER(TRIM(AI13))="PIPE"),AND(UPPER(TRIM(B13))="TRENCH",UPPER(TRIM(AI13))="PIPE")),Inputs!$B$55,0)) -> 0 | AK13: =IF(A13="","",IF(OR(AND(UPPER(TRIM(B13))="SWALE",UPPER(TRIM(AI13))="PIPE"),AND(UPPER(TRIM(B13))="TRENCH",UPPER(TRIM(AI13))="PIPE")),Inputs!$B$56,Inputs!$B$54)) -> 0.01 | AL13: =IF(A13="","",IF(E13="","TERMINAL",IF(OR(AND(UPPER(TRIM(B13))="SWALE",UPPER(TRIM(AI13))="PIPE"),AND(UPPER(TRIM(B13))="TRENCH",UPPER(TRIM(AI13))="PIPE")),IF(OR(AG13="",AJ13="",AK13=""),"INFO",IF(AND(AG13>=AJ13,AG13<=AK13),"OK","CHECK")),"N/A"))) -> TERMINAL
A14: E07 | B14: PIPE | C14: J-BASSIN-IN | D14: BASSIN-RET | F14: 1 | G14: 0.005 | I14: =IF(A14="","",IF(H14<>"",H14,IF(UPPER(TRIM(B14))="PIPE",Inputs!$B$7,IF(UPPER(TRIM(B14))="SWALE",Inputs!$B$8,Inputs!$B$9)))) -> 0.013 | J14: 300 | N14: 0 | O14: =IF(A14="","",SUMIFS(Zones_tributaires!$I:$I,Zones_tributaires!$J:$J,$A14)) -> 0 | P14: =IF(A14="","",SUMIFS($Q$4:$Q$204,$E$4:$E$204,$A14)) -> 0.0031844308 | Q14: =IF(A14="","",(O14+P14)*Inputs!$B$6) -> 0.0035028739 | R14: =IF(A14="","",IF(UPPER(TRIM(B14))="PIPE",PI()*(J14/1000)^2/4,IF(OR(K14="",L14=""),"",L14*(K14+M14*L14)))) -> 0.070685835 | S14: =IF(A14="","",IF(UPPER(TRIM(B14))="PIPE",(J14/1000)/4,IF(OR(R14="",K14="",L14=""),"",R14/(K14+2*L14*SQRT(1+M14^2))))) -> 0.075 | T14: =IF(A14="","",IF(OR(I14="",R14="",S14="",G14=""),"",(1/I14)*R14*(S14^(2/3))*SQRT(G14))) -> 0.068377762 | U14: =IF(OR(T14="",Q14=""),"",Q14/(T14*Inputs!$B$19)) -> 0.064035327 | V14: =IF(OR(R14="",Q14=""),"",Q14/R14) -> 0.049555528 | W14: =IF(OR(R14="",T14=""),"",T14/R14) -> 0.96734745 | X14: =IF(A14="","",IF(OR(UPPER(TRIM(Inputs!$B$15))="MANNING",UPPER(TRIM(Inputs!$B$15))="M"),W14,IF(OR(UPPER(TRIM(Inputs!$B$15))="MAX",UPPER(TRIM(Inputs!$B$15))="X"),MAX(V14,W14),V14))) -> 0.96734745 | Y14: =IF(A14="","",IF(UPPER(TRIM(B14))="TRENCH",K14*L14*N14,IF(UPPER(TRIM(B14))="SWALE",K14*L14,0))) -> 0 | Z14: =IF(OR(Y14="",F14=""),"",Y14*F14) -> 0 | AA14: =IF(A14="","",IF(OR(U14>1,AND(X14<>"",X14<Inputs!$B$16),AND(X14<>"",X14>Inputs!$B$17),G14<Inputs!$B$18,AH14="CHECK"),"CHECK","OK")) -> OK | AB14: Courte liaison d'entree/ouvrage de regulation vers noeud de stockage BASSIN-RET. | AD14: =IF(A14="","",IF(AC14<>"",AC14,IF(E14="",Inputs!$B$38,IFERROR(INDEX($AE$4:$AE$204,MATCH(E14,$A$4:$A$204,0))+IF(OR(AND(UPPER(TRIM(B14))="SWALE",UPPER(TRIM(AI14))="PIPE"),AND(UPPER(TRIM(B14))="TRENCH",UPPER(TRIM(AI14))="PIPE")),Inputs!$B$57,0),"")))) -> 21.62 | AE14: =IF(OR(AD14="",F14="",G14=""),"",AD14+F14*G14) -> 21.625 | AF14: =IF(OR(E14="",A14=""),"",IFERROR(INDEX($AE$4:$AE$204,MATCH(E14,$A$4:$A$204,0)),"")) | AG14: =IF(OR(AD14="",AF14=""),"",AD14-AF14) | AH14: =IF(A14="","",IF(E14="","TERMINAL",IF(OR(AND(UPPER(TRIM(B14))="SWALE",UPPER(TRIM(AI14))="PIPE"),AND(UPPER(TRIM(B14))="TRENCH",UPPER(TRIM(AI14))="PIPE")),IF(OR(AG14="",AJ14="",AK14=""),"INFO",IF(AND(AG14>=AJ14,AG14<=AK14),"OK","CHECK")),IF(AG14="","INFO",IF(ABS(AG14)<=Inputs!$B$54,"OK","CHECK"))))) -> TERMINAL | AI14: =IF(A14="","",IF(E14="","",IFERROR(INDEX($B$4:$B$204,MATCH(E14,$A$4:$A$204,0)),""))) | AJ14: =IF(A14="","",IF(OR(AND(UPPER(TRIM(B14))="SWALE",UPPER(TRIM(AI14))="PIPE"),AND(UPPER(TRIM(B14))="TRENCH",UPPER(TRIM(AI14))="PIPE")),Inputs!$B$55,0)) -> 0 | AK14: =IF(A14="","",IF(OR(AND(UPPER(TRIM(B14))="SWALE",UPPER(TRIM(AI14))="PIPE"),AND(UPPER(TRIM(B14))="TRENCH",UPPER(TRIM(AI14))="PIPE")),Inputs!$B$56,Inputs!$B$54)) -> 0.01 | AL14: =IF(A14="","",IF(E14="","TERMINAL",IF(OR(AND(UPPER(TRIM(B14))="SWALE",UPPER(TRIM(AI14))="PIPE"),AND(UPPER(TRIM(B14))="TRENCH",UPPER(TRIM(AI14))="PIPE")),IF(OR(AG14="",AJ14="",AK14=""),"INFO",IF(AND(AG14>=AJ14,AG14<=AK14),"OK","CHECK")),"N/A"))) -> TERMINAL
A15: E08 | B15: PIPE | C15: J-BASSIN-OUEST | D15: J-MH | E15: RACCORDEMENT | F15: 16.49 | G15: 0.005 | I15: =IF(A15="","",IF(H15<>"",H15,IF(UPPER(TRIM(B15))="PIPE",Inputs!$B$7,IF(UPPER(TRIM(B15))="SWALE",Inputs!$B$8,Inputs!$B$9)))) -> 0.013 | J15: 300 | N15: 0 | O15: =IF(A15="","",SUMIFS(Zones_tributaires!$I:$I,Zones_tributaires!$J:$J,$A15)) -> 0 | P15: =IF(A15="","",SUMIFS($Q$4:$Q$204,$E$4:$E$204,$A15)) -> 0.0024855381 | Q15: =IF(A15="","",(O15+P15)*Inputs!$B$6) -> 0.0027340919 | R15: =IF(A15="","",IF(UPPER(TRIM(B15))="PIPE",PI()*(J15/1000)^2/4,IF(OR(K15="",L15=""),"",L15*(K15+M15*L15)))) -> 0.070685835 | S15: =IF(A15="","",IF(UPPER(TRIM(B15))="PIPE",(J15/1000)/4,IF(OR(R15="",K15="",L15=""),"",R15/(K15+2*L15*SQRT(1+M15^2))))) -> 0.075 | T15: =IF(A15="","",IF(OR(I15="",R15="",S15="",G15=""),"",(1/I15)*R15*(S15^(2/3))*SQRT(G15))) -> 0.068377762 | U15: =IF(OR(T15="",Q15=""),"",Q15/(T15*Inputs!$B$19)) -> 0.04998138 | V15: =IF(OR(R15="",Q15=""),"",Q15/R15) -> 0.038679488 | W15: =IF(OR(R15="",T15=""),"",T15/R15) -> 0.96734745 | X15: =IF(A15="","",IF(OR(UPPER(TRIM(Inputs!$B$15))="MANNING",UPPER(TRIM(Inputs!$B$15))="M"),W15,IF(OR(UPPER(TRIM(Inputs!$B$15))="MAX",UPPER(TRIM(Inputs!$B$15))="X"),MAX(V15,W15),V15))) -> 0.96734745 | Y15: =IF(A15="","",IF(UPPER(TRIM(B15))="TRENCH",K15*L15*N15,IF(UPPER(TRIM(B15))="SWALE",K15*L15,0))) -> 0 | Z15: =IF(OR(Y15="",F15=""),"",Y15*F15) -> 0 | AA15: =IF(A15="","",IF(OR(U15>1,AND(X15<>"",X15<Inputs!$B$16),AND(X15<>"",X15>Inputs!$B$17),G15<Inputs!$B$18,AH15="CHECK"),"CHECK","OK")) -> OK | AB15: Entree OUEST: liaison caniveau/ouvrage vers bassin (2e entree). | AD15: =IF(A15="","",IF(AC15<>"",AC15,IF(E15="",Inputs!$B$38,IFERROR(INDEX($AE$4:$AE$204,MATCH(E15,$A$4:$A$204,0))+IF(OR(AND(UPPER(TRIM(B15))="SWALE",UPPER(TRIM(AI15))="PIPE"),AND(UPPER(TRIM(B15))="TRENCH",UPPER(TRIM(AI15))="PIPE")),Inputs!$B$57,0),"")))) | AE15: =IF(OR(AD15="",F15="",G15=""),"",AD15+F15*G15) | AF15: =IF(OR(E15="",A15=""),"",IFERROR(INDEX($AE$4:$AE$204,MATCH(E15,$A$4:$A$204,0)),"")) | AG15: =IF(OR(AD15="",AF15=""),"",AD15-AF15) | AH15: =IF(A15="","",IF(E15="","TERMINAL",IF(OR(AND(UPPER(TRIM(B15))="SWALE",UPPER(TRIM(AI15))="PIPE"),AND(UPPER(TRIM(B15))="TRENCH",UPPER(TRIM(AI15))="PIPE")),IF(OR(AG15="",AJ15="",AK15=""),"INFO",IF(AND(AG15>=AJ15,AG15<=AK15),"OK","CHECK")),IF(AG15="","INFO",IF(ABS(AG15)<=Inputs!$B$54,"OK","CHECK"))))) -> INFO | AI15: =IF(A15="","",IF(E15="","",IFERROR(INDEX($B$4:$B$204,MATCH(E15,$A$4:$A$204,0)),""))) | AJ15: =IF(A15="","",IF(OR(AND(UPPER(TRIM(B15))="SWALE",UPPER(TRIM(AI15))="PIPE"),AND(UPPER(TRIM(B15))="TRENCH",UPPER(TRIM(AI15))="PIPE")),Inputs!$B$55,0)) -> 0 | AK15: =IF(A15="","",IF(OR(AND(UPPER(TRIM(B15))="SWALE",UPPER(TRIM(AI15))="PIPE"),AND(UPPER(TRIM(B15))="TRENCH",UPPER(TRIM(AI15))="PIPE")),Inputs!$B$56,Inputs!$B$54)) -> 0.01 | AL15: =IF(A15="","",IF(E15="","TERMINAL",IF(OR(AND(UPPER(TRIM(B15))="SWALE",UPPER(TRIM(AI15))="PIPE"),AND(UPPER(TRIM(B15))="TRENCH",UPPER(TRIM(AI15))="PIPE")),IF(OR(AG15="",AJ15="",AK15=""),"INFO",IF(AND(AG15>=AJ15,AG15<=AK15),"OK","CHECK")),"N/A"))) -> N/A
A16: E09 | B16: PIPE | C16: J-MECH-OUT | D16: BASSIN-RET | F16: =Inputs!$B$60 -> 12 | G16: 0.005 | I16: =IF(A16="","",IF(H16<>"",H16,IF(UPPER(TRIM(B16))="PIPE",Inputs!$B$7,IF(UPPER(TRIM(B16))="SWALE",Inputs!$B$8,Inputs!$B$9)))) -> 0.013 | J16: =Inputs!$B$61 -> 300 | N16: 0 | O16: =IF(A16="","",SUMIFS(Zones_tributaires!$I:$I,Zones_tributaires!$J:$J,$A16)) -> 0.00029884724 | P16: =IF(A16="","",SUMIFS($Q$4:$Q$204,$E$4:$E$204,$A16)) -> 0 | Q16: =IF(A16="","",(O16+P16)*Inputs!$B$6) -> 0.00032873196 | R16: =IF(A16="","",IF(UPPER(TRIM(B16))="PIPE",PI()*(J16/1000)^2/4,IF(OR(K16="",L16=""),"",L16*(K16+M16*L16)))) -> 0.070685835 | S16: =IF(A16="","",IF(UPPER(TRIM(B16))="PIPE",(J16/1000)/4,IF(OR(R16="",K16="",L16=""),"",R16/(K16+2*L16*SQRT(1+M16^2))))) -> 0.075 | T16: =IF(A16="","",IF(OR(I16="",R16="",S16="",G16=""),"",(1/I16)*R16*(S16^(2/3))*SQRT(G16))) -> 0.068377762 | U16: =IF(OR(T16="",Q16=""),"",Q16/(T16*Inputs!$B$19)) -> 0.0060094823 | V16: =IF(OR(R16="",Q16=""),"",Q16/R16) -> 0.0046506059 | W16: =IF(OR(R16="",T16=""),"",T16/R16) -> 0.96734745 | X16: =IF(A16="","",IF(OR(UPPER(TRIM(Inputs!$B$15))="MANNING",UPPER(TRIM(Inputs!$B$15))="M"),W16,IF(OR(UPPER(TRIM(Inputs!$B$15))="MAX",UPPER(TRIM(Inputs!$B$15))="X"),MAX(V16,W16),V16))) -> 0.96734745 | Y16: =IF(A16="","",IF(UPPER(TRIM(B16))="TRENCH",K16*L16*N16,IF(UPPER(TRIM(B16))="SWALE",K16*L16,0))) -> 0 | Z16: =IF(OR(Y16="",F16=""),"",Y16*F16) -> 0 | AA16: =IF(A16="","",IF(OR(U16>1,AND(X16<>"",X16<Inputs!$B$16),AND(X16<>"",X16>Inputs!$B$17),G16<Inputs!$B$18,AH16="CHECK"),"CHECK","OK")) -> OK | AB16: Apport puisards zone grise est via reseau interne mecanique (traversant batiment) vers bassin sud. | AD16: =IF(A16="","",IF(AC16<>"",AC16,IF(E16="",Inputs!$B$38,IFERROR(INDEX($AE$4:$AE$204,MATCH(E16,$A$4:$A$204,0))+IF(OR(AND(UPPER(TRIM(B16))="SWALE",UPPER(TRIM(AI16))="PIPE"),AND(UPPER(TRIM(B16))="TRENCH",UPPER(TRIM(AI16))="PIPE")),Inputs!$B$57,0),"")))) -> 21.62 | AE16: =IF(OR(AD16="",F16="",G16=""),"",AD16+F16*G16) -> 21.68 | AF16: =IF(OR(E16="",A16=""),"",IFERROR(INDEX($AE$4:$AE$204,MATCH(E16,$A$4:$A$204,0)),"")) | AG16: =IF(OR(AD16="",AF16=""),"",AD16-AF16) | AH16: =IF(A16="","",IF(E16="","TERMINAL",IF(OR(AND(UPPER(TRIM(B16))="SWALE",UPPER(TRIM(AI16))="PIPE"),AND(UPPER(TRIM(B16))="TRENCH",UPPER(TRIM(AI16))="PIPE")),IF(OR(AG16="",AJ16="",AK16=""),"INFO",IF(AND(AG16>=AJ16,AG16<=AK16),"OK","CHECK")),IF(AG16="","INFO",IF(ABS(AG16)<=Inputs!$B$54,"OK","CHECK"))))) -> TERMINAL | AI16: =IF(A16="","",IF(E16="","",IFERROR(INDEX($B$4:$B$204,MATCH(E16,$A$4:$A$204,0)),""))) | AJ16: =IF(A16="","",IF(OR(AND(UPPER(TRIM(B16))="SWALE",UPPER(TRIM(AI16))="PIPE"),AND(UPPER(TRIM(B16))="TRENCH",UPPER(TRIM(AI16))="PIPE")),Inputs!$B$55,0)) -> 0 | AK16: =IF(A16="","",IF(OR(AND(UPPER(TRIM(B16))="SWALE",UPPER(TRIM(AI16))="PIPE"),AND(UPPER(TRIM(B16))="TRENCH",UPPER(TRIM(AI16))="PIPE")),Inputs!$B$56,Inputs!$B$54)) -> 0.01 | AL16: =IF(A16="","",IF(E16="","TERMINAL",IF(OR(AND(UPPER(TRIM(B16))="SWALE",UPPER(TRIM(AI16))="PIPE"),AND(UPPER(TRIM(B16))="TRENCH",UPPER(TRIM(AI16))="PIPE")),IF(OR(AG16="",AJ16="",AK16=""),"INFO",IF(AND(AG16>=AJ16,AG16<=AK16),"OK","CHECK")),"N/A"))) -> TERMINAL
I17: =IF(A17="","",IF(H17<>"",H17,IF(UPPER(TRIM(B17))="PIPE",Inputs!$B$7,IF(UPPER(TRIM(B17))="SWALE",Inputs!$B$8,Inputs!$B$9)))) | O17: =IF(A17="","",SUMIFS(Zones_tributaires!$I:$I,Zones_tributaires!$J:$J,$A17)) | P17: =IF(A17="","",SUMIFS($Q$4:$Q$204,$E$4:$E$204,$A17)) | Q17: =IF(A17="","",(O17+P17)*Inputs!$B$6) | R17: =IF(A17="","",IF(UPPER(TRIM(B17))="PIPE",PI()*(J17/1000)^2/4,IF(OR(K17="",L17=""),"",L17*(K17+M17*L17)))) | S17: =IF(A17="","",IF(UPPER(TRIM(B17))="PIPE",(J17/1000)/4,IF(OR(R17="",K17="",L17=""),"",R17/(K17+2*L17*SQRT(1+M17^2))))) | T17: =IF(A17="","",IF(OR(I17="",R17="",S17="",G17=""),"",(1/I17)*R17*(S17^(2/3))*SQRT(G17))) | U17: =IF(OR(T17="",Q17=""),"",Q17/(T17*Inputs!$B$19)) | V17: =IF(OR(R17="",Q17=""),"",Q17/R17) | W17: =IF(OR(R17="",T17=""),"",T17/R17) | X17: =IF(A17="","",IF(OR(UPPER(TRIM(Inputs!$B$15))="MANNING",UPPER(TRIM(Inputs!$B$15))="M"),W17,IF(OR(UPPER(TRIM(Inputs!$B$15))="MAX",UPPER(TRIM(Inputs!$B$15))="X"),MAX(V17,W17),V17))) | Y17: =IF(A17="","",IF(UPPER(TRIM(B17))="TRENCH",K17*L17*N17,IF(UPPER(TRIM(B17))="SWALE",K17*L17,0))) | Z17: =IF(OR(Y17="",F17=""),"",Y17*F17) | AA17: =IF(A17="","",IF(OR(U17>1,AND(X17<>"",X17<Inputs!$B$16),AND(X17<>"",X17>Inputs!$B$17),G17<Inputs!$B$18,AH17="CHECK"),"CHECK","OK")) | AD17: =IF(A17="","",IF(AC17<>"",AC17,IF(E17="",Inputs!$B$38,IFERROR(INDEX($AE$4:$AE$204,MATCH(E17,$A$4:$A$204,0))+IF(OR(AND(UPPER(TRIM(B17))="SWALE",UPPER(TRIM(AI17))="PIPE"),AND(UPPER(TRIM(B17))="TRENCH",UPPER(TRIM(AI17))="PIPE")),Inputs!$B$57,0),"")))) | AE17: =IF(OR(AD17="",F17="",G17=""),"",AD17+F17*G17) | AF17: =IF(OR(E17="",A17=""),"",IFERROR(INDEX($AE$4:$AE$204,MATCH(E17,$A$4:$A$204,0)),"")) | AG17: =IF(OR(AD17="",AF17=""),"",AD17-AF17) | AH17: =IF(A17="","",IF(E17="","TERMINAL",IF(OR(AND(UPPER(TRIM(B17))="SWALE",UPPER(TRIM(AI17))="PIPE"),AND(UPPER(TRIM(B17))="TRENCH",UPPER(TRIM(AI17))="PIPE")),IF(OR(AG17="",AJ17="",AK17=""),"INFO",IF(AND(AG17>=AJ17,AG17<=AK17),"OK","CHECK")),IF(AG17="","INFO",IF(ABS(AG17)<=Inputs!$B$54,"OK","CHECK"))))) | AI17: =IF(A17="","",IF(E17="","",IFERROR(INDEX($B$4:$B$204,MATCH(E17,$A$4:$A$204,0)),""))) | AJ17: =IF(A17="","",IF(OR(AND(UPPER(TRIM(B17))="SWALE",UPPER(TRIM(AI17))="PIPE"),AND(UPPER(TRIM(B17))="TRENCH",UPPER(TRIM(AI17))="PIPE")),Inputs!$B$55,0)) | AK17: =IF(A17="","",IF(OR(AND(UPPER(TRIM(B17))="SWALE",UPPER(TRIM(AI17))="PIPE"),AND(UPPER(TRIM(B17))="TRENCH",UPPER(TRIM(AI17))="PIPE")),Inputs!$B$56,Inputs!$B$54)) | AL17: =IF(A17="","",IF(E17="","TERMINAL",IF(OR(AND(UPPER(TRIM(B17))="SWALE",UPPER(TRIM(AI17))="PIPE"),AND(UPPER(TRIM(B17))="TRENCH",UPPER(TRIM(AI17))="PIPE")),IF(OR(AG17="",AJ17="",AK17=""),"INFO",IF(AND(AG17>=AJ17,AG17<=AK17),"OK","CHECK")),"N/A")))
I18: =IF(A18="","",IF(H18<>"",H18,IF(UPPER(TRIM(B18))="PIPE",Inputs!$B$7,IF(UPPER(TRIM(B18))="SWALE",Inputs!$B$8,Inputs!$B$9)))) | O18: =IF(A18="","",SUMIFS(Zones_tributaires!$I:$I,Zones_tributaires!$J:$J,$A18)) | P18: =IF(A18="","",SUMIFS($Q$4:$Q$204,$E$4:$E$204,$A18)) | Q18: =IF(A18="","",(O18+P18)*Inputs!$B$6) | R18: =IF(A18="","",IF(UPPER(TRIM(B18))="PIPE",PI()*(J18/1000)^2/4,IF(OR(K18="",L18=""),"",L18*(K18+M18*L18)))) | S18: =IF(A18="","",IF(UPPER(TRIM(B18))="PIPE",(J18/1000)/4,IF(OR(R18="",K18="",L18=""),"",R18/(K18+2*L18*SQRT(1+M18^2))))) | T18: =IF(A18="","",IF(OR(I18="",R18="",S18="",G18=""),"",(1/I18)*R18*(S18^(2/3))*SQRT(G18))) | U18: =IF(OR(T18="",Q18=""),"",Q18/(T18*Inputs!$B$19)) | V18: =IF(OR(R18="",Q18=""),"",Q18/R18) | W18: =IF(OR(R18="",T18=""),"",T18/R18) | X18: =IF(A18="","",IF(OR(UPPER(TRIM(Inputs!$B$15))="MANNING",UPPER(TRIM(Inputs!$B$15))="M"),W18,IF(OR(UPPER(TRIM(Inputs!$B$15))="MAX",UPPER(TRIM(Inputs!$B$15))="X"),MAX(V18,W18),V18))) | Y18: =IF(A18="","",IF(UPPER(TRIM(B18))="TRENCH",K18*L18*N18,IF(UPPER(TRIM(B18))="SWALE",K18*L18,0))) | Z18: =IF(OR(Y18="",F18=""),"",Y18*F18) | AA18: =IF(A18="","",IF(OR(U18>1,AND(X18<>"",X18<Inputs!$B$16),AND(X18<>"",X18>Inputs!$B$17),G18<Inputs!$B$18,AH18="CHECK"),"CHECK","OK")) | AD18: =IF(A18="","",IF(AC18<>"",AC18,IF(E18="",Inputs!$B$38,IFERROR(INDEX($AE$4:$AE$204,MATCH(E18,$A$4:$A$204,0))+IF(OR(AND(UPPER(TRIM(B18))="SWALE",UPPER(TRIM(AI18))="PIPE"),AND(UPPER(TRIM(B18))="TRENCH",UPPER(TRIM(AI18))="PIPE")),Inputs!$B$57,0),"")))) | AE18: =IF(OR(AD18="",F18="",G18=""),"",AD18+F18*G18) | AF18: =IF(OR(E18="",A18=""),"",IFERROR(INDEX($AE$4:$AE$204,MATCH(E18,$A$4:$A$204,0)),"")) | AG18: =IF(OR(AD18="",AF18=""),"",AD18-AF18) | AH18: =IF(A18="","",IF(E18="","TERMINAL",IF(OR(AND(UPPER(TRIM(B18))="SWALE",UPPER(TRIM(AI18))="PIPE"),AND(UPPER(TRIM(B18))="TRENCH",UPPER(TRIM(AI18))="PIPE")),IF(OR(AG18="",AJ18="",AK18=""),"INFO",IF(AND(AG18>=AJ18,AG18<=AK18),"OK","CHECK")),IF(AG18="","INFO",IF(ABS(AG18)<=Inputs!$B$54,"OK","CHECK"))))) | AI18: =IF(A18="","",IF(E18="","",IFERROR(INDEX($B$4:$B$204,MATCH(E18,$A$4:$A$204,0)),""))) | AJ18: =IF(A18="","",IF(OR(AND(UPPER(TRIM(B18))="SWALE",UPPER(TRIM(AI18))="PIPE"),AND(UPPER(TRIM(B18))="TRENCH",UPPER(TRIM(AI18))="PIPE")),Inputs!$B$55,0)) | AK18: =IF(A18="","",IF(OR(AND(UPPER(TRIM(B18))="SWALE",UPPER(TRIM(AI18))="PIPE"),AND(UPPER(TRIM(B18))="TRENCH",UPPER(TRIM(AI18))="PIPE")),Inputs!$B$56,Inputs!$B$54)) | AL18: =IF(A18="","",IF(E18="","TERMINAL",IF(OR(AND(UPPER(TRIM(B18))="SWALE",UPPER(TRIM(AI18))="PIPE"),AND(UPPER(TRIM(B18))="TRENCH",UPPER(TRIM(AI18))="PIPE")),IF(OR(AG18="",AJ18="",AK18=""),"INFO",IF(AND(AG18>=AJ18,AG18<=AK18),"OK","CHECK")),"N/A")))
I19: =IF(A19="","",IF(H19<>"",H19,IF(UPPER(TRIM(B19))="PIPE",Inputs!$B$7,IF(UPPER(TRIM(B19))="SWALE",Inputs!$B$8,Inputs!$B$9)))) | O19: =IF(A19="","",SUMIFS(Zones_tributaires!$I:$I,Zones_tributaires!$J:$J,$A19)) | P19: =IF(A19="","",SUMIFS($Q$4:$Q$204,$E$4:$E$204,$A19)) | Q19: =IF(A19="","",(O19+P19)*Inputs!$B$6) | R19: =IF(A19="","",IF(UPPER(TRIM(B19))="PIPE",PI()*(J19/1000)^2/4,IF(OR(K19="",L19=""),"",L19*(K19+M19*L19)))) | S19: =IF(A19="","",IF(UPPER(TRIM(B19))="PIPE",(J19/1000)/4,IF(OR(R19="",K19="",L19=""),"",R19/(K19+2*L19*SQRT(1+M19^2))))) | T19: =IF(A19="","",IF(OR(I19="",R19="",S19="",G19=""),"",(1/I19)*R19*(S19^(2/3))*SQRT(G19))) | U19: =IF(OR(T19="",Q19=""),"",Q19/(T19*Inputs!$B$19)) | V19: =IF(OR(R19="",Q19=""),"",Q19/R19) | W19: =IF(OR(R19="",T19=""),"",T19/R19) | X19: =IF(A19="","",IF(OR(UPPER(TRIM(Inputs!$B$15))="MANNING",UPPER(TRIM(Inputs!$B$15))="M"),W19,IF(OR(UPPER(TRIM(Inputs!$B$15))="MAX",UPPER(TRIM(Inputs!$B$15))="X"),MAX(V19,W19),V19))) | Y19: =IF(A19="","",IF(UPPER(TRIM(B19))="TRENCH",K19*L19*N19,IF(UPPER(TRIM(B19))="SWALE",K19*L19,0))) | Z19: =IF(OR(Y19="",F19=""),"",Y19*F19) | AA19: =IF(A19="","",IF(OR(U19>1,AND(X19<>"",X19<Inputs!$B$16),AND(X19<>"",X19>Inputs!$B$17),G19<Inputs!$B$18,AH19="CHECK"),"CHECK","OK")) | AD19: =IF(A19="","",IF(AC19<>"",AC19,IF(E19="",Inputs!$B$38,IFERROR(INDEX($AE$4:$AE$204,MATCH(E19,$A$4:$A$204,0))+IF(OR(AND(UPPER(TRIM(B19))="SWALE",UPPER(TRIM(AI19))="PIPE"),AND(UPPER(TRIM(B19))="TRENCH",UPPER(TRIM(AI19))="PIPE")),Inputs!$B$57,0),"")))) | AE19: =IF(OR(AD19="",F19="",G19=""),"",AD19+F19*G19) | AF19: =IF(OR(E19="",A19=""),"",IFERROR(INDEX($AE$4:$AE$204,MATCH(E19,$A$4:$A$204,0)),"")) | AG19: =IF(OR(AD19="",AF19=""),"",AD19-AF19) | AH19: =IF(A19="","",IF(E19="","TERMINAL",IF(OR(AND(UPPER(TRIM(B19))="SWALE",UPPER(TRIM(AI19))="PIPE"),AND(UPPER(TRIM(B19))="TRENCH",UPPER(TRIM(AI19))="PIPE")),IF(OR(AG19="",AJ19="",AK19=""),"INFO",IF(AND(AG19>=AJ19,AG19<=AK19),"OK","CHECK")),IF(AG19="","INFO",IF(ABS(AG19)<=Inputs!$B$54,"OK","CHECK"))))) | AI19: =IF(A19="","",IF(E19="","",IFERROR(INDEX($B$4:$B$204,MATCH(E19,$A$4:$A$204,0)),""))) | AJ19: =IF(A19="","",IF(OR(AND(UPPER(TRIM(B19))="SWALE",UPPER(TRIM(AI19))="PIPE"),AND(UPPER(TRIM(B19))="TRENCH",UPPER(TRIM(AI19))="PIPE")),Inputs!$B$55,0)) | AK19: =IF(A19="","",IF(OR(AND(UPPER(TRIM(B19))="SWALE",UPPER(TRIM(AI19))="PIPE"),AND(UPPER(TRIM(B19))="TRENCH",UPPER(TRIM(AI19))="PIPE")),Inputs!$B$56,Inputs!$B$54)) | AL19: =IF(A19="","",IF(E19="","TERMINAL",IF(OR(AND(UPPER(TRIM(B19))="SWALE",UPPER(TRIM(AI19))="PIPE"),AND(UPPER(TRIM(B19))="TRENCH",UPPER(TRIM(AI19))="PIPE")),IF(OR(AG19="",AJ19="",AK19=""),"INFO",IF(AND(AG19>=AJ19,AG19<=AK19),"OK","CHECK")),"N/A")))
I20: =IF(A20="","",IF(H20<>"",H20,IF(UPPER(TRIM(B20))="PIPE",Inputs!$B$7,IF(UPPER(TRIM(B20))="SWALE",Inputs!$B$8,Inputs!$B$9)))) | O20: =IF(A20="","",SUMIFS(Zones_tributaires!$I:$I,Zones_tributaires!$J:$J,$A20)) | P20: =IF(A20="","",SUMIFS($Q$4:$Q$204,$E$4:$E$204,$A20)) | Q20: =IF(A20="","",(O20+P20)*Inputs!$B$6) | R20: =IF(A20="","",IF(UPPER(TRIM(B20))="PIPE",PI()*(J20/1000)^2/4,IF(OR(K20="",L20=""),"",L20*(K20+M20*L20)))) | S20: =IF(A20="","",IF(UPPER(TRIM(B20))="PIPE",(J20/1000)/4,IF(OR(R20="",K20="",L20=""),"",R20/(K20+2*L20*SQRT(1+M20^2))))) | T20: =IF(A20="","",IF(OR(I20="",R20="",S20="",G20=""),"",(1/I20)*R20*(S20^(2/3))*SQRT(G20))) | U20: =IF(OR(T20="",Q20=""),"",Q20/(T20*Inputs!$B$19)) | V20: =IF(OR(R20="",Q20=""),"",Q20/R20) | W20: =IF(OR(R20="",T20=""),"",T20/R20) | X20: =IF(A20="","",IF(OR(UPPER(TRIM(Inputs!$B$15))="MANNING",UPPER(TRIM(Inputs!$B$15))="M"),W20,IF(OR(UPPER(TRIM(Inputs!$B$15))="MAX",UPPER(TRIM(Inputs!$B$15))="X"),MAX(V20,W20),V20))) | Y20: =IF(A20="","",IF(UPPER(TRIM(B20))="TRENCH",K20*L20*N20,IF(UPPER(TRIM(B20))="SWALE",K20*L20,0))) | Z20: =IF(OR(Y20="",F20=""),"",Y20*F20) | AA20: =IF(A20="","",IF(OR(U20>1,AND(X20<>"",X20<Inputs!$B$16),AND(X20<>"",X20>Inputs!$B$17),G20<Inputs!$B$18,AH20="CHECK"),"CHECK","OK")) | AD20: =IF(A20="","",IF(AC20<>"",AC20,IF(E20="",Inputs!$B$38,IFERROR(INDEX($AE$4:$AE$204,MATCH(E20,$A$4:$A$204,0))+IF(OR(AND(UPPER(TRIM(B20))="SWALE",UPPER(TRIM(AI20))="PIPE"),AND(UPPER(TRIM(B20))="TRENCH",UPPER(TRIM(AI20))="PIPE")),Inputs!$B$57,0),"")))) | AE20: =IF(OR(AD20="",F20="",G20=""),"",AD20+F20*G20) | AF20: =IF(OR(E20="",A20=""),"",IFERROR(INDEX($AE$4:$AE$204,MATCH(E20,$A$4:$A$204,0)),"")) | AG20: =IF(OR(AD20="",AF20=""),"",AD20-AF20) | AH20: =IF(A20="","",IF(E20="","TERMINAL",IF(OR(AND(UPPER(TRIM(B20))="SWALE",UPPER(TRIM(AI20))="PIPE"),AND(UPPER(TRIM(B20))="TRENCH",UPPER(TRIM(AI20))="PIPE")),IF(OR(AG20="",AJ20="",AK20=""),"INFO",IF(AND(AG20>=AJ20,AG20<=AK20),"OK","CHECK")),IF(AG20="","INFO",IF(ABS(AG20)<=Inputs!$B$54,"OK","CHECK"))))) | AI20: =IF(A20="","",IF(E20="","",IFERROR(INDEX($B$4:$B$204,MATCH(E20,$A$4:$A$204,0)),""))) | AJ20: =IF(A20="","",IF(OR(AND(UPPER(TRIM(B20))="SWALE",UPPER(TRIM(AI20))="PIPE"),AND(UPPER(TRIM(B20))="TRENCH",UPPER(TRIM(AI20))="PIPE")),Inputs!$B$55,0)) | AK20: =IF(A20="","",IF(OR(AND(UPPER(TRIM(B20))="SWALE",UPPER(TRIM(AI20))="PIPE"),AND(UPPER(TRIM(B20))="TRENCH",UPPER(TRIM(AI20))="PIPE")),Inputs!$B$56,Inputs!$B$54)) | AL20: =IF(A20="","",IF(E20="","TERMINAL",IF(OR(AND(UPPER(TRIM(B20))="SWALE",UPPER(TRIM(AI20))="PIPE"),AND(UPPER(TRIM(B20))="TRENCH",UPPER(TRIM(AI20))="PIPE")),IF(OR(AG20="",AJ20="",AK20=""),"INFO",IF(AND(AG20>=AJ20,AG20<=AK20),"OK","CHECK")),"N/A")))
I21: =IF(A21="","",IF(H21<>"",H21,IF(UPPER(TRIM(B21))="PIPE",Inputs!$B$7,IF(UPPER(TRIM(B21))="SWALE",Inputs!$B$8,Inputs!$B$9)))) | N21: 0 | O21: =IF(A21="","",SUMIFS(Zones_tributaires!$I:$I,Zones_tributaires!$J:$J,$A21)) | P21: =IF(A21="","",SUMIFS($Q$4:$Q$204,$E$4:$E$204,$A21)) | Q21: =IF(A21="","",(O21+P21)*Inputs!$B$6) | R21: =IF(A21="","",IF(UPPER(TRIM(B21))="PIPE",PI()*(J21/1000)^2/4,IF(OR(K21="",L21=""),"",L21*(K21+M21*L21)))) | S21: =IF(A21="","",IF(UPPER(TRIM(B21))="PIPE",(J21/1000)/4,IF(OR(R21="",K21="",L21=""),"",R21/(K21+2*L21*SQRT(1+M21^2))))) | T21: =IF(A21="","",IF(OR(I21="",R21="",S21="",G21=""),"",(1/I21)*R21*(S21^(2/3))*SQRT(G21))) | U21: =IF(OR(T21="",Q21=""),"",Q21/(T21*Inputs!$B$19)) | V21: =IF(OR(R21="",Q21=""),"",Q21/R21) | W21: =IF(OR(R21="",T21=""),"",T21/R21) | X21: =IF(A21="","",IF(OR(UPPER(TRIM(Inputs!$B$15))="MANNING",UPPER(TRIM(Inputs!$B$15))="M"),W21,IF(OR(UPPER(TRIM(Inputs!$B$15))="MAX",UPPER(TRIM(Inputs!$B$15))="X"),MAX(V21,W21),V21))) | Y21: =IF(A21="","",IF(UPPER(TRIM(B21))="TRENCH",K21*L21*N21,IF(UPPER(TRIM(B21))="SWALE",K21*L21,0))) | Z21: =IF(OR(Y21="",F21=""),"",Y21*F21) | AA21: =IF(A21="","",IF(OR(U21>1,AND(X21<>"",X21<Inputs!$B$16),AND(X21<>"",X21>Inputs!$B$17),G21<Inputs!$B$18,AH21="CHECK"),"CHECK","OK")) | AD21: =IF(A21="","",IF(AC21<>"",AC21,IF(E21="",Inputs!$B$38,IFERROR(INDEX($AE$4:$AE$204,MATCH(E21,$A$4:$A$204,0))+IF(OR(AND(UPPER(TRIM(B21))="SWALE",UPPER(TRIM(AI21))="PIPE"),AND(UPPER(TRIM(B21))="TRENCH",UPPER(TRIM(AI21))="PIPE")),Inputs!$B$57,0),"")))) | AE21: =IF(OR(AD21="",F21="",G21=""),"",AD21+F21*G21) | AF21: =IF(OR(E21="",A21=""),"",IFERROR(INDEX($AE$4:$AE$204,MATCH(E21,$A$4:$A$204,0)),"")) | AG21: =IF(OR(AD21="",AF21=""),"",AD21-AF21) | AH21: =IF(A21="","",IF(E21="","TERMINAL",IF(OR(AND(UPPER(TRIM(B21))="SWALE",UPPER(TRIM(AI21))="PIPE"),AND(UPPER(TRIM(B21))="TRENCH",UPPER(TRIM(AI21))="PIPE")),IF(OR(AG21="",AJ21="",AK21=""),"INFO",IF(AND(AG21>=AJ21,AG21<=AK21),"OK","CHECK")),IF(AG21="","INFO",IF(ABS(AG21)<=Inputs!$B$54,"OK","CHECK"))))) | AI21: =IF(A21="","",IF(E21="","",IFERROR(INDEX($B$4:$B$204,MATCH(E21,$A$4:$A$204,0)),""))) | AJ21: =IF(A21="","",IF(OR(AND(UPPER(TRIM(B21))="SWALE",UPPER(TRIM(AI21))="PIPE"),AND(UPPER(TRIM(B21))="TRENCH",UPPER(TRIM(AI21))="PIPE")),Inputs!$B$55,0)) | AK21: =IF(A21="","",IF(OR(AND(UPPER(TRIM(B21))="SWALE",UPPER(TRIM(AI21))="PIPE"),AND(UPPER(TRIM(B21))="TRENCH",UPPER(TRIM(AI21))="PIPE")),Inputs!$B$56,Inputs!$B$54)) | AL21: =IF(A21="","",IF(E21="","TERMINAL",IF(OR(AND(UPPER(TRIM(B21))="SWALE",UPPER(TRIM(AI21))="PIPE"),AND(UPPER(TRIM(B21))="TRENCH",UPPER(TRIM(AI21))="PIPE")),IF(OR(AG21="",AJ21="",AK21=""),"INFO",IF(AND(AG21>=AJ21,AG21<=AK21),"OK","CHECK")),"N/A")))
I22: =IF(A22="","",IF(H22<>"",H22,IF(UPPER(TRIM(B22))="PIPE",Inputs!$B$7,IF(UPPER(TRIM(B22))="SWALE",Inputs!$B$8,Inputs!$B$9)))) | N22: 0 | O22: =IF(A22="","",SUMIFS(Zones_tributaires!$I:$I,Zones_tributaires!$J:$J,$A22)) | P22: =IF(A22="","",SUMIFS($Q$4:$Q$204,$E$4:$E$204,$A22)) | Q22: =IF(A22="","",(O22+P22)*Inputs!$B$6) | R22: =IF(A22="","",IF(UPPER(TRIM(B22))="PIPE",PI()*(J22/1000)^2/4,IF(OR(K22="",L22=""),"",L22*(K22+M22*L22)))) | S22: =IF(A22="","",IF(UPPER(TRIM(B22))="PIPE",(J22/1000)/4,IF(OR(R22="",K22="",L22=""),"",R22/(K22+2*L22*SQRT(1+M22^2))))) | T22: =IF(A22="","",IF(OR(I22="",R22="",S22="",G22=""),"",(1/I22)*R22*(S22^(2/3))*SQRT(G22))) | U22: =IF(OR(T22="",Q22=""),"",Q22/(T22*Inputs!$B$19)) | V22: =IF(OR(R22="",Q22=""),"",Q22/R22) | W22: =IF(OR(R22="",T22=""),"",T22/R22) | X22: =IF(A22="","",IF(OR(UPPER(TRIM(Inputs!$B$15))="MANNING",UPPER(TRIM(Inputs!$B$15))="M"),W22,IF(OR(UPPER(TRIM(Inputs!$B$15))="MAX",UPPER(TRIM(Inputs!$B$15))="X"),MAX(V22,W22),V22))) | Y22: =IF(A22="","",IF(UPPER(TRIM(B22))="TRENCH",K22*L22*N22,IF(UPPER(TRIM(B22))="SWALE",K22*L22,0))) | Z22: =IF(OR(Y22="",F22=""),"",Y22*F22) | AA22: =IF(A22="","",IF(OR(U22>1,AND(X22<>"",X22<Inputs!$B$16),AND(X22<>"",X22>Inputs!$B$17),G22<Inputs!$B$18,AH22="CHECK"),"CHECK","OK")) | AD22: =IF(A22="","",IF(AC22<>"",AC22,IF(E22="",Inputs!$B$38,IFERROR(INDEX($AE$4:$AE$204,MATCH(E22,$A$4:$A$204,0))+IF(OR(AND(UPPER(TRIM(B22))="SWALE",UPPER(TRIM(AI22))="PIPE"),AND(UPPER(TRIM(B22))="TRENCH",UPPER(TRIM(AI22))="PIPE")),Inputs!$B$57,0),"")))) | AE22: =IF(OR(AD22="",F22="",G22=""),"",AD22+F22*G22) | AF22: =IF(OR(E22="",A22=""),"",IFERROR(INDEX($AE$4:$AE$204,MATCH(E22,$A$4:$A$204,0)),"")) | AG22: =IF(OR(AD22="",AF22=""),"",AD22-AF22) | AH22: =IF(A22="","",IF(E22="","TERMINAL",IF(OR(AND(UPPER(TRIM(B22))="SWALE",UPPER(TRIM(AI22))="PIPE"),AND(UPPER(TRIM(B22))="TRENCH",UPPER(TRIM(AI22))="PIPE")),IF(OR(AG22="",AJ22="",AK22=""),"INFO",IF(AND(AG22>=AJ22,AG22<=AK22),"OK","CHECK")),IF(AG22="","INFO",IF(ABS(AG22)<=Inputs!$B$54,"OK","CHECK"))))) | AI22: =IF(A22="","",IF(E22="","",IFERROR(INDEX($B$4:$B$204,MATCH(E22,$A$4:$A$204,0)),""))) | AJ22: =IF(A22="","",IF(OR(AND(UPPER(TRIM(B22))="SWALE",UPPER(TRIM(AI22))="PIPE"),AND(UPPER(TRIM(B22))="TRENCH",UPPER(TRIM(AI22))="PIPE")),Inputs!$B$55,0)) | AK22: =IF(A22="","",IF(OR(AND(UPPER(TRIM(B22))="SWALE",UPPER(TRIM(AI22))="PIPE"),AND(UPPER(TRIM(B22))="TRENCH",UPPER(TRIM(AI22))="PIPE")),Inputs!$B$56,Inputs!$B$54)) | AL22: =IF(A22="","",IF(E22="","TERMINAL",IF(OR(AND(UPPER(TRIM(B22))="SWALE",UPPER(TRIM(AI22))="PIPE"),AND(UPPER(TRIM(B22))="TRENCH",UPPER(TRIM(AI22))="PIPE")),IF(OR(AG22="",AJ22="",AK22=""),"INFO",IF(AND(AG22>=AJ22,AG22<=AK22),"OK","CHECK")),"N/A")))
I23: =IF(A23="","",IF(H23<>"",H23,IF(UPPER(TRIM(B23))="PIPE",Inputs!$B$7,IF(UPPER(TRIM(B23))="SWALE",Inputs!$B$8,Inputs!$B$9)))) | N23: 0 | O23: =IF(A23="","",SUMIFS(Zones_tributaires!$I:$I,Zones_tributaires!$J:$J,$A23)) | P23: =IF(A23="","",SUMIFS($Q$4:$Q$204,$E$4:$E$204,$A23)) | Q23: =IF(A23="","",(O23+P23)*Inputs!$B$6) | R23: =IF(A23="","",IF(UPPER(TRIM(B23))="PIPE",PI()*(J23/1000)^2/4,IF(OR(K23="",L23=""),"",L23*(K23+M23*L23)))) | S23: =IF(A23="","",IF(UPPER(TRIM(B23))="PIPE",(J23/1000)/4,IF(OR(R23="",K23="",L23=""),"",R23/(K23+2*L23*SQRT(1+M23^2))))) | T23: =IF(A23="","",IF(OR(I23="",R23="",S23="",G23=""),"",(1/I23)*R23*(S23^(2/3))*SQRT(G23))) | U23: =IF(OR(T23="",Q23=""),"",Q23/(T23*Inputs!$B$19)) | V23: =IF(OR(R23="",Q23=""),"",Q23/R23) | W23: =IF(OR(R23="",T23=""),"",T23/R23) | X23: =IF(A23="","",IF(OR(UPPER(TRIM(Inputs!$B$15))="MANNING",UPPER(TRIM(Inputs!$B$15))="M"),W23,IF(OR(UPPER(TRIM(Inputs!$B$15))="MAX",UPPER(TRIM(Inputs!$B$15))="X"),MAX(V23,W23),V23))) | Y23: =IF(A23="","",IF(UPPER(TRIM(B23))="TRENCH",K23*L23*N23,IF(UPPER(TRIM(B23))="SWALE",K23*L23,0))) | Z23: =IF(OR(Y23="",F23=""),"",Y23*F23) | AA23: =IF(A23="","",IF(OR(U23>1,AND(X23<>"",X23<Inputs!$B$16),AND(X23<>"",X23>Inputs!$B$17),G23<Inputs!$B$18,AH23="CHECK"),"CHECK","OK")) | AD23: =IF(A23="","",IF(AC23<>"",AC23,IF(E23="",Inputs!$B$38,IFERROR(INDEX($AE$4:$AE$204,MATCH(E23,$A$4:$A$204,0))+IF(OR(AND(UPPER(TRIM(B23))="SWALE",UPPER(TRIM(AI23))="PIPE"),AND(UPPER(TRIM(B23))="TRENCH",UPPER(TRIM(AI23))="PIPE")),Inputs!$B$57,0),"")))) | AE23: =IF(OR(AD23="",F23="",G23=""),"",AD23+F23*G23) | AF23: =IF(OR(E23="",A23=""),"",IFERROR(INDEX($AE$4:$AE$204,MATCH(E23,$A$4:$A$204,0)),"")) | AG23: =IF(OR(AD23="",AF23=""),"",AD23-AF23) | AH23: =IF(A23="","",IF(E23="","TERMINAL",IF(OR(AND(UPPER(TRIM(B23))="SWALE",UPPER(TRIM(AI23))="PIPE"),AND(UPPER(TRIM(B23))="TRENCH",UPPER(TRIM(AI23))="PIPE")),IF(OR(AG23="",AJ23="",AK23=""),"INFO",IF(AND(AG23>=AJ23,AG23<=AK23),"OK","CHECK")),IF(AG23="","INFO",IF(ABS(AG23)<=Inputs!$B$54,"OK","CHECK"))))) | AI23: =IF(A23="","",IF(E23="","",IFERROR(INDEX($B$4:$B$204,MATCH(E23,$A$4:$A$204,0)),""))) | AJ23: =IF(A23="","",IF(OR(AND(UPPER(TRIM(B23))="SWALE",UPPER(TRIM(AI23))="PIPE"),AND(UPPER(TRIM(B23))="TRENCH",UPPER(TRIM(AI23))="PIPE")),Inputs!$B$55,0)) | AK23: =IF(A23="","",IF(OR(AND(UPPER(TRIM(B23))="SWALE",UPPER(TRIM(AI23))="PIPE"),AND(UPPER(TRIM(B23))="TRENCH",UPPER(TRIM(AI23))="PIPE")),Inputs!$B$56,Inputs!$B$54)) | AL23: =IF(A23="","",IF(E23="","TERMINAL",IF(OR(AND(UPPER(TRIM(B23))="SWALE",UPPER(TRIM(AI23))="PIPE"),AND(UPPER(TRIM(B23))="TRENCH",UPPER(TRIM(AI23))="PIPE")),IF(OR(AG23="",AJ23="",AK23=""),"INFO",IF(AND(AG23>=AJ23,AG23<=AK23),"OK","CHECK")),"N/A")))
I24: =IF(A24="","",IF(H24<>"",H24,IF(UPPER(TRIM(B24))="PIPE",Inputs!$B$7,IF(UPPER(TRIM(B24))="SWALE",Inputs!$B$8,Inputs!$B$9)))) | N24: 0 | O24: =IF(A24="","",SUMIFS(Zones_tributaires!$I:$I,Zones_tributaires!$J:$J,$A24)) | P24: =IF(A24="","",SUMIFS($Q$4:$Q$204,$E$4:$E$204,$A24)) | Q24: =IF(A24="","",(O24+P24)*Inputs!$B$6) | R24: =IF(A24="","",IF(UPPER(TRIM(B24))="PIPE",PI()*(J24/1000)^2/4,IF(OR(K24="",L24=""),"",L24*(K24+M24*L24)))) | S24: =IF(A24="","",IF(UPPER(TRIM(B24))="PIPE",(J24/1000)/4,IF(OR(R24="",K24="",L24=""),"",R24/(K24+2*L24*SQRT(1+M24^2))))) | T24: =IF(A24="","",IF(OR(I24="",R24="",S24="",G24=""),"",(1/I24)*R24*(S24^(2/3))*SQRT(G24))) | U24: =IF(OR(T24="",Q24=""),"",Q24/(T24*Inputs!$B$19)) | V24: =IF(OR(R24="",Q24=""),"",Q24/R24) | W24: =IF(OR(R24="",T24=""),"",T24/R24) | X24: =IF(A24="","",IF(OR(UPPER(TRIM(Inputs!$B$15))="MANNING",UPPER(TRIM(Inputs!$B$15))="M"),W24,IF(OR(UPPER(TRIM(Inputs!$B$15))="MAX",UPPER(TRIM(Inputs!$B$15))="X"),MAX(V24,W24),V24))) | Y24: =IF(A24="","",IF(UPPER(TRIM(B24))="TRENCH",K24*L24*N24,IF(UPPER(TRIM(B24))="SWALE",K24*L24,0))) | Z24: =IF(OR(Y24="",F24=""),"",Y24*F24) | AA24: =IF(A24="","",IF(OR(U24>1,AND(X24<>"",X24<Inputs!$B$16),AND(X24<>"",X24>Inputs!$B$17),G24<Inputs!$B$18,AH24="CHECK"),"CHECK","OK")) | AD24: =IF(A24="","",IF(AC24<>"",AC24,IF(E24="",Inputs!$B$38,IFERROR(INDEX($AE$4:$AE$204,MATCH(E24,$A$4:$A$204,0))+IF(OR(AND(UPPER(TRIM(B24))="SWALE",UPPER(TRIM(AI24))="PIPE"),AND(UPPER(TRIM(B24))="TRENCH",UPPER(TRIM(AI24))="PIPE")),Inputs!$B$57,0),"")))) | AE24: =IF(OR(AD24="",F24="",G24=""),"",AD24+F24*G24) | AF24: =IF(OR(E24="",A24=""),"",IFERROR(INDEX($AE$4:$AE$204,MATCH(E24,$A$4:$A$204,0)),"")) | AG24: =IF(OR(AD24="",AF24=""),"",AD24-AF24) | AH24: =IF(A24="","",IF(E24="","TERMINAL",IF(OR(AND(UPPER(TRIM(B24))="SWALE",UPPER(TRIM(AI24))="PIPE"),AND(UPPER(TRIM(B24))="TRENCH",UPPER(TRIM(AI24))="PIPE")),IF(OR(AG24="",AJ24="",AK24=""),"INFO",IF(AND(AG24>=AJ24,AG24<=AK24),"OK","CHECK")),IF(AG24="","INFO",IF(ABS(AG24)<=Inputs!$B$54,"OK","CHECK"))))) | AI24: =IF(A24="","",IF(E24="","",IFERROR(INDEX($B$4:$B$204,MATCH(E24,$A$4:$A$204,0)),""))) | AJ24: =IF(A24="","",IF(OR(AND(UPPER(TRIM(B24))="SWALE",UPPER(TRIM(AI24))="PIPE"),AND(UPPER(TRIM(B24))="TRENCH",UPPER(TRIM(AI24))="PIPE")),Inputs!$B$55,0)) | AK24: =IF(A24="","",IF(OR(AND(UPPER(TRIM(B24))="SWALE",UPPER(TRIM(AI24))="PIPE"),AND(UPPER(TRIM(B24))="TRENCH",UPPER(TRIM(AI24))="PIPE")),Inputs!$B$56,Inputs!$B$54)) | AL24: =IF(A24="","",IF(E24="","TERMINAL",IF(OR(AND(UPPER(TRIM(B24))="SWALE",UPPER(TRIM(AI24))="PIPE"),AND(UPPER(TRIM(B24))="TRENCH",UPPER(TRIM(AI24))="PIPE")),IF(OR(AG24="",AJ24="",AK24=""),"INFO",IF(AND(AG24>=AJ24,AG24<=AK24),"OK","CHECK")),"N/A")))
I25: =IF(A25="","",IF(H25<>"",H25,IF(UPPER(TRIM(B25))="PIPE",Inputs!$B$7,IF(UPPER(TRIM(B25))="SWALE",Inputs!$B$8,Inputs!$B$9)))) | N25: 0 | O25: =IF(A25="","",SUMIFS(Zones_tributaires!$I:$I,Zones_tributaires!$J:$J,$A25)) | P25: =IF(A25="","",SUMIFS($Q$4:$Q$204,$E$4:$E$204,$A25)) | Q25: =IF(A25="","",(O25+P25)*Inputs!$B$6) | R25: =IF(A25="","",IF(UPPER(TRIM(B25))="PIPE",PI()*(J25/1000)^2/4,IF(OR(K25="",L25=""),"",L25*(K25+M25*L25)))) | S25: =IF(A25="","",IF(UPPER(TRIM(B25))="PIPE",(J25/1000)/4,IF(OR(R25="",K25="",L25=""),"",R25/(K25+2*L25*SQRT(1+M25^2))))) | T25: =IF(A25="","",IF(OR(I25="",R25="",S25="",G25=""),"",(1/I25)*R25*(S25^(2/3))*SQRT(G25))) | U25: =IF(OR(T25="",Q25=""),"",Q25/(T25*Inputs!$B$19)) | V25: =IF(OR(R25="",Q25=""),"",Q25/R25) | W25: =IF(OR(R25="",T25=""),"",T25/R25) | X25: =IF(A25="","",IF(OR(UPPER(TRIM(Inputs!$B$15))="MANNING",UPPER(TRIM(Inputs!$B$15))="M"),W25,IF(OR(UPPER(TRIM(Inputs!$B$15))="MAX",UPPER(TRIM(Inputs!$B$15))="X"),MAX(V25,W25),V25))) | Y25: =IF(A25="","",IF(UPPER(TRIM(B25))="TRENCH",K25*L25*N25,IF(UPPER(TRIM(B25))="SWALE",K25*L25,0))) | Z25: =IF(OR(Y25="",F25=""),"",Y25*F25) | AA25: =IF(A25="","",IF(OR(U25>1,AND(X25<>"",X25<Inputs!$B$16),AND(X25<>"",X25>Inputs!$B$17),G25<Inputs!$B$18,AH25="CHECK"),"CHECK","OK")) | AD25: =IF(A25="","",IF(AC25<>"",AC25,IF(E25="",Inputs!$B$38,IFERROR(INDEX($AE$4:$AE$204,MATCH(E25,$A$4:$A$204,0))+IF(OR(AND(UPPER(TRIM(B25))="SWALE",UPPER(TRIM(AI25))="PIPE"),AND(UPPER(TRIM(B25))="TRENCH",UPPER(TRIM(AI25))="PIPE")),Inputs!$B$57,0),"")))) | AE25: =IF(OR(AD25="",F25="",G25=""),"",AD25+F25*G25) | AF25: =IF(OR(E25="",A25=""),"",IFERROR(INDEX($AE$4:$AE$204,MATCH(E25,$A$4:$A$204,0)),"")) | AG25: =IF(OR(AD25="",AF25=""),"",AD25-AF25) | AH25: =IF(A25="","",IF(E25="","TERMINAL",IF(OR(AND(UPPER(TRIM(B25))="SWALE",UPPER(TRIM(AI25))="PIPE"),AND(UPPER(TRIM(B25))="TRENCH",UPPER(TRIM(AI25))="PIPE")),IF(OR(AG25="",AJ25="",AK25=""),"INFO",IF(AND(AG25>=AJ25,AG25<=AK25),"OK","CHECK")),IF(AG25="","INFO",IF(ABS(AG25)<=Inputs!$B$54,"OK","CHECK"))))) | AI25: =IF(A25="","",IF(E25="","",IFERROR(INDEX($B$4:$B$204,MATCH(E25,$A$4:$A$204,0)),""))) | AJ25: =IF(A25="","",IF(OR(AND(UPPER(TRIM(B25))="SWALE",UPPER(TRIM(AI25))="PIPE"),AND(UPPER(TRIM(B25))="TRENCH",UPPER(TRIM(AI25))="PIPE")),Inputs!$B$55,0)) | AK25: =IF(A25="","",IF(OR(AND(UPPER(TRIM(B25))="SWALE",UPPER(TRIM(AI25))="PIPE"),AND(UPPER(TRIM(B25))="TRENCH",UPPER(TRIM(AI25))="PIPE")),Inputs!$B$56,Inputs!$B$54)) | AL25: =IF(A25="","",IF(E25="","TERMINAL",IF(OR(AND(UPPER(TRIM(B25))="SWALE",UPPER(TRIM(AI25))="PIPE"),AND(UPPER(TRIM(B25))="TRENCH",UPPER(TRIM(AI25))="PIPE")),IF(OR(AG25="",AJ25="",AK25=""),"INFO",IF(AND(AG25>=AJ25,AG25<=AK25),"OK","CHECK")),"N/A")))
I26: =IF(A26="","",IF(H26<>"",H26,IF(UPPER(TRIM(B26))="PIPE",Inputs!$B$7,IF(UPPER(TRIM(B26))="SWALE",Inputs!$B$8,Inputs!$B$9)))) | N26: 0 | O26: =IF(A26="","",SUMIFS(Zones_tributaires!$I:$I,Zones_tributaires!$J:$J,$A26)) | P26: =IF(A26="","",SUMIFS($Q$4:$Q$204,$E$4:$E$204,$A26)) | Q26: =IF(A26="","",(O26+P26)*Inputs!$B$6) | R26: =IF(A26="","",IF(UPPER(TRIM(B26))="PIPE",PI()*(J26/1000)^2/4,IF(OR(K26="",L26=""),"",L26*(K26+M26*L26)))) | S26: =IF(A26="","",IF(UPPER(TRIM(B26))="PIPE",(J26/1000)/4,IF(OR(R26="",K26="",L26=""),"",R26/(K26+2*L26*SQRT(1+M26^2))))) | T26: =IF(A26="","",IF(OR(I26="",R26="",S26="",G26=""),"",(1/I26)*R26*(S26^(2/3))*SQRT(G26))) | U26: =IF(OR(T26="",Q26=""),"",Q26/(T26*Inputs!$B$19)) | V26: =IF(OR(R26="",Q26=""),"",Q26/R26) | W26: =IF(OR(R26="",T26=""),"",T26/R26) | X26: =IF(A26="","",IF(OR(UPPER(TRIM(Inputs!$B$15))="MANNING",UPPER(TRIM(Inputs!$B$15))="M"),W26,IF(OR(UPPER(TRIM(Inputs!$B$15))="MAX",UPPER(TRIM(Inputs!$B$15))="X"),MAX(V26,W26),V26))) | Y26: =IF(A26="","",IF(UPPER(TRIM(B26))="TRENCH",K26*L26*N26,IF(UPPER(TRIM(B26))="SWALE",K26*L26,0))) | Z26: =IF(OR(Y26="",F26=""),"",Y26*F26) | AA26: =IF(A26="","",IF(OR(U26>1,AND(X26<>"",X26<Inputs!$B$16),AND(X26<>"",X26>Inputs!$B$17),G26<Inputs!$B$18,AH26="CHECK"),"CHECK","OK")) | AD26: =IF(A26="","",IF(AC26<>"",AC26,IF(E26="",Inputs!$B$38,IFERROR(INDEX($AE$4:$AE$204,MATCH(E26,$A$4:$A$204,0))+IF(OR(AND(UPPER(TRIM(B26))="SWALE",UPPER(TRIM(AI26))="PIPE"),AND(UPPER(TRIM(B26))="TRENCH",UPPER(TRIM(AI26))="PIPE")),Inputs!$B$57,0),"")))) | AE26: =IF(OR(AD26="",F26="",G26=""),"",AD26+F26*G26) | AF26: =IF(OR(E26="",A26=""),"",IFERROR(INDEX($AE$4:$AE$204,MATCH(E26,$A$4:$A$204,0)),"")) | AG26: =IF(OR(AD26="",AF26=""),"",AD26-AF26) | AH26: =IF(A26="","",IF(E26="","TERMINAL",IF(OR(AND(UPPER(TRIM(B26))="SWALE",UPPER(TRIM(AI26))="PIPE"),AND(UPPER(TRIM(B26))="TRENCH",UPPER(TRIM(AI26))="PIPE")),IF(OR(AG26="",AJ26="",AK26=""),"INFO",IF(AND(AG26>=AJ26,AG26<=AK26),"OK","CHECK")),IF(AG26="","INFO",IF(ABS(AG26)<=Inputs!$B$54,"OK","CHECK"))))) | AI26: =IF(A26="","",IF(E26="","",IFERROR(INDEX($B$4:$B$204,MATCH(E26,$A$4:$A$204,0)),""))) | AJ26: =IF(A26="","",IF(OR(AND(UPPER(TRIM(B26))="SWALE",UPPER(TRIM(AI26))="PIPE"),AND(UPPER(TRIM(B26))="TRENCH",UPPER(TRIM(AI26))="PIPE")),Inputs!$B$55,0)) | AK26: =IF(A26="","",IF(OR(AND(UPPER(TRIM(B26))="SWALE",UPPER(TRIM(AI26))="PIPE"),AND(UPPER(TRIM(B26))="TRENCH",UPPER(TRIM(AI26))="PIPE")),Inputs!$B$56,Inputs!$B$54)) | AL26: =IF(A26="","",IF(E26="","TERMINAL",IF(OR(AND(UPPER(TRIM(B26))="SWALE",UPPER(TRIM(AI26))="PIPE"),AND(UPPER(TRIM(B26))="TRENCH",UPPER(TRIM(AI26))="PIPE")),IF(OR(AG26="",AJ26="",AK26=""),"INFO",IF(AND(AG26>=AJ26,AG26<=AK26),"OK","CHECK")),"N/A")))
I27: =IF(A27="","",IF(H27<>"",H27,IF(UPPER(TRIM(B27))="PIPE",Inputs!$B$7,IF(UPPER(TRIM(B27))="SWALE",Inputs!$B$8,Inputs!$B$9)))) | N27: 0 | O27: =IF(A27="","",SUMIFS(Zones_tributaires!$I:$I,Zones_tributaires!$J:$J,$A27)) | P27: =IF(A27="","",SUMIFS($Q$4:$Q$204,$E$4:$E$204,$A27)) | Q27: =IF(A27="","",(O27+P27)*Inputs!$B$6) | R27: =IF(A27="","",IF(UPPER(TRIM(B27))="PIPE",PI()*(J27/1000)^2/4,IF(OR(K27="",L27=""),"",L27*(K27+M27*L27)))) | S27: =IF(A27="","",IF(UPPER(TRIM(B27))="PIPE",(J27/1000)/4,IF(OR(R27="",K27="",L27=""),"",R27/(K27+2*L27*SQRT(1+M27^2))))) | T27: =IF(A27="","",IF(OR(I27="",R27="",S27="",G27=""),"",(1/I27)*R27*(S27^(2/3))*SQRT(G27))) | U27: =IF(OR(T27="",Q27=""),"",Q27/(T27*Inputs!$B$19)) | V27: =IF(OR(R27="",Q27=""),"",Q27/R27) | W27: =IF(OR(R27="",T27=""),"",T27/R27) | X27: =IF(A27="","",IF(OR(UPPER(TRIM(Inputs!$B$15))="MANNING",UPPER(TRIM(Inputs!$B$15))="M"),W27,IF(OR(UPPER(TRIM(Inputs!$B$15))="MAX",UPPER(TRIM(Inputs!$B$15))="X"),MAX(V27,W27),V27))) | Y27: =IF(A27="","",IF(UPPER(TRIM(B27))="TRENCH",K27*L27*N27,IF(UPPER(TRIM(B27))="SWALE",K27*L27,0))) | Z27: =IF(OR(Y27="",F27=""),"",Y27*F27) | AA27: =IF(A27="","",IF(OR(U27>1,AND(X27<>"",X27<Inputs!$B$16),AND(X27<>"",X27>Inputs!$B$17),G27<Inputs!$B$18,AH27="CHECK"),"CHECK","OK")) | AD27: =IF(A27="","",IF(AC27<>"",AC27,IF(E27="",Inputs!$B$38,IFERROR(INDEX($AE$4:$AE$204,MATCH(E27,$A$4:$A$204,0))+IF(OR(AND(UPPER(TRIM(B27))="SWALE",UPPER(TRIM(AI27))="PIPE"),AND(UPPER(TRIM(B27))="TRENCH",UPPER(TRIM(AI27))="PIPE")),Inputs!$B$57,0),"")))) | AE27: =IF(OR(AD27="",F27="",G27=""),"",AD27+F27*G27) | AF27: =IF(OR(E27="",A27=""),"",IFERROR(INDEX($AE$4:$AE$204,MATCH(E27,$A$4:$A$204,0)),"")) | AG27: =IF(OR(AD27="",AF27=""),"",AD27-AF27) | AH27: =IF(A27="","",IF(E27="","TERMINAL",IF(OR(AND(UPPER(TRIM(B27))="SWALE",UPPER(TRIM(AI27))="PIPE"),AND(UPPER(TRIM(B27))="TRENCH",UPPER(TRIM(AI27))="PIPE")),IF(OR(AG27="",AJ27="",AK27=""),"INFO",IF(AND(AG27>=AJ27,AG27<=AK27),"OK","CHECK")),IF(AG27="","INFO",IF(ABS(AG27)<=Inputs!$B$54,"OK","CHECK"))))) | AI27: =IF(A27="","",IF(E27="","",IFERROR(INDEX($B$4:$B$204,MATCH(E27,$A$4:$A$204,0)),""))) | AJ27: =IF(A27="","",IF(OR(AND(UPPER(TRIM(B27))="SWALE",UPPER(TRIM(AI27))="PIPE"),AND(UPPER(TRIM(B27))="TRENCH",UPPER(TRIM(AI27))="PIPE")),Inputs!$B$55,0)) | AK27: =IF(A27="","",IF(OR(AND(UPPER(TRIM(B27))="SWALE",UPPER(TRIM(AI27))="PIPE"),AND(UPPER(TRIM(B27))="TRENCH",UPPER(TRIM(AI27))="PIPE")),Inputs!$B$56,Inputs!$B$54)) | AL27: =IF(A27="","",IF(E27="","TERMINAL",IF(OR(AND(UPPER(TRIM(B27))="SWALE",UPPER(TRIM(AI27))="PIPE"),AND(UPPER(TRIM(B27))="TRENCH",UPPER(TRIM(AI27))="PIPE")),IF(OR(AG27="",AJ27="",AK27=""),"INFO",IF(AND(AG27>=AJ27,AG27<=AK27),"OK","CHECK")),"N/A")))
I28: =IF(A28="","",IF(H28<>"",H28,IF(UPPER(TRIM(B28))="PIPE",Inputs!$B$7,IF(UPPER(TRIM(B28))="SWALE",Inputs!$B$8,Inputs!$B$9)))) | N28: 0 | O28: =IF(A28="","",SUMIFS(Zones_tributaires!$I:$I,Zones_tributaires!$J:$J,$A28)) | P28: =IF(A28="","",SUMIFS($Q$4:$Q$204,$E$4:$E$204,$A28)) | Q28: =IF(A28="","",(O28+P28)*Inputs!$B$6) | R28: =IF(A28="","",IF(UPPER(TRIM(B28))="PIPE",PI()*(J28/1000)^2/4,IF(OR(K28="",L28=""),"",L28*(K28+M28*L28)))) | S28: =IF(A28="","",IF(UPPER(TRIM(B28))="PIPE",(J28/1000)/4,IF(OR(R28="",K28="",L28=""),"",R28/(K28+2*L28*SQRT(1+M28^2))))) | T28: =IF(A28="","",IF(OR(I28="",R28="",S28="",G28=""),"",(1/I28)*R28*(S28^(2/3))*SQRT(G28))) | U28: =IF(OR(T28="",Q28=""),"",Q28/(T28*Inputs!$B$19)) | V28: =IF(OR(R28="",Q28=""),"",Q28/R28) | W28: =IF(OR(R28="",T28=""),"",T28/R28) | X28: =IF(A28="","",IF(OR(UPPER(TRIM(Inputs!$B$15))="MANNING",UPPER(TRIM(Inputs!$B$15))="M"),W28,IF(OR(UPPER(TRIM(Inputs!$B$15))="MAX",UPPER(TRIM(Inputs!$B$15))="X"),MAX(V28,W28),V28))) | Y28: =IF(A28="","",IF(UPPER(TRIM(B28))="TRENCH",K28*L28*N28,IF(UPPER(TRIM(B28))="SWALE",K28*L28,0))) | Z28: =IF(OR(Y28="",F28=""),"",Y28*F28) | AA28: =IF(A28="","",IF(OR(U28>1,AND(X28<>"",X28<Inputs!$B$16),AND(X28<>"",X28>Inputs!$B$17),G28<Inputs!$B$18,AH28="CHECK"),"CHECK","OK")) | AD28: =IF(A28="","",IF(AC28<>"",AC28,IF(E28="",Inputs!$B$38,IFERROR(INDEX($AE$4:$AE$204,MATCH(E28,$A$4:$A$204,0))+IF(OR(AND(UPPER(TRIM(B28))="SWALE",UPPER(TRIM(AI28))="PIPE"),AND(UPPER(TRIM(B28))="TRENCH",UPPER(TRIM(AI28))="PIPE")),Inputs!$B$57,0),"")))) | AE28: =IF(OR(AD28="",F28="",G28=""),"",AD28+F28*G28) | AF28: =IF(OR(E28="",A28=""),"",IFERROR(INDEX($AE$4:$AE$204,MATCH(E28,$A$4:$A$204,0)),"")) | AG28: =IF(OR(AD28="",AF28=""),"",AD28-AF28) | AH28: =IF(A28="","",IF(E28="","TERMINAL",IF(OR(AND(UPPER(TRIM(B28))="SWALE",UPPER(TRIM(AI28))="PIPE"),AND(UPPER(TRIM(B28))="TRENCH",UPPER(TRIM(AI28))="PIPE")),IF(OR(AG28="",AJ28="",AK28=""),"INFO",IF(AND(AG28>=AJ28,AG28<=AK28),"OK","CHECK")),IF(AG28="","INFO",IF(ABS(AG28)<=Inputs!$B$54,"OK","CHECK"))))) | AI28: =IF(A28="","",IF(E28="","",IFERROR(INDEX($B$4:$B$204,MATCH(E28,$A$4:$A$204,0)),""))) | AJ28: =IF(A28="","",IF(OR(AND(UPPER(TRIM(B28))="SWALE",UPPER(TRIM(AI28))="PIPE"),AND(UPPER(TRIM(B28))="TRENCH",UPPER(TRIM(AI28))="PIPE")),Inputs!$B$55,0)) | AK28: =IF(A28="","",IF(OR(AND(UPPER(TRIM(B28))="SWALE",UPPER(TRIM(AI28))="PIPE"),AND(UPPER(TRIM(B28))="TRENCH",UPPER(TRIM(AI28))="PIPE")),Inputs!$B$56,Inputs!$B$54)) | AL28: =IF(A28="","",IF(E28="","TERMINAL",IF(OR(AND(UPPER(TRIM(B28))="SWALE",UPPER(TRIM(AI28))="PIPE"),AND(UPPER(TRIM(B28))="TRENCH",UPPER(TRIM(AI28))="PIPE")),IF(OR(AG28="",AJ28="",AK28=""),"INFO",IF(AND(AG28>=AJ28,AG28<=AK28),"OK","CHECK")),"N/A")))
I29: =IF(A29="","",IF(H29<>"",H29,IF(UPPER(TRIM(B29))="PIPE",Inputs!$B$7,IF(UPPER(TRIM(B29))="SWALE",Inputs!$B$8,Inputs!$B$9)))) | N29: 0 | O29: =IF(A29="","",SUMIFS(Zones_tributaires!$I:$I,Zones_tributaires!$J:$J,$A29)) | P29: =IF(A29="","",SUMIFS($Q$4:$Q$204,$E$4:$E$204,$A29)) | Q29: =IF(A29="","",(O29+P29)*Inputs!$B$6) | R29: =IF(A29="","",IF(UPPER(TRIM(B29))="PIPE",PI()*(J29/1000)^2/4,IF(OR(K29="",L29=""),"",L29*(K29+M29*L29)))) | S29: =IF(A29="","",IF(UPPER(TRIM(B29))="PIPE",(J29/1000)/4,IF(OR(R29="",K29="",L29=""),"",R29/(K29+2*L29*SQRT(1+M29^2))))) | T29: =IF(A29="","",IF(OR(I29="",R29="",S29="",G29=""),"",(1/I29)*R29*(S29^(2/3))*SQRT(G29))) | U29: =IF(OR(T29="",Q29=""),"",Q29/(T29*Inputs!$B$19)) | V29: =IF(OR(R29="",Q29=""),"",Q29/R29) | W29: =IF(OR(R29="",T29=""),"",T29/R29) | X29: =IF(A29="","",IF(OR(UPPER(TRIM(Inputs!$B$15))="MANNING",UPPER(TRIM(Inputs!$B$15))="M"),W29,IF(OR(UPPER(TRIM(Inputs!$B$15))="MAX",UPPER(TRIM(Inputs!$B$15))="X"),MAX(V29,W29),V29))) | Y29: =IF(A29="","",IF(UPPER(TRIM(B29))="TRENCH",K29*L29*N29,IF(UPPER(TRIM(B29))="SWALE",K29*L29,0))) | Z29: =IF(OR(Y29="",F29=""),"",Y29*F29) | AA29: =IF(A29="","",IF(OR(U29>1,AND(X29<>"",X29<Inputs!$B$16),AND(X29<>"",X29>Inputs!$B$17),G29<Inputs!$B$18,AH29="CHECK"),"CHECK","OK")) | AD29: =IF(A29="","",IF(AC29<>"",AC29,IF(E29="",Inputs!$B$38,IFERROR(INDEX($AE$4:$AE$204,MATCH(E29,$A$4:$A$204,0))+IF(OR(AND(UPPER(TRIM(B29))="SWALE",UPPER(TRIM(AI29))="PIPE"),AND(UPPER(TRIM(B29))="TRENCH",UPPER(TRIM(AI29))="PIPE")),Inputs!$B$57,0),"")))) | AE29: =IF(OR(AD29="",F29="",G29=""),"",AD29+F29*G29) | AF29: =IF(OR(E29="",A29=""),"",IFERROR(INDEX($AE$4:$AE$204,MATCH(E29,$A$4:$A$204,0)),"")) | AG29: =IF(OR(AD29="",AF29=""),"",AD29-AF29) | AH29: =IF(A29="","",IF(E29="","TERMINAL",IF(OR(AND(UPPER(TRIM(B29))="SWALE",UPPER(TRIM(AI29))="PIPE"),AND(UPPER(TRIM(B29))="TRENCH",UPPER(TRIM(AI29))="PIPE")),IF(OR(AG29="",AJ29="",AK29=""),"INFO",IF(AND(AG29>=AJ29,AG29<=AK29),"OK","CHECK")),IF(AG29="","INFO",IF(ABS(AG29)<=Inputs!$B$54,"OK","CHECK"))))) | AI29: =IF(A29="","",IF(E29="","",IFERROR(INDEX($B$4:$B$204,MATCH(E29,$A$4:$A$204,0)),""))) | AJ29: =IF(A29="","",IF(OR(AND(UPPER(TRIM(B29))="SWALE",UPPER(TRIM(AI29))="PIPE"),AND(UPPER(TRIM(B29))="TRENCH",UPPER(TRIM(AI29))="PIPE")),Inputs!$B$55,0)) | AK29: =IF(A29="","",IF(OR(AND(UPPER(TRIM(B29))="SWALE",UPPER(TRIM(AI29))="PIPE"),AND(UPPER(TRIM(B29))="TRENCH",UPPER(TRIM(AI29))="PIPE")),Inputs!$B$56,Inputs!$B$54)) | AL29: =IF(A29="","",IF(E29="","TERMINAL",IF(OR(AND(UPPER(TRIM(B29))="SWALE",UPPER(TRIM(AI29))="PIPE"),AND(UPPER(TRIM(B29))="TRENCH",UPPER(TRIM(AI29))="PIPE")),IF(OR(AG29="",AJ29="",AK29=""),"INFO",IF(AND(AG29>=AJ29,AG29<=AK29),"OK","CHECK")),"N/A")))
I30: =IF(A30="","",IF(H30<>"",H30,IF(UPPER(TRIM(B30))="PIPE",Inputs!$B$7,IF(UPPER(TRIM(B30))="SWALE",Inputs!$B$8,Inputs!$B$9)))) | N30: 0 | O30: =IF(A30="","",SUMIFS(Zones_tributaires!$I:$I,Zones_tributaires!$J:$J,$A30)) | P30: =IF(A30="","",SUMIFS($Q$4:$Q$204,$E$4:$E$204,$A30)) | Q30: =IF(A30="","",(O30+P30)*Inputs!$B$6) | R30: =IF(A30="","",IF(UPPER(TRIM(B30))="PIPE",PI()*(J30/1000)^2/4,IF(OR(K30="",L30=""),"",L30*(K30+M30*L30)))) | S30: =IF(A30="","",IF(UPPER(TRIM(B30))="PIPE",(J30/1000)/4,IF(OR(R30="",K30="",L30=""),"",R30/(K30+2*L30*SQRT(1+M30^2))))) | T30: =IF(A30="","",IF(OR(I30="",R30="",S30="",G30=""),"",(1/I30)*R30*(S30^(2/3))*SQRT(G30))) | U30: =IF(OR(T30="",Q30=""),"",Q30/(T30*Inputs!$B$19)) | V30: =IF(OR(R30="",Q30=""),"",Q30/R30) | W30: =IF(OR(R30="",T30=""),"",T30/R30) | X30: =IF(A30="","",IF(OR(UPPER(TRIM(Inputs!$B$15))="MANNING",UPPER(TRIM(Inputs!$B$15))="M"),W30,IF(OR(UPPER(TRIM(Inputs!$B$15))="MAX",UPPER(TRIM(Inputs!$B$15))="X"),MAX(V30,W30),V30))) | Y30: =IF(A30="","",IF(UPPER(TRIM(B30))="TRENCH",K30*L30*N30,IF(UPPER(TRIM(B30))="SWALE",K30*L30,0))) | Z30: =IF(OR(Y30="",F30=""),"",Y30*F30) | AA30: =IF(A30="","",IF(OR(U30>1,AND(X30<>"",X30<Inputs!$B$16),AND(X30<>"",X30>Inputs!$B$17),G30<Inputs!$B$18,AH30="CHECK"),"CHECK","OK")) | AD30: =IF(A30="","",IF(AC30<>"",AC30,IF(E30="",Inputs!$B$38,IFERROR(INDEX($AE$4:$AE$204,MATCH(E30,$A$4:$A$204,0))+IF(OR(AND(UPPER(TRIM(B30))="SWALE",UPPER(TRIM(AI30))="PIPE"),AND(UPPER(TRIM(B30))="TRENCH",UPPER(TRIM(AI30))="PIPE")),Inputs!$B$57,0),"")))) | AE30: =IF(OR(AD30="",F30="",G30=""),"",AD30+F30*G30) | AF30: =IF(OR(E30="",A30=""),"",IFERROR(INDEX($AE$4:$AE$204,MATCH(E30,$A$4:$A$204,0)),"")) | AG30: =IF(OR(AD30="",AF30=""),"",AD30-AF30) | AH30: =IF(A30="","",IF(E30="","TERMINAL",IF(OR(AND(UPPER(TRIM(B30))="SWALE",UPPER(TRIM(AI30))="PIPE"),AND(UPPER(TRIM(B30))="TRENCH",UPPER(TRIM(AI30))="PIPE")),IF(OR(AG30="",AJ30="",AK30=""),"INFO",IF(AND(AG30>=AJ30,AG30<=AK30),"OK","CHECK")),IF(AG30="","INFO",IF(ABS(AG30)<=Inputs!$B$54,"OK","CHECK"))))) | AI30: =IF(A30="","",IF(E30="","",IFERROR(INDEX($B$4:$B$204,MATCH(E30,$A$4:$A$204,0)),""))) | AJ30: =IF(A30="","",IF(OR(AND(UPPER(TRIM(B30))="SWALE",UPPER(TRIM(AI30))="PIPE"),AND(UPPER(TRIM(B30))="TRENCH",UPPER(TRIM(AI30))="PIPE")),Inputs!$B$55,0)) | AK30: =IF(A30="","",IF(OR(AND(UPPER(TRIM(B30))="SWALE",UPPER(TRIM(AI30))="PIPE"),AND(UPPER(TRIM(B30))="TRENCH",UPPER(TRIM(AI30))="PIPE")),Inputs!$B$56,Inputs!$B$54)) | AL30: =IF(A30="","",IF(E30="","TERMINAL",IF(OR(AND(UPPER(TRIM(B30))="SWALE",UPPER(TRIM(AI30))="PIPE"),AND(UPPER(TRIM(B30))="TRENCH",UPPER(TRIM(AI30))="PIPE")),IF(OR(AG30="",AJ30="",AK30=""),"INFO",IF(AND(AG30>=AJ30,AG30<=AK30),"OK","CHECK")),"N/A")))
I31: =IF(A31="","",IF(H31<>"",H31,IF(UPPER(TRIM(B31))="PIPE",Inputs!$B$7,IF(UPPER(TRIM(B31))="SWALE",Inputs!$B$8,Inputs!$B$9)))) | N31: 0 | O31: =IF(A31="","",SUMIFS(Zones_tributaires!$I:$I,Zones_tributaires!$J:$J,$A31)) | P31: =IF(A31="","",SUMIFS($Q$4:$Q$204,$E$4:$E$204,$A31)) | Q31: =IF(A31="","",(O31+P31)*Inputs!$B$6) | R31: =IF(A31="","",IF(UPPER(TRIM(B31))="PIPE",PI()*(J31/1000)^2/4,IF(OR(K31="",L31=""),"",L31*(K31+M31*L31)))) | S31: =IF(A31="","",IF(UPPER(TRIM(B31))="PIPE",(J31/1000)/4,IF(OR(R31="",K31="",L31=""),"",R31/(K31+2*L31*SQRT(1+M31^2))))) | T31: =IF(A31="","",IF(OR(I31="",R31="",S31="",G31=""),"",(1/I31)*R31*(S31^(2/3))*SQRT(G31))) | U31: =IF(OR(T31="",Q31=""),"",Q31/(T31*Inputs!$B$19)) | V31: =IF(OR(R31="",Q31=""),"",Q31/R31) | W31: =IF(OR(R31="",T31=""),"",T31/R31) | X31: =IF(A31="","",IF(OR(UPPER(TRIM(Inputs!$B$15))="MANNING",UPPER(TRIM(Inputs!$B$15))="M"),W31,IF(OR(UPPER(TRIM(Inputs!$B$15))="MAX",UPPER(TRIM(Inputs!$B$15))="X"),MAX(V31,W31),V31))) | Y31: =IF(A31="","",IF(UPPER(TRIM(B31))="TRENCH",K31*L31*N31,IF(UPPER(TRIM(B31))="SWALE",K31*L31,0))) | Z31: =IF(OR(Y31="",F31=""),"",Y31*F31) | AA31: =IF(A31="","",IF(OR(U31>1,AND(X31<>"",X31<Inputs!$B$16),AND(X31<>"",X31>Inputs!$B$17),G31<Inputs!$B$18,AH31="CHECK"),"CHECK","OK")) | AD31: =IF(A31="","",IF(AC31<>"",AC31,IF(E31="",Inputs!$B$38,IFERROR(INDEX($AE$4:$AE$204,MATCH(E31,$A$4:$A$204,0))+IF(OR(AND(UPPER(TRIM(B31))="SWALE",UPPER(TRIM(AI31))="PIPE"),AND(UPPER(TRIM(B31))="TRENCH",UPPER(TRIM(AI31))="PIPE")),Inputs!$B$57,0),"")))) | AE31: =IF(OR(AD31="",F31="",G31=""),"",AD31+F31*G31) | AF31: =IF(OR(E31="",A31=""),"",IFERROR(INDEX($AE$4:$AE$204,MATCH(E31,$A$4:$A$204,0)),"")) | AG31: =IF(OR(AD31="",AF31=""),"",AD31-AF31) | AH31: =IF(A31="","",IF(E31="","TERMINAL",IF(OR(AND(UPPER(TRIM(B31))="SWALE",UPPER(TRIM(AI31))="PIPE"),AND(UPPER(TRIM(B31))="TRENCH",UPPER(TRIM(AI31))="PIPE")),IF(OR(AG31="",AJ31="",AK31=""),"INFO",IF(AND(AG31>=AJ31,AG31<=AK31),"OK","CHECK")),IF(AG31="","INFO",IF(ABS(AG31)<=Inputs!$B$54,"OK","CHECK"))))) | AI31: =IF(A31="","",IF(E31="","",IFERROR(INDEX($B$4:$B$204,MATCH(E31,$A$4:$A$204,0)),""))) | AJ31: =IF(A31="","",IF(OR(AND(UPPER(TRIM(B31))="SWALE",UPPER(TRIM(AI31))="PIPE"),AND(UPPER(TRIM(B31))="TRENCH",UPPER(TRIM(AI31))="PIPE")),Inputs!$B$55,0)) | AK31: =IF(A31="","",IF(OR(AND(UPPER(TRIM(B31))="SWALE",UPPER(TRIM(AI31))="PIPE"),AND(UPPER(TRIM(B31))="TRENCH",UPPER(TRIM(AI31))="PIPE")),Inputs!$B$56,Inputs!$B$54)) | AL31: =IF(A31="","",IF(E31="","TERMINAL",IF(OR(AND(UPPER(TRIM(B31))="SWALE",UPPER(TRIM(AI31))="PIPE"),AND(UPPER(TRIM(B31))="TRENCH",UPPER(TRIM(AI31))="PIPE")),IF(OR(AG31="",AJ31="",AK31=""),"INFO",IF(AND(AG31>=AJ31,AG31<=AK31),"OK","CHECK")),"N/A")))
I32: =IF(A32="","",IF(H32<>"",H32,IF(UPPER(TRIM(B32))="PIPE",Inputs!$B$7,IF(UPPER(TRIM(B32))="SWALE",Inputs!$B$8,Inputs!$B$9)))) | N32: 0 | O32: =IF(A32="","",SUMIFS(Zones_tributaires!$I:$I,Zones_tributaires!$J:$J,$A32)) | P32: =IF(A32="","",SUMIFS($Q$4:$Q$204,$E$4:$E$204,$A32)) | Q32: =IF(A32="","",(O32+P32)*Inputs!$B$6) | R32: =IF(A32="","",IF(UPPER(TRIM(B32))="PIPE",PI()*(J32/1000)^2/4,IF(OR(K32="",L32=""),"",L32*(K32+M32*L32)))) | S32: =IF(A32="","",IF(UPPER(TRIM(B32))="PIPE",(J32/1000)/4,IF(OR(R32="",K32="",L32=""),"",R32/(K32+2*L32*SQRT(1+M32^2))))) | T32: =IF(A32="","",IF(OR(I32="",R32="",S32="",G32=""),"",(1/I32)*R32*(S32^(2/3))*SQRT(G32))) | U32: =IF(OR(T32="",Q32=""),"",Q32/(T32*Inputs!$B$19)) | V32: =IF(OR(R32="",Q32=""),"",Q32/R32) | W32: =IF(OR(R32="",T32=""),"",T32/R32) | X32: =IF(A32="","",IF(OR(UPPER(TRIM(Inputs!$B$15))="MANNING",UPPER(TRIM(Inputs!$B$15))="M"),W32,IF(OR(UPPER(TRIM(Inputs!$B$15))="MAX",UPPER(TRIM(Inputs!$B$15))="X"),MAX(V32,W32),V32))) | Y32: =IF(A32="","",IF(UPPER(TRIM(B32))="TRENCH",K32*L32*N32,IF(UPPER(TRIM(B32))="SWALE",K32*L32,0))) | Z32: =IF(OR(Y32="",F32=""),"",Y32*F32) | AA32: =IF(A32="","",IF(OR(U32>1,AND(X32<>"",X32<Inputs!$B$16),AND(X32<>"",X32>Inputs!$B$17),G32<Inputs!$B$18,AH32="CHECK"),"CHECK","OK")) | AD32: =IF(A32="","",IF(AC32<>"",AC32,IF(E32="",Inputs!$B$38,IFERROR(INDEX($AE$4:$AE$204,MATCH(E32,$A$4:$A$204,0))+IF(OR(AND(UPPER(TRIM(B32))="SWALE",UPPER(TRIM(AI32))="PIPE"),AND(UPPER(TRIM(B32))="TRENCH",UPPER(TRIM(AI32))="PIPE")),Inputs!$B$57,0),"")))) | AE32: =IF(OR(AD32="",F32="",G32=""),"",AD32+F32*G32) | AF32: =IF(OR(E32="",A32=""),"",IFERROR(INDEX($AE$4:$AE$204,MATCH(E32,$A$4:$A$204,0)),"")) | AG32: =IF(OR(AD32="",AF32=""),"",AD32-AF32) | AH32: =IF(A32="","",IF(E32="","TERMINAL",IF(OR(AND(UPPER(TRIM(B32))="SWALE",UPPER(TRIM(AI32))="PIPE"),AND(UPPER(TRIM(B32))="TRENCH",UPPER(TRIM(AI32))="PIPE")),IF(OR(AG32="",AJ32="",AK32=""),"INFO",IF(AND(AG32>=AJ32,AG32<=AK32),"OK","CHECK")),IF(AG32="","INFO",IF(ABS(AG32)<=Inputs!$B$54,"OK","CHECK"))))) | AI32: =IF(A32="","",IF(E32="","",IFERROR(INDEX($B$4:$B$204,MATCH(E32,$A$4:$A$204,0)),""))) | AJ32: =IF(A32="","",IF(OR(AND(UPPER(TRIM(B32))="SWALE",UPPER(TRIM(AI32))="PIPE"),AND(UPPER(TRIM(B32))="TRENCH",UPPER(TRIM(AI32))="PIPE")),Inputs!$B$55,0)) | AK32: =IF(A32="","",IF(OR(AND(UPPER(TRIM(B32))="SWALE",UPPER(TRIM(AI32))="PIPE"),AND(UPPER(TRIM(B32))="TRENCH",UPPER(TRIM(AI32))="PIPE")),Inputs!$B$56,Inputs!$B$54)) | AL32: =IF(A32="","",IF(E32="","TERMINAL",IF(OR(AND(UPPER(TRIM(B32))="SWALE",UPPER(TRIM(AI32))="PIPE"),AND(UPPER(TRIM(B32))="TRENCH",UPPER(TRIM(AI32))="PIPE")),IF(OR(AG32="",AJ32="",AK32=""),"INFO",IF(AND(AG32>=AJ32,AG32<=AK32),"OK","CHECK")),"N/A")))
... I204: =IF(A204="","",IF(H204<>"",H204,IF(UPPER(TRIM(B204))="PIPE",Inputs!$B$7,IF(UPPER(TRIM(B204))="SWALE",Inputs!$B$8,Inputs!$B$9)))) | N204: 0 | O204: =IF(A204="","",SUMIFS(Zones_tributaires!$I:$I,Zones_tributaires!$J:$J,$A204)) | P204: =IF(A204="","",SUMIFS($Q$4:$Q$204,$E$4:$E$204,$A204)) | Q204: =IF(A204="","",(O204+P204)*Inputs!$B$6) | R204: =IF(A204="","",IF(UPPER(TRIM(B204))="PIPE",PI()*(J204/1000)^2/4,IF(OR(K204="",L204=""),"",L204*(K204+M204*L204)))) | S204: =IF(A204="","",IF(UPPER(TRIM(B204))="PIPE",(J204/1000)/4,IF(OR(R204="",K204="",L204=""),"",R204/(K204+2*L204*SQRT(1+M204^2))))) | T204: =IF(A204="","",IF(OR(I204="",R204="",S204="",G204=""),"",(1/I204)*R204*(S204^(2/3))*SQRT(G204))) | U204: =IF(OR(T204="",Q204=""),"",Q204/(T204*Inputs!$B$19)) | V204: =IF(OR(R204="",Q204=""),"",Q204/R204) | W204: =IF(OR(R204="",T204=""),"",T204/R204) | X204: =IF(A204="","",IF(OR(UPPER(TRIM(Inputs!$B$15))="MANNING",UPPER(TRIM(Inputs!$B$15))="M"),W204,IF(OR(UPPER(TRIM(Inputs!$B$15))="MAX",UPPER(TRIM(Inputs!$B$15))="X"),MAX(V204,W204),V204))) | Y204: =IF(A204="","",IF(UPPER(TRIM(B204))="TRENCH",K204*L204*N204,IF(UPPER(TRIM(B204))="SWALE",K204*L204,0))) | Z204: =IF(OR(Y204="",F204=""),"",Y204*F204) | AA204: =IF(A204="","",IF(OR(U204>1,AND(X204<>"",X204<Inputs!$B$16),AND(X204<>"",X204>Inputs!$B$17),G204<Inputs!$B$18,AH204="CHECK"),"CHECK","OK")) | AD204: =IF(A204="","",IF(AC204<>"",AC204,IF(E204="",Inputs!$B$38,IFERROR(INDEX($AE$4:$AE$204,MATCH(E204,$A$4:$A$204,0))+IF(OR(AND(UPPER(TRIM(B204))="SWALE",UPPER(TRIM(AI204))="PIPE"),AND(UPPER(TRIM(B204))="TRENCH",UPPER(TRIM(AI204))="PIPE")),Inputs!$B$57,0),"")))) | AE204: =IF(OR(AD204="",F204="",G204=""),"",AD204+F204*G204) | AF204: =IF(OR(E204="",A204=""),"",IFERROR(INDEX($AE$4:$AE$204,MATCH(E204,$A$4:$A$204,0)),"")) | AG204: =IF(OR(AD204="",AF204=""),"",AD204-AF204) | AH204: =IF(A204="","",IF(E204="","TERMINAL",IF(OR(AND(UPPER(TRIM(B204))="SWALE",UPPER(TRIM(AI204))="PIPE"),AND(UPPER(TRIM(B204))="TRENCH",UPPER(TRIM(AI204))="PIPE")),IF(OR(AG204="",AJ204="",AK204=""),"INFO",IF(AND(AG204>=AJ204,AG204<=AK204),"OK","CHECK")),IF(AG204="","INFO",IF(ABS(AG204)<=Inputs!$B$54,"OK","CHECK"))))) | AI204: =IF(A204="","",IF(E204="","",IFERROR(INDEX($B$4:$B$204,MATCH(E204,$A$4:$A$204,0)),""))) | AJ204: =IF(A204="","",IF(OR(AND(UPPER(TRIM(B204))="SWALE",UPPER(TRIM(AI204))="PIPE"),AND(UPPER(TRIM(B204))="TRENCH",UPPER(TRIM(AI204))="PIPE")),Inputs!$B$55,0)) | AK204: =IF(A204="","",IF(OR(AND(UPPER(TRIM(B204))="SWALE",UPPER(TRIM(AI204))="PIPE"),AND(UPPER(TRIM(B204))="TRENCH",UPPER(TRIM(AI204))="PIPE")),Inputs!$B$56,Inputs!$B$54)) | AL204: =IF(A204="","",IF(E204="","TERMINAL",IF(OR(AND(UPPER(TRIM(B204))="SWALE",UPPER(TRIM(AI204))="PIPE"),AND(UPPER(TRIM(B204))="TRENCH",UPPER(TRIM(AI204))="PIPE")),IF(OR(AG204="",AJ204="",AK204=""),"INFO",IF(AND(AG204>=AJ204,AG204<=AK204),"OK","CHECK")),"N/A")))

Sheet Noeuds_stockage
A1: NOEUDS / OUVRAGES - CAPACITE DE STOCKAGE TAMPON
A3: Node_ID | B3: Node_type | C3: Ground_elev_m | D3: Invert_elev_m | E3: Max_depth_m | F3: Geometry | G3: Dia_or_width_m | H3: Length_if_rect_m | I3: Storage_geom_m3 | J3: Buffer_time_min | K3: Qin_peak_m3s | L3: V_required_m3 | M3: Node_check
A4: P-01 | B4: SWALE_NODE | C4: 23.97 | D4: =C4-0.3 -> 23.67 | E4: =IF(OR(C4="",D4=""),"",MAX(0,C4-D4)) -> 0.3 | F4: RECT | G4: 1 | H4: 9.6 | I4: =IF(A4="","",IF(UPPER(TRIM(F4))="CIRC",PI()*(G4/2)^2*E4,IF(UPPER(TRIM(F4))="RECT",G4*H4*E4,""))) -> 2.88 | J4: =Inputs!$B$23 -> 6 | K4: =IF(A4="","",SUMIFS(Elements_hybrides!$Q:$Q,Elements_hybrides!$D:$D,$A4)) -> 0 | L4: =IF(OR(K4="",J4=""),"",K4*J4*60) -> 0 | M4: =IF(A4="","",IF(OR(I4="",L4=""),"",IF(I4>=L4,"OK","CHECK"))) -> OK
A5: P-02 | B5: SWALE_NODE | C5: 23.91 | D5: =C5-0.3 -> 23.61 | E5: =IF(OR(C5="",D5=""),"",MAX(0,C5-D5)) -> 0.3 | F5: RECT | G5: 1 | H5: 9.7 | I5: =IF(A5="","",IF(UPPER(TRIM(F5))="CIRC",PI()*(G5/2)^2*E5,IF(UPPER(TRIM(F5))="RECT",G5*H5*E5,""))) -> 2.91 | J5: =Inputs!$B$23 -> 6 | K5: =IF(A5="","",SUMIFS(Elements_hybrides!$Q:$Q,Elements_hybrides!$D:$D,$A5)) -> 0 | L5: =IF(OR(K5="",J5=""),"",K5*J5*60) -> 0 | M5: =IF(A5="","",IF(OR(I5="",L5=""),"",IF(I5>=L5,"OK","CHECK"))) -> OK
A6: P-03 | B6: CB | C6: 23.67 | D6: =C6-0.3 -> 23.37 | E6: =IF(OR(C6="",D6=""),"",MAX(0,C6-D6)) -> 0.3 | F6: RECT | G6: 0.2 | I6: =IF(A6="","",IF(UPPER(TRIM(F6))="CIRC",PI()*(G6/2)^2*E6,IF(UPPER(TRIM(F6))="RECT",G6*H6*E6,""))) -> 0 | J6: =Inputs!$B$23 -> 6 | K6: =IF(A6="","",SUMIFS(Elements_hybrides!$Q:$Q,Elements_hybrides!$D:$D,$A6)) -> 0 | L6: =IF(OR(K6="",J6=""),"",K6*J6*60) -> 0 | M6: =IF(A6="","",IF(OR(I6="",L6=""),"",IF(I6>=L6,"OK","CHECK"))) -> OK
A7: J-SUD-EST | B7: CB | C7: 23.63 | D7: 23.2 | E7: =IF(OR(C7="",D7=""),"",MAX(0,C7-D7)) -> 0.43 | F7: CIRC | G7: 0.2 | I7: =IF(A7="","",IF(UPPER(TRIM(F7))="CIRC",PI()*(G7/2)^2*E7,IF(UPPER(TRIM(F7))="RECT",G7*H7*E7,""))) -> 0.013508848 | J7: =Inputs!$B$23 -> 6 | K7: =IF(A7="","",SUMIFS(Elements_hybrides!$Q:$Q,Elements_hybrides!$D:$D,$A7)) -> 0 | L7: =IF(OR(K7="",J7=""),"",K7*J7*60) -> 0 | M7: =IF(A7="","",IF(OR(I7="",L7=""),"",IF(I7>=L7,"OK","CHECK"))) -> OK
A8: J-SUD-OUEST | B8: CB | C8: 23.05 | D8: 23.05 | E8: =IF(OR(C8="",D8=""),"",MAX(0,C8-D8)) -> 0 | F8: RECT | G8: 1.2 | H8: 10.619 | I8: =IF(A8="","",IF(UPPER(TRIM(F8))="CIRC",PI()*(G8/2)^2*E8,IF(UPPER(TRIM(F8))="RECT",G8*H8*E8,""))) -> 0 | J8: =Inputs!$B$23 -> 6 | K8: =IF(A8="","",SUMIFS(Elements_hybrides!$Q:$Q,Elements_hybrides!$D:$D,$A8)) -> 0 | L8: =IF(OR(K8="",J8=""),"",K8*J8*60) -> 0 | M8: =IF(A8="","",IF(OR(I8="",L8=""),"",IF(I8>=L8,"OK","CHECK"))) -> OK
A9: J-OUEST-AMONT | B9: CB | C9: 23.58 | D9: 22.58 | E9: =IF(OR(C9="",D9=""),"",MAX(0,C9-D9)) -> 1 | F9: CIRC | G9: 0.2 | H9: 3 | I9: =IF(A9="","",IF(UPPER(TRIM(F9))="CIRC",PI()*(G9/2)^2*E9,IF(UPPER(TRIM(F9))="RECT",G9*H9*E9,""))) -> 0.031415927 | J9: =Inputs!$B$23 -> 6 | K9: =IF(A9="","",SUMIFS(Elements_hybrides!$Q:$Q,Elements_hybrides!$D:$D,$A9)) -> 0 | L9: =IF(OR(K9="",J9=""),"",K9*J9*60) -> 0 | M9: =IF(A9="","",IF(OR(I9="",L9=""),"",IF(I9>=L9,"OK","CHECK"))) -> OK
A10: J-OUEST-PU1 | B10: MH | C10: 23.667 | D10: =C10-1 -> 22.667 | E10: =IF(OR(C10="",D10=""),"",MAX(0,C10-D10)) -> 1 | F10: CIRC | G10: 0.2 | I10: =IF(A10="","",IF(UPPER(TRIM(F10))="CIRC",PI()*(G10/2)^2*E10,IF(UPPER(TRIM(F10))="RECT",G10*H10*E10,""))) -> 0.031415927 | J10: =Inputs!$B$23 -> 6 | K10: =IF(A10="","",SUMIFS(Elements_hybrides!$Q:$Q,Elements_hybrides!$D:$D,$A10)) -> 0.00010720118 | L10: =IF(OR(K10="",J10=""),"",K10*J10*60) -> 0.038592426 | M10: =IF(A10="","",IF(OR(I10="",L10=""),"",IF(I10>=L10,"OK","CHECK"))) -> CHECK
A11: J-OUEST-PU2 | B11: MH | C11: 23.556 | D11: =C11-1 -> 22.556 | E11: =IF(OR(C11="",D11=""),"",MAX(0,C11-D11)) -> 1 | F11: CIRC | G11: 0.2 | I11: =IF(A11="","",IF(UPPER(TRIM(F11))="CIRC",PI()*(G11/2)^2*E11,IF(UPPER(TRIM(F11))="RECT",G11*H11*E11,""))) -> 0.031415927 | J11: =Inputs!$B$23 -> 6 | K11: =IF(A11="","",SUMIFS(Elements_hybrides!$Q:$Q,Elements_hybrides!$D:$D,$A11)) -> 0.00033631971 | L11: =IF(OR(K11="",J11=""),"",K11*J11*60) -> 0.1210751 | M11: =IF(A11="","",IF(OR(I11="",L11=""),"",IF(I11>=L11,"OK","CHECK"))) -> CHECK
A12: J-OUEST-PU3 | B12: MH | C12: 23.504 | D12: =C12-1 -> 22.504 | E12: =IF(OR(C12="",D12=""),"",MAX(0,C12-D12)) -> 1 | F12: CIRC | G12: 0.2 | I12: =IF(A12="","",IF(UPPER(TRIM(F12))="CIRC",PI()*(G12/2)^2*E12,IF(UPPER(TRIM(F12))="RECT",G12*H12*E12,""))) -> 0.031415927 | J12: =Inputs!$B$23 -> 6 | K12: =IF(A12="","",SUMIFS(Elements_hybrides!$Q:$Q,Elements_hybrides!$D:$D,$A12)) -> 0.00060284473 | L12: =IF(OR(K12="",J12=""),"",K12*J12*60) -> 0.2170241 | M12: =IF(A12="","",IF(OR(I12="",L12=""),"",IF(I12>=L12,"OK","CHECK"))) -> CHECK
A13: J-OUEST-PU4 | B13: MH | C13: 23.63 | D13: =C13-1 -> 22.63 | E13: =IF(OR(C13="",D13=""),"",MAX(0,C13-D13)) -> 1 | F13: CIRC | G13: 0.2 | I13: =IF(A13="","",IF(UPPER(TRIM(F13))="CIRC",PI()*(G13/2)^2*E13,IF(UPPER(TRIM(F13))="RECT",G13*H13*E13,""))) -> 0.031415927 | J13: =Inputs!$B$23 -> 6 | K13: =IF(A13="","",SUMIFS(Elements_hybrides!$Q:$Q,Elements_hybrides!$D:$D,$A13)) -> 0.0018838113 | L13: =IF(OR(K13="",J13=""),"",K13*J13*60) -> 0.67817206 | M13: =IF(A13="","",IF(OR(I13="",L13=""),"",IF(I13>=L13,"OK","CHECK"))) -> CHECK
A14: J-OUEST-AVAL | B14: CB | C14: 23.63 | D14: =C14-1 -> 22.63 | E14: =IF(OR(C14="",D14=""),"",MAX(0,C14-D14)) -> 1 | F14: CIRC | G14: 0.2 | I14: =IF(A14="","",IF(UPPER(TRIM(F14))="CIRC",PI()*(G14/2)^2*E14,IF(UPPER(TRIM(F14))="RECT",G14*H14*E14,""))) -> 0.031415927 | J14: =Inputs!$B$23 -> 6 | K14: =IF(A14="","",SUMIFS(Elements_hybrides!$Q:$Q,Elements_hybrides!$D:$D,$A14)) -> 0.0022595801 | L14: =IF(OR(K14="",J14=""),"",K14*J14*60) -> 0.81344884 | M14: =IF(A14="","",IF(OR(I14="",L14=""),"",IF(I14>=L14,"OK","CHECK"))) -> CHECK
A15: J-BASSIN-IN | B15: MH | C15: 23.63 | D15: =C15-1 -> 22.63 | E15: =IF(OR(C15="",D15=""),"",MAX(0,C15-D15)) -> 1 | F15: CIRC | G15: 0.2 | I15: =IF(A15="","",IF(UPPER(TRIM(F15))="CIRC",PI()*(G15/2)^2*E15,IF(UPPER(TRIM(F15))="RECT",G15*H15*E15,""))) -> 0.031415927 | J15: =Inputs!$B$23 -> 6 | K15: =IF(A15="","",SUMIFS(Elements_hybrides!$Q:$Q,Elements_hybrides!$D:$D,$A15)) -> 0.0031844308 | L15: =IF(OR(K15="",J15=""),"",K15*J15*60) -> 1.1463951 | M15: =IF(A15="","",IF(OR(I15="",L15=""),"",IF(I15>=L15,"OK","CHECK"))) -> CHECK
A16: BASSIN-RET | B16: RETENTION | C16: 23.56 | D16: 21.62 | E16: =IF(OR(C16="",D16=""),"",MAX(0,C16-D16)) -> 1.94 | F16: RECT | G16: =Inputs!$B$34 -> 2 | H16: =Inputs!$B$35 -> 20 | I16: =IF(A16="","",IF(UPPER(TRIM(F16))="CIRC",PI()*(G16/2)^2*E16,IF(UPPER(TRIM(F16))="RECT",G16*H16*E16,""))) -> 77.6 | J16: 30 | K16: =IF(A16="","",SUMIFS(Elements_hybrides!$Q:$Q,Elements_hybrides!$D:$D,$A16)) -> 0.0038316058 | L16: =IF(OR(K16="",J16=""),"",K16*J16*60) -> 6.8968905 | M16: =IF(A16="","",IF(OR(I16="",L16=""),"",IF(I16>=L16,"OK","CHECK"))) -> OK
A17: J-BASSIN-OUEST | B17: MH | E17: =IF(OR(C17="",D17=""),"",MAX(0,C17-D17)) | F17: CIRC | G17: 1.2 | I17: =IF(A17="","",IF(UPPER(TRIM(F17))="CIRC",PI()*(G17/2)^2*E17,IF(UPPER(TRIM(F17))="RECT",G17*H17*E17,""))) -> #VALUE! | J17: =Inputs!$B$23 -> 6 | K17: =IF(A17="","",SUMIFS(Elements_hybrides!$Q:$Q,Elements_hybrides!$D:$D,$A17)) -> 0.047024474 | L17: =IF(OR(K17="",J17=""),"",K17*J17*60) -> 16.928811 | M17: =IF(A17="","",IF(OR(I17="",L17=""),"",IF(I17>=L17,"OK","CHECK"))) -> #VALUE!
A18: J-MECH-OUT | B18: MH | E18: =IF(OR(C18="",D18=""),"",MAX(0,C18-D18)) | F18: CIRC | G18: 0.3 | I18: =IF(A18="","",IF(UPPER(TRIM(F18))="CIRC",PI()*(G18/2)^2*E18,IF(UPPER(TRIM(F18))="RECT",G18*H18*E18,""))) -> #VALUE! | J18: =Inputs!$B$23 -> 6 | K18: =IF(A18="","",SUMIFS(Elements_hybrides!$Q:$Q,Elements_hybrides!$D:$D,$A18)) -> 0 | L18: =IF(OR(K18="",J18=""),"",K18*J18*60) -> 0 | M18: =IF(A18="","",IF(OR(I18="",L18=""),"",IF(I18>=L18,"OK","CHECK"))) -> #VALUE!
A19: J-MH | B19: MH | C19: 23.64 | D19: 21.62 | E19: =IF(OR(C19="",D19=""),"",MAX(0,C19-D19)) -> 2.02 | F19: CIRC | G19: 0.3 | I19: =IF(A19="","",IF(UPPER(TRIM(F19))="CIRC",PI()*(G19/2)^2*E19,IF(UPPER(TRIM(F19))="RECT",G19*H19*E19,""))) -> 0.14278539 | K19: =IF(A19="","",SUMIFS(Elements_hybrides!$Q:$Q,Elements_hybrides!$D:$D,$A19)) -> 0.0027340919 | L19: =IF(OR(K19="",J19=""),"",K19*J19*60) | M19: =IF(A19="","",IF(OR(I19="",L19=""),"",IF(I19>=L19,"OK","CHECK")))
E20: =IF(OR(C20="",D20=""),"",MAX(0,C20-D20)) | I20: =IF(A20="","",IF(UPPER(TRIM(F20))="CIRC",PI()*(G20/2)^2*E20,IF(UPPER(TRIM(F20))="RECT",G20*H20*E20,""))) | K20: =IF(A20="","",SUMIFS(Elements_hybrides!$Q:$Q,Elements_hybrides!$D:$D,$A20)) | L20: =IF(OR(K20="",J20=""),"",K20*J20*60) | M20: =IF(A20="","",IF(OR(I20="",L20=""),"",IF(I20>=L20,"OK","CHECK")))
E21: =IF(OR(C21="",D21=""),"",MAX(0,C21-D21)) | I21: =IF(A21="","",IF(UPPER(TRIM(F21))="CIRC",PI()*(G21/2)^2*E21,IF(UPPER(TRIM(F21))="RECT",G21*H21*E21,""))) | K21: =IF(A21="","",SUMIFS(Elements_hybrides!$Q:$Q,Elements_hybrides!$D:$D,$A21)) | L21: =IF(OR(K21="",J21=""),"",K21*J21*60) | M21: =IF(A21="","",IF(OR(I21="",L21=""),"",IF(I21>=L21,"OK","CHECK")))
E22: =IF(OR(C22="",D22=""),"",MAX(0,C22-D22)) | I22: =IF(A22="","",IF(UPPER(TRIM(F22))="CIRC",PI()*(G22/2)^2*E22,IF(UPPER(TRIM(F22))="RECT",G22*H22*E22,""))) | K22: =IF(A22="","",SUMIFS(Elements_hybrides!$Q:$Q,Elements_hybrides!$D:$D,$A22)) | L22: =IF(OR(K22="",J22=""),"",K22*J22*60) | M22: =IF(A22="","",IF(OR(I22="",L22=""),"",IF(I22>=L22,"OK","CHECK")))
E23: =IF(OR(C23="",D23=""),"",MAX(0,C23-D23)) | I23: =IF(A23="","",IF(UPPER(TRIM(F23))="CIRC",PI()*(G23/2)^2*E23,IF(UPPER(TRIM(F23))="RECT",G23*H23*E23,""))) | K23: =IF(A23="","",SUMIFS(Elements_hybrides!$Q:$Q,Elements_hybrides!$D:$D,$A23)) | L23: =IF(OR(K23="",J23=""),"",K23*J23*60) | M23: =IF(A23="","",IF(OR(I23="",L23=""),"",IF(I23>=L23,"OK","CHECK")))
E24: =IF(OR(C24="",D24=""),"",MAX(0,C24-D24)) | I24: =IF(A24="","",IF(UPPER(TRIM(F24))="CIRC",PI()*(G24/2)^2*E24,IF(UPPER(TRIM(F24))="RECT",G24*H24*E24,""))) | K24: =IF(A24="","",SUMIFS(Elements_hybrides!$Q:$Q,Elements_hybrides!$D:$D,$A24)) | L24: =IF(OR(K24="",J24=""),"",K24*J24*60) | M24: =IF(A24="","",IF(OR(I24="",L24=""),"",IF(I24>=L24,"OK","CHECK")))
E25: =IF(OR(C25="",D25=""),"",MAX(0,C25-D25)) | I25: =IF(A25="","",IF(UPPER(TRIM(F25))="CIRC",PI()*(G25/2)^2*E25,IF(UPPER(TRIM(F25))="RECT",G25*H25*E25,""))) | K25: =IF(A25="","",SUMIFS(Elements_hybrides!$Q:$Q,Elements_hybrides!$D:$D,$A25)) | L25: =IF(OR(K25="",J25=""),"",K25*J25*60) | M25: =IF(A25="","",IF(OR(I25="",L25=""),"",IF(I25>=L25,"OK","CHECK")))
E26: =IF(OR(C26="",D26=""),"",MAX(0,C26-D26)) | I26: =IF(A26="","",IF(UPPER(TRIM(F26))="CIRC",PI()*(G26/2)^2*E26,IF(UPPER(TRIM(F26))="RECT",G26*H26*E26,""))) | K26: =IF(A26="","",SUMIFS(Elements_hybrides!$Q:$Q,Elements_hybrides!$D:$D,$A26)) | L26: =IF(OR(K26="",J26=""),"",K26*J26*60) | M26: =IF(A26="","",IF(OR(I26="",L26=""),"",IF(I26>=L26,"OK","CHECK")))
E27: =IF(OR(C27="",D27=""),"",MAX(0,C27-D27)) | I27: =IF(A27="","",IF(UPPER(TRIM(F27))="CIRC",PI()*(G27/2)^2*E27,IF(UPPER(TRIM(F27))="RECT",G27*H27*E27,""))) | K27: =IF(A27="","",SUMIFS(Elements_hybrides!$Q:$Q,Elements_hybrides!$D:$D,$A27)) | L27: =IF(OR(K27="",J27=""),"",K27*J27*60) | M27: =IF(A27="","",IF(OR(I27="",L27=""),"",IF(I27>=L27,"OK","CHECK")))
E28: =IF(OR(C28="",D28=""),"",MAX(0,C28-D28)) | I28: =IF(A28="","",IF(UPPER(TRIM(F28))="CIRC",PI()*(G28/2)^2*E28,IF(UPPER(TRIM(F28))="RECT",G28*H28*E28,""))) | K28: =IF(A28="","",SUMIFS(Elements_hybrides!$Q:$Q,Elements_hybrides!$D:$D,$A28)) | L28: =IF(OR(K28="",J28=""),"",K28*J28*60) | M28: =IF(A28="","",IF(OR(I28="",L28=""),"",IF(I28>=L28,"OK","CHECK")))
E29: =IF(OR(C29="",D29=""),"",MAX(0,C29-D29)) | I29: =IF(A29="","",IF(UPPER(TRIM(F29))="CIRC",PI()*(G29/2)^2*E29,IF(UPPER(TRIM(F29))="RECT",G29*H29*E29,""))) | K29: =IF(A29="","",SUMIFS(Elements_hybrides!$Q:$Q,Elements_hybrides!$D:$D,$A29)) | L29: =IF(OR(K29="",J29=""),"",K29*J29*60) | M29: =IF(A29="","",IF(OR(I29="",L29=""),"",IF(I29>=L29,"OK","CHECK")))
B30: =23.58-23.54 -> 0.04 | E30: =IF(OR(C30="",D30=""),"",MAX(0,C30-D30)) | I30: =IF(A30="","",IF(UPPER(TRIM(F30))="CIRC",PI()*(G30/2)^2*E30,IF(UPPER(TRIM(F30))="RECT",G30*H30*E30,""))) | K30: =IF(A30="","",SUMIFS(Elements_hybrides!$Q:$Q,Elements_hybrides!$D:$D,$A30)) | L30: =IF(OR(K30="",J30=""),"",K30*J30*60) | M30: =IF(A30="","",IF(OR(I30="",L30=""),"",IF(I30>=L30,"OK","CHECK")))
B31: =B30/8.37 -> 0.0047789725 | E31: =IF(OR(C31="",D31=""),"",MAX(0,C31-D31)) | I31: =IF(A31="","",IF(UPPER(TRIM(F31))="CIRC",PI()*(G31/2)^2*E31,IF(UPPER(TRIM(F31))="RECT",G31*H31*E31,""))) | K31: =IF(A31="","",SUMIFS(Elements_hybrides!$Q:$Q,Elements_hybrides!$D:$D,$A31)) | L31: =IF(OR(K31="",J31=""),"",K31*J31*60) | M31: =IF(A31="","",IF(OR(I31="",L31=""),"",IF(I31>=L31,"OK","CHECK")))
B32: =23.58-2.79*B31 -> 23.566667 | E32: =IF(OR(C32="",D32=""),"",MAX(0,C32-D32)) | I32: =IF(A32="","",IF(UPPER(TRIM(F32))="CIRC",PI()*(G32/2)^2*E32,IF(UPPER(TRIM(F32))="RECT",G32*H32*E32,""))) | K32: =IF(A32="","",SUMIFS(Elements_hybrides!$Q:$Q,Elements_hybrides!$D:$D,$A32)) | L32: =IF(OR(K32="",J32=""),"",K32*J32*60) | M32: =IF(A32="","",IF(OR(I32="",L32=""),"",IF(I32>=L32,"OK","CHECK")))
B33: =23.58-4.93*B31 -> 23.55644 | E33: =IF(OR(C33="",D33=""),"",MAX(0,C33-D33)) | I33: =IF(A33="","",IF(UPPER(TRIM(F33))="CIRC",PI()*(G33/2)^2*E33,IF(UPPER(TRIM(F33))="RECT",G33*H33*E33,""))) | K33: =IF(A33="","",SUMIFS(Elements_hybrides!$Q:$Q,Elements_hybrides!$D:$D,$A33)) | L33: =IF(OR(K33="",J33=""),"",K33*J33*60) | M33: =IF(A33="","",IF(OR(I33="",L33=""),"",IF(I33>=L33,"OK","CHECK")))
E34: =IF(OR(C34="",D34=""),"",MAX(0,C34-D34)) | I34: =IF(A34="","",IF(UPPER(TRIM(F34))="CIRC",PI()*(G34/2)^2*E34,IF(UPPER(TRIM(F34))="RECT",G34*H34*E34,""))) | K34: =IF(A34="","",SUMIFS(Elements_hybrides!$Q:$Q,Elements_hybrides!$D:$D,$A34)) | L34: =IF(OR(K34="",J34=""),"",K34*J34*60) | M34: =IF(A34="","",IF(OR(I34="",L34=""),"",IF(I34>=L34,"OK","CHECK")))
B35: =23.54-23.49 -> 0.05 | E35: =IF(OR(C35="",D35=""),"",MAX(0,C35-D35)) | I35: =IF(A35="","",IF(UPPER(TRIM(F35))="CIRC",PI()*(G35/2)^2*E35,IF(UPPER(TRIM(F35))="RECT",G35*H35*E35,""))) | K35: =IF(A35="","",SUMIFS(Elements_hybrides!$Q:$Q,Elements_hybrides!$D:$D,$A35)) | L35: =IF(OR(K35="",J35=""),"",K35*J35*60) | M35: =IF(A35="","",IF(OR(I35="",L35=""),"",IF(I35>=L35,"OK","CHECK")))
B36: =B35/4.74 -> 0.010548523 | E36: =IF(OR(C36="",D36=""),"",MAX(0,C36-D36)) | I36: =IF(A36="","",IF(UPPER(TRIM(F36))="CIRC",PI()*(G36/2)^2*E36,IF(UPPER(TRIM(F36))="RECT",G36*H36*E36,""))) | K36: =IF(A36="","",SUMIFS(Elements_hybrides!$Q:$Q,Elements_hybrides!$D:$D,$A36)) | L36: =IF(OR(K36="",J36=""),"",K36*J36*60) | M36: =IF(A36="","",IF(OR(I36="",L36=""),"",IF(I36>=L36,"OK","CHECK")))
B37: =23.54-3.41*B36 -> 23.50403 | E37: =IF(OR(C37="",D37=""),"",MAX(0,C37-D37)) | I37: =IF(A37="","",IF(UPPER(TRIM(F37))="CIRC",PI()*(G37/2)^2*E37,IF(UPPER(TRIM(F37))="RECT",G37*H37*E37,""))) | K37: =IF(A37="","",SUMIFS(Elements_hybrides!$Q:$Q,Elements_hybrides!$D:$D,$A37)) | L37: =IF(OR(K37="",J37=""),"",K37*J37*60) | M37: =IF(A37="","",IF(OR(I37="",L37=""),"",IF(I37>=L37,"OK","CHECK")))
E38: =IF(OR(C38="",D38=""),"",MAX(0,C38-D38)) | I38: =IF(A38="","",IF(UPPER(TRIM(F38))="CIRC",PI()*(G38/2)^2*E38,IF(UPPER(TRIM(F38))="RECT",G38*H38*E38,""))) | K38: =IF(A38="","",SUMIFS(Elements_hybrides!$Q:$Q,Elements_hybrides!$D:$D,$A38)) | L38: =IF(OR(K38="",J38=""),"",K38*J38*60) | M38: =IF(A38="","",IF(OR(I38="",L38=""),"",IF(I38>=L38,"OK","CHECK")))
B39: =14.16-10.619 -> 3.541 | E39: =IF(OR(C39="",D39=""),"",MAX(0,C39-D39)) | I39: =IF(A39="","",IF(UPPER(TRIM(F39))="CIRC",PI()*(G39/2)^2*E39,IF(UPPER(TRIM(F39))="RECT",G39*H39*E39,""))) | K39: =IF(A39="","",SUMIFS(Elements_hybrides!$Q:$Q,Elements_hybrides!$D:$D,$A39)) | L39: =IF(OR(K39="",J39=""),"",K39*J39*60) | M39: =IF(A39="","",IF(OR(I39="",L39=""),"",IF(I39>=L39,"OK","CHECK")))
E40: =IF(OR(C40="",D40=""),"",MAX(0,C40-D40)) | I40: =IF(A40="","",IF(UPPER(TRIM(F40))="CIRC",PI()*(G40/2)^2*E40,IF(UPPER(TRIM(F40))="RECT",G40*H40*E40,""))) | K40: =IF(A40="","",SUMIFS(Elements_hybrides!$Q:$Q,Elements_hybrides!$D:$D,$A40)) | L40: =IF(OR(K40="",J40=""),"",K40*J40*60) | M40: =IF(A40="","",IF(OR(I40="",L40=""),"",IF(I40>=L40,"OK","CHECK")))
E41: =IF(OR(C41="",D41=""),"",MAX(0,C41-D41)) | I41: =IF(A41="","",IF(UPPER(TRIM(F41))="CIRC",PI()*(G41/2)^2*E41,IF(UPPER(TRIM(F41))="RECT",G41*H41*E41,""))) | K41: =IF(A41="","",SUMIFS(Elements_hybrides!$Q:$Q,Elements_hybrides!$D:$D,$A41)) | L41: =IF(OR(K41="",J41=""),"",K41*J41*60) | M41: =IF(A41="","",IF(OR(I41="",L41=""),"",IF(I41>=L41,"OK","CHECK")))
E42: =IF(OR(C42="",D42=""),"",MAX(0,C42-D42)) | I42: =IF(A42="","",IF(UPPER(TRIM(F42))="CIRC",PI()*(G42/2)^2*E42,IF(UPPER(TRIM(F42))="RECT",G42*H42*E42,""))) | K42: =IF(A42="","",SUMIFS(Elements_hybrides!$Q:$Q,Elements_hybrides!$D:$D,$A42)) | L42: =IF(OR(K42="",J42=""),"",K42*J42*60) | M42: =IF(A42="","",IF(OR(I42="",L42=""),"",IF(I42>=L42,"OK","CHECK")))
E43: =IF(OR(C43="",D43=""),"",MAX(0,C43-D43)) | I43: =IF(A43="","",IF(UPPER(TRIM(F43))="CIRC",PI()*(G43/2)^2*E43,IF(UPPER(TRIM(F43))="RECT",G43*H43*E43,""))) | K43: =IF(A43="","",SUMIFS(Elements_hybrides!$Q:$Q,Elements_hybrides!$D:$D,$A43)) | L43: =IF(OR(K43="",J43=""),"",K43*J43*60) | M43: =IF(A43="","",IF(OR(I43="",L43=""),"",IF(I43>=L43,"OK","CHECK")))
E44: =IF(OR(C44="",D44=""),"",MAX(0,C44-D44)) | I44: =IF(A44="","",IF(UPPER(TRIM(F44))="CIRC",PI()*(G44/2)^2*E44,IF(UPPER(TRIM(F44))="RECT",G44*H44*E44,""))) | K44: =IF(A44="","",SUMIFS(Elements_hybrides!$Q:$Q,Elements_hybrides!$D:$D,$A44)) | L44: =IF(OR(K44="",J44=""),"",K44*J44*60) | M44: =IF(A44="","",IF(OR(I44="",L44=""),"",IF(I44>=L44,"OK","CHECK")))
E45: =IF(OR(C45="",D45=""),"",MAX(0,C45-D45)) | I45: =IF(A45="","",IF(UPPER(TRIM(F45))="CIRC",PI()*(G45/2)^2*E45,IF(UPPER(TRIM(F45))="RECT",G45*H45*E45,""))) | K45: =IF(A45="","",SUMIFS(Elements_hybrides!$Q:$Q,Elements_hybrides!$D:$D,$A45)) | L45: =IF(OR(K45="",J45=""),"",K45*J45*60) | M45: =IF(A45="","",IF(OR(I45="",L45=""),"",IF(I45>=L45,"OK","CHECK")))
E46: =IF(OR(C46="",D46=""),"",MAX(0,C46-D46)) | I46: =IF(A46="","",IF(UPPER(TRIM(F46))="CIRC",PI()*(G46/2)^2*E46,IF(UPPER(TRIM(F46))="RECT",G46*H46*E46,""))) | K46: =IF(A46="","",SUMIFS(Elements_hybrides!$Q:$Q,Elements_hybrides!$D:$D,$A46)) | L46: =IF(OR(K46="",J46=""),"",K46*J46*60) | M46: =IF(A46="","",IF(OR(I46="",L46=""),"",IF(I46>=L46,"OK","CHECK")))
E47: =IF(OR(C47="",D47=""),"",MAX(0,C47-D47)) | I47: =IF(A47="","",IF(UPPER(TRIM(F47))="CIRC",PI()*(G47/2)^2*E47,IF(UPPER(TRIM(F47))="RECT",G47*H47*E47,""))) | K47: =IF(A47="","",SUMIFS(Elements_hybrides!$Q:$Q,Elements_hybrides!$D:$D,$A47)) | L47: =IF(OR(K47="",J47=""),"",K47*J47*60) | M47: =IF(A47="","",IF(OR(I47="",L47=""),"",IF(I47>=L47,"OK","CHECK")))
E48: =IF(OR(C48="",D48=""),"",MAX(0,C48-D48)) | I48: =IF(A48="","",IF(UPPER(TRIM(F48))="CIRC",PI()*(G48/2)^2*E48,IF(UPPER(TRIM(F48))="RECT",G48*H48*E48,""))) | K48: =IF(A48="","",SUMIFS(Elements_hybrides!$Q:$Q,Elements_hybrides!$D:$D,$A48)) | L48: =IF(OR(K48="",J48=""),"",K48*J48*60) | M48: =IF(A48="","",IF(OR(I48="",L48=""),"",IF(I48>=L48,"OK","CHECK")))
E49: =IF(OR(C49="",D49=""),"",MAX(0,C49-D49)) | I49: =IF(A49="","",IF(UPPER(TRIM(F49))="CIRC",PI()*(G49/2)^2*E49,IF(UPPER(TRIM(F49))="RECT",G49*H49*E49,""))) | K49: =IF(A49="","",SUMIFS(Elements_hybrides!$Q:$Q,Elements_hybrides!$D:$D,$A49)) | L49: =IF(OR(K49="",J49=""),"",K49*J49*60) | M49: =IF(A49="","",IF(OR(I49="",L49=""),"",IF(I49>=L49,"OK","CHECK")))
E50: =IF(OR(C50="",D50=""),"",MAX(0,C50-D50)) | I50: =IF(A50="","",IF(UPPER(TRIM(F50))="CIRC",PI()*(G50/2)^2*E50,IF(UPPER(TRIM(F50))="RECT",G50*H50*E50,""))) | K50: =IF(A50="","",SUMIFS(Elements_hybrides!$Q:$Q,Elements_hybrides!$D:$D,$A50)) | L50: =IF(OR(K50="",J50=""),"",K50*J50*60) | M50: =IF(A50="","",IF(OR(I50="",L50=""),"",IF(I50>=L50,"OK","CHECK")))
E51: =IF(OR(C51="",D51=""),"",MAX(0,C51-D51)) | I51: =IF(A51="","",IF(UPPER(TRIM(F51))="CIRC",PI()*(G51/2)^2*E51,IF(UPPER(TRIM(F51))="RECT",G51*H51*E51,""))) | K51: =IF(A51="","",SUMIFS(Elements_hybrides!$Q:$Q,Elements_hybrides!$D:$D,$A51)) | L51: =IF(OR(K51="",J51=""),"",K51*J51*60) | M51: =IF(A51="","",IF(OR(I51="",L51=""),"",IF(I51>=L51,"OK","CHECK")))
... E204: =IF(OR(C204="",D204=""),"",MAX(0,C204-D204)) | I204: =IF(A204="","",IF(UPPER(TRIM(F204))="CIRC",PI()*(G204/2)^2*E204,IF(UPPER(TRIM(F204))="RECT",G204*H204*E204,""))) | K204: =IF(A204="","",SUMIFS(Elements_hybrides!$Q:$Q,Elements_hybrides!$D:$D,$A204)) | L204: =IF(OR(K204="",J204=""),"",K204*J204*60) | M204: =IF(A204="","",IF(OR(I204="",L204=""),"",IF(I204>=L204,"OK","CHECK")))

Sheet Resume_checks
A1: RESUME - CONFORMITE HYDRAULIQUE
A3: Elements_CHECK | B3: =COUNTIF(Elements_hybrides!$AA$4:$AA$204,"CHECK") -> 1
A4: Nodes_CHECK | B4: =COUNTIF(Noeuds_stockage!$M$4:$M$204,"CHECK") -> 6
A5: Global_status | B5: =IF(OR(B3>0,B4>0),"CHECK","OK") -> CHECK
A7: Total_zone_Q_peak_m3s | B7: =SUM(Zones_tributaires!$I$4:$I$204) -> 0.04547151
A8: Total_storage_elements_m3 | B8: =SUM(Elements_hybrides!$Z$4:$Z$204) -> 1.569225
A9: Retention_node_storage_m3 | B9: =IFERROR(INDEX(Noeuds_stockage!$I$4:$I$204,MATCH("BASIN_RET",Noeuds_stockage!$A$4:$A$204,0)),"")
A10: Impervious_area_total_m2 (ROOF+PAVAGE+TRESFOND) | B10: =SUMIFS(Zones_tributaires!$D$4:$D$204,Zones_tributaires!$C$4:$C$204,"ROOF")+SUMIFS(Zones_tributaires!$D$4:$D$204,Zones_tributaires!$C$4:$C$204,"PAVAGE")+SUMIFS(Zones_tributaires!$D$4:$D$204,Zones_tributaires!$C$4:$C$204,"TRESFOND") -> 1553.4
A11: Grass_area_total_m2 | B11: =SUMIFS(Zones_tributaires!$D$4:$D$204,Zones_tributaires!$C$4:$C$204,"GRASS") -> 534.4
A12: Impervious_fraction_of_(impervious+grass) | B12: =IF((B10+B11)=0,"",B10/(B10+B11)) -> 0.74403679

Sheet Template_est_2p5m
A1: GABARIT BANDE EST 2.5 m (ARBRES) - SOLUTION HYBRIDE
A3: Composante | B3: Largeur m | C3: Profondeur m | D3: Parametre | E3: Valeur | F3: Unite | G3: Volume utile m3/m | H3: Notes
A4: Depression de surface (micro-noue) | B4: =Inputs!$B$25 -> 0.6 | C4: =Inputs!$B$26 -> 0.1 | D4: Storage_surface_m3_per_m | E4: =B4*C4 -> 0.06 | F4: m3/m | G4: =B4*C4 -> 0.06 | H4: Captation initiale / pretaitement.
A5: Tranchee drainante (sous-sol) | B5: =Inputs!$B$28 -> 0.35 | C5: =Inputs!$B$29 -> 0.7 | D5: Porosite | E5: =Inputs!$B$22 -> 0.35 | F5: - | G5: =B5*C5*E5 -> 0.08575 | H5: Conveyance + stockage utile.
A6: Sous-total stockage | D6: Storage_total_m3_per_m | E6: =G4+G5 -> 0.14575 | F6: m3/m | G6: =G4+G5 -> 0.14575 | H6: Base dimensionnement lineaire.
A7: Underdrain perforé | D7: Diametre_pipe_mm | E7: =Inputs!$B$30 -> 200 | F7: mm | H7: PVC/PEHD perforé, pente Inputs!B33.
A8: Espacement cleanout | D8: Spacing_m | E8: =Inputs!$B$32 -> 25 | F8: m | H8: Aux changements de direction et max 25-30 m.
A9: Offset barriere racinaire | D9: Offset_m | E9: =Inputs!$B$31 -> 1 | F9: m | H9: Eloigner la conduite de la zone tronc/racines.
A11: Controle rapide capacite lineaire
A12: Longueur active bande est (m) | B12: 30 | C12: (input)
A13: Stockage lineaire m3/m | B13: =G6 -> 0.14575
A14: Stockage total disponible m3 | B14: =B12*B13 -> 4.3725

Sheet Convention_labels
A1: CONVENTION DE NOMMAGE - MODELE HYBRIDE
A3: Placeholder | B3: Label projet | C3: Type | D3: Role hydraulique | E3: Note
A4: P1 | B4: P-01 | C4: CB | D4: Noeud amont est | E4: Puisard/CB existant amont
A5: P2 | B5: P-02 | C5: CB | D5: Noeud intermediaire est | E5: Puisard/CB milieu
A6: P3 | B6: P-03 | C6: CB | D6: Noeud aval est | E6: Puisard/CB aval
A7: S_EAST | B7: J-SUD-EST | C7: SWALE_NODE | D7: Jonction sud est | E7: Point de collecte sud est
A8: S_MID | B8: J-SUD-OUEST | C8: SWALE_NODE | D8: Jonction sud ouest | E8: Point de rassemblement sud
A9: W_UP | B9: J-OUEST-AMONT | C9: CB | D9: Noeud ouest amont | E9: Collecte bande ouest
A10: W_LOW | B10: J-OUEST-AVAL | C10: CB | D10: Noeud ouest aval | E10: Transition vers pipe
A11: BASIN_IN | B11: J-BASSIN-IN | C11: MH | D11: Regard amont bassin | E11: Noeud avant bassin
A12: BASIN_RET | B12: BASSIN-RET | C12: RETENTION | D12: Bassin de retention | E12: Exutoire final

Sheet Contraintes_ouest_utilites
A1: IMPLANTATION OUEST - CONFLITS UTILITES (AEP / PLUVIAL / SANITAIRE)
A3: Zone | B3: Contrainte | C3: Strategie recommandee | D3: Element modele | E3: Parametre cible | F3: Commentaire
A4: Ouest haut (grass 12.5 m2) | B4: Lateraux multiples | C4: Conduite enterree peu profonde | D4: E05A (PIPE) | E4: DN250, pente ~1.0% | F4: Strategie client: ouest privilegie en conduites.
A5: Traverse pave-uni 1 (6.7 m2) | B5: Traverse pietonne courte | C5: Conduite traversee pave-uni | D5: E05B (PIPE) | E5: DN250, pente ~1.0% | F5: Raccord vers regard intermediaire.
A6: Ouest milieu (27.2 m2) | B6: Zone vegetale | C6: Conduite enterree | D6: E05C (PIPE) | E6: DN300, pente ~0.9% | F6: Segment principal vers aval.
A7: Traverse pave-uni 2 (37.5 m2) | B7: Traverse mineralisee | C7: Conduite traversee pave-uni | D7: E05D (PIPE) | E7: DN300, pente ~0.9% | F7: Traverse mineralisee en conduite.
A8: Ouest aval grass (21.9 m2) | B8: Approche bassin | C8: Conduite enterree | D8: E05E (PIPE) | E8: DN300, pente ~0.8% | F8: Vers E04 puis E08 et bassin.
A9: Note: verifier elevations utilites existantes et degagements minimaux avant IFC (TQC obligatoire).

Sheet Dimensionnement_est
A1: DIMENSIONNEMENT BANDE EST (2.5m) - ESTIMATION A PARTIR DES AIRES
A3: Item | B3: Formule/Source | C3: Valeur | D3: Unite | E3: Critere | F3: Resultat | G3: Commentaire
A4: Q_design est aval (E02) | B4: Elements_hybrides Q(E02) | C4: =IFERROR(INDEX(Elements_hybrides!$Q$4:$Q$204,MATCH("E02",Elements_hybrides!$A$4:$A$204,0)),"") -> 0 | D4: m3/s
A5: Capacite pipe 200mm (s=Inputs!B33) | B5: Manning plein | C5: =(1/Inputs!$B$9)*(PI()*(Inputs!$B$30/1000)^2/4)*(((Inputs!$B$30/1000)/4)^(2/3))*SQRT(Inputs!$B$33) -> 0.013620201 | D5: m3/s
A6: Capacite pipe 250mm | B6: Manning plein | C6: =(1/Inputs!$B$9)*(PI()*(0.25)^2/4)*((0.25/4)^(2/3))*SQRT(Inputs!$B$33) -> 0.024695067 | D6: m3/s
A7: Capacite pipe 300mm | B7: Manning plein | C7: =(1/Inputs!$B$9)*(PI()*(0.3)^2/4)*((0.3/4)^(2/3))*SQRT(Inputs!$B$33) -> 0.040156901 | D7: m3/s
A8: Diametre recommande est | B8: Q_design / fill_limit | C8: =IF(C4="","",IF(C4/Inputs!$B$19<=C5,200,IF(C4/Inputs!$B$19<=C6,250,IF(C4/Inputs!$B$19<=C7,300,375)))) -> 200 | D8: mm
A10: Stockage lineaire surface+tranchee (m3/m) | B10: Template_est_2p5m | C10: =IFERROR(Template_est_2p5m!$G$6,"") -> 0.14575 | D10: m3/m
A11: Longueur active bande est | B11: E01+E02 | C11: =IFERROR(INDEX(Elements_hybrides!$F$4:$F$204,MATCH("E01",Elements_hybrides!$A$4:$A$204,0)),0)+IFERROR(INDEX(Elements_hybrides!$F$4:$F$204,MATCH("E02",Elements_hybrides!$A$4:$A$204,0)),0) -> 18.3 | D11: m
A12: Stockage dispo bande est | B12: C10*C11 | C12: =IF(OR(C10="",C11=""),"",C10*C11) -> 2.667225 | D12: m3
A13: Volume tampon requis est | B13: Q_design*buffer | C13: =IF(C4="","",C4*Inputs!$B$23*60) -> 0 | D13: m3
A14: Check stockage est | B14: C12 vs C13 | C14: =IF(OR(C12="",C13=""),"",IF(C12>=C13,"OK","AUGMENTER VOLUME")) -> OK | D14: -

Sheet Decision_Summary
A1: DECISION SUMMARY - DRAINAGE HYBRIDE TRESFOND (PRET POUR PARTAGE)
A3: Project strategy
A4: 1) Bande est (arbres): tranchee drainante + underdrain (E01/E02) au lieu d une noue profonde.
A5: 2) Bande sud (2.0 m): noue lineaire + volume de retention dans le corridor contraint.
A6: 3) Ouest: drainage en conduites (DN250/DN300) vers E04 puis entree ouest bassin.
A7: 4) Zone grise est (tresfond): puisards + reseau interne mecanique vers sortie sud et bassin.
A9: Key dimensions and constraints
A10: Parameter | B10: Value | C10: Comment | E10: Element | F10: Type | G10: Qdesign (m3/s) | H10: Check
A11: East strip total width (m) | B11: =Inputs!B24 -> 2.5 | C11: <= site 2.5 m | E11: E01 | F11: =IFERROR(INDEX(Elements_hybrides!$B$4:$B$204,MATCH(E11,Elements_hybrides!$A$4:$A$204,0)),"") -> TRENCH | G11: =IFERROR(INDEX(Elements_hybrides!$Q$4:$Q$204,MATCH(E11,Elements_hybrides!$A$4:$A$204,0)),"") -> 0 | H11: =IFERROR(INDEX(Elements_hybrides!$AA$4:$AA$204,MATCH(E11,Elements_hybrides!$A$4:$A$204,0)),"") -> OK
A12: Underdrain trench width x depth (m) | B12: =Inputs!B28&" x "&Inputs!B29 -> 0.35 x 0.7 | C12: Tree-compatible trench | E12: E02 | F12: =IFERROR(INDEX(Elements_hybrides!$B$4:$B$204,MATCH(E12,Elements_hybrides!$A$4:$A$204,0)),"") -> TRENCH | G12: =IFERROR(INDEX(Elements_hybrides!$Q$4:$Q$204,MATCH(E12,Elements_hybrides!$A$4:$A$204,0)),"") -> 0 | H12: =IFERROR(INDEX(Elements_hybrides!$AA$4:$AA$204,MATCH(E12,Elements_hybrides!$A$4:$A$204,0)),"") -> OK
A13: Underdrain diameter (mm) | B13: =Inputs!B30 -> 200 | C13: Initial recommendation | E13: E03 | F13: =IFERROR(INDEX(Elements_hybrides!$B$4:$B$204,MATCH(E13,Elements_hybrides!$A$4:$A$204,0)),"") -> PIPE | G13: =IFERROR(INDEX(Elements_hybrides!$Q$4:$Q$204,MATCH(E13,Elements_hybrides!$A$4:$A$204,0)),"") -> 0.0031844308 | H13: =IFERROR(INDEX(Elements_hybrides!$AA$4:$AA$204,MATCH(E13,Elements_hybrides!$A$4:$A$204,0)),"") -> OK
A14: West connector to basin inlet (m) | B14: =Inputs!B53 -> 4.7 | C14: Measured corner link J-OUEST-AVAL -> J-BASSIN-OUEST | E14: E04 | F14: =IFERROR(INDEX(Elements_hybrides!$B$4:$B$204,MATCH(E14,Elements_hybrides!$A$4:$A$204,0)),"") -> PIPE | G14: =IFERROR(INDEX(Elements_hybrides!$Q$4:$Q$204,MATCH(E14,Elements_hybrides!$A$4:$A$204,0)),"") -> 0.0024855381 | H14: =IFERROR(INDEX(Elements_hybrides!$AA$4:$AA$204,MATCH(E14,Elements_hybrides!$A$4:$A$204,0)),"") -> OK
A15: Retention basin corridor width x length (m) | B15: =Inputs!B34&" x "&Inputs!B35 -> 2 x 20 | C15: Storage geometry at node BASSIN-RET (not an E04 reach). | F15: BASSIN-RET (node) | H15: N/A
A16: East inlet pipe length to basin (m) | B16: =IFERROR(INDEX(Elements_hybrides!$F$4:$F$204,MATCH("E07",Elements_hybrides!$A$4:$A$204,0)),"") -> 1 | C16: J-BASSIN-IN -> BASSIN-RET | E16: E07 | F16: =IFERROR(INDEX(Elements_hybrides!$B$4:$B$204,MATCH(E16,Elements_hybrides!$A$4:$A$204,0)),"") -> PIPE | G16: =IFERROR(INDEX(Elements_hybrides!$Q$4:$Q$204,MATCH(E16,Elements_hybrides!$A$4:$A$204,0)),"") -> 0.0035028739 | H16: =IFERROR(INDEX(Elements_hybrides!$AA$4:$AA$204,MATCH(E16,Elements_hybrides!$A$4:$A$204,0)),"") -> OK
A17: West inlet pipe length to basin (m) | B17: =IFERROR(INDEX(Elements_hybrides!$F$4:$F$204,MATCH("E08",Elements_hybrides!$A$4:$A$204,0)),"") -> 16.49 | C17: J-BASSIN-OUEST -> BASSIN-RET | E17: E08 | F17: =IFERROR(INDEX(Elements_hybrides!$B$4:$B$204,MATCH(E17,Elements_hybrides!$A$4:$A$204,0)),"") -> PIPE | G17: =IFERROR(INDEX(Elements_hybrides!$Q$4:$Q$204,MATCH(E17,Elements_hybrides!$A$4:$A$204,0)),"") -> 0.0027340919 | H17: =IFERROR(INDEX(Elements_hybrides!$AA$4:$AA$204,MATCH(E17,Elements_hybrides!$A$4:$A$204,0)),"") -> OK
A19: KPI checks
A20: Indicator | B20: Value
A21: Elements CHECK count | B21: =Resume_checks!B3 -> 1
A22: Nodes CHECK count | B22: =Resume_checks!B4 -> 6
A23: Global status | B23: =Resume_checks!B5 -> CHECK
A24: Total peak runoff (m3/s) | B24: =Resume_checks!B7 -> 0.04547151
A25: Total element storage (m3) | B25: =Resume_checks!B8 -> 1.569225
A26: Retention storage node (m3) | B26: =Resume_checks!B9
A28: Actions before IFC
A29: - Confirmer positions/degagements exacts des lateraux ouest (AEP/pluvial/sanitaire) avec releves TQC.
A30: - Valider niveau radier/top bassin avec topographie terrain et profil final du cheminement pieton.
A31: - Ajuster diametre underdrain est (Inputs!B30) selon Qdesign final de E02 et critere de remplissage.
A32: - Verifier protection racinaire et details constructifs (barriere racinaire + cleanouts + acces entretien).
A34: Surface summary (readable quantities)
A35: Impervious area total (m2) | B35: =Resume_checks!B10 -> 1553.4 | C35: ROOF + PAVAGE + TRESFOND
A36: Grass area total (m2) | B36: =Resume_checks!B11 -> 534.4 | C36: GRASS only
A37: Impervious fraction | B37: =Resume_checks!B12 -> 0.74403679 | C37: Impervious/(Impervious+Grass)
