Workbook

Sheet Guide
A1: RESEAU PLUVIAL - METHODE AVEC ELEVATION DE REFERENCE (EXUTOIRE DROITE)
A3: But: dimensionner diametres, pentes et radiers meme si le radier du reseau public aval est inconnu.
A4: Principe: choisir une elevation de reference a l exutoire (radier connu ou surface connue + profondeur de couverture).
A5: Onglet Inputs: definir les hypotheses hydrauliques, IDF et la liste de diametres disponibles.
A6: Onglet CB_Tributaires: entrer les surfaces de chaque puisard/catch basin et le Pipe_ID qui les recoit.
A7: Onglet Conduites: entrer Pipe_ID, pipe receveur aval, longueur, C, tc, pente manuelle (si connue), terrain amont/aval.
A8: Propagation des radiers: le pipe exutoire prend Inputs!B22; les pipes amont prennent le radier amont du pipe aval + chute de regard.
A9: Dimensionnement: Q_local (rationnelle) + Q amont cumulee -> Q_total_design -> diametre recommande par Manning.
A10: Controle: capacite, vitesse, pentes min/max, recouvrement mini.
A11: Important: les references Receives_into_Pipe_ID doivent pointer vers l aval (vers P_OUT).
A12: Utiliser d abord SURFACE si reseau public inconnu, puis recalibrer quand les radiers municipaux seront disponibles.
A15: Formules cle (texte simple):
... A97: RAPPORT PLANCHER/TERRAIN: 68.56%

Sheet Inputs
A1: INPUTS
A2: Parametre | B2: Valeur | C2: Unite | D2: Commentaire
A3: Reference_Type (INVERT or SURFACE) | B3: invert | C3: - | D3: SURFACE quand radier reseau public inconnu. | F3: Diametres disponibles (mm)
A4: Outfall_reference_elevation_m | B4: 15.305 | C4: m | D4: Si SURFACE: niveau terrain exutoire. Si INVERT: radier exutoire.
A5: Outfall_cover_depth_if_surface_m | B5: 1.8 | C5: m | D5: Profondeur terrain->radier a l exutoire (si SURFACE). | F5: 200
A6: Outfall_pipe_ID | B6: L11_P11_PUB | C6: - | D6: Pipe qui se connecte au reseau public (droite). | F6: 250
A7: Min_slope_m_per_m | B7: 0.01 | C7: m/m | D7: Pente minimale de controle. | F7: 300
A8: Max_slope_m_per_m | B8: 0.05 | C8: m/m | D8: Pente maximale de controle. | F8: 375
A9: Manning_n | B9: 0.013 | C9: - | D9: Rugosite Manning. | F9: 450
A10: Design_fill_ratio_limit | B10: 0.8 | C10: - | D10: Q/(Q pleine) admissible. | F10: 525
A11: Min_velocity_mps | B11: 0.75 | C11: m/s | D11: Vitesse minimale souhaitee. | F11: 600
A12: Max_velocity_mps | B12: 3 | C12: m/s | D12: Vitesse maximale souhaitee. | F12: 675
A13: IDF_a | B13: 508.07 | C13: - | D13: i = a/(tc+b)^c | F13: 750
A14: IDF_b | B14: 2.9 | C14: min | D14: Parametre IDF b. | F14: 900
A15: IDF_c | B15: 0.644 | C15: - | D15: Parametre IDF c.
A16: Flow_safety_factor | B16: 1 | C16: - | D16: Facteur applique a Q total.
A17: Default_runoff_C | B17: 0.9 | C17: - | D17: Utilise si C local non renseigne.
A18: Default_tc_min | B18: 6 | C18: min | D18: Utilise si tc local non renseigne.
A19: Min_cover_depth_m | B19: 1.8 | C19: m | D19: Recouvrement mini de controle.
A20: Default_junction_drop_m | B20: 0.02 | C20: m | D20: Chute de regard par defaut.
A22: Outfall_invert_derived_m | B22: =IF(UPPER(TRIM(B3))="SURFACE",B4-B5,B4) -> 15.305
A23: Tc_travel_velocity_mps | B23: 1 | C23: m/s | D23: Velocity used to compute travel time per pipe for cumulative Tc logic.
A24: Velocity_check_method (DESIGN / MANNING / PARTIAL / MAX) | B24: MAX | C24: - | D24: DESIGN=Q/A; MANNING=V full via Manning; PARTIAL=iterative Manning partial depth; MAX=most conservative.
A25: C_roof_default | B25: 0.95 | C25: - | D25: Typical impervious roof runoff coefficient.
A26: C_pavement_default | B26: 0.9 | C26: - | D26: Typical impervious pavement/asphalt coefficient.
A27: C_grass_default | B27: 0.25 | C27: - | D27: Typical pervious grass/landscaped coefficient.
A28: C_other_default | B28: 0.6 | C28: - | D28: Other surface coefficient (user-adjustable).
B31: 13.64
B32: 49.6
A33: SURFACES DU TERRAIN: | B33: 15.84
A34: SUPERFICIE IMPERMÉABLE: 11 747 pi2 (33.19%) | B34: 7.36
A35: SUPERFICIE D'EMPREINTE: 8 089 pi2 (22.85 %) | B35: =B31+B32+B33+B34 -> 86.44
A36: SURFACE ESPACES VERTES (MIN 40%) 15 557 pi2 (43.96%)
A39: SUPERFICIE DU TERRAIN: 35393.21*0.3048^2 | B39: =35393.21*0.3048^2 -> 3288.1368 | C39: m2
A40: 24267*0.3048^2 | B40: =24267*0.3048^2 -> 2254.4781 | C40: m2
A41: B40/B39 | B41: =B40/B39 -> 0.68563999
A43: STATIONNEMENT: 11747*0.3048^2 | B43: =11747*0.3048^2 -> 1091.332 | C43: m2 | D43: =B43/B46 -> 0.33190179
A44: BÂTIMENT: 8089*0.3048^2 | B44: =8089*0.3048^2 -> 751.49269 | C44: m2 | D44: =B44/B46 -> 0.22854802
A45: SUPERFICE ESPACES VERTS: 15557*0.3048^2 | B45: =15557*0.3048^2 -> 1445.2926 | C45: m2 | D45: =B45/B46 -> 0.43955019
A46: SUPERFICIE TOTALE: | B46: =B43+B44+B45 -> 3288.1173 | C46: m2
A49: BÂTIMENT + STATIONNEMENT | B49: =B43+B44 -> 1842.8247
B50: =B49/B46 -> 0.56044981
B52: =B43-1020.56 -> 70.772011

Sheet Noeuds_plan
A1: NOEUDS PLAN (TOPOLOGIE CORRIGEE)
A3: Node_ID | B3: Downstream_Node_ID | C3: Ground_elev_m (input) | D3: Target_cover_depth_m | E3: Invert_if_manual_m | F3: Notes
A4: P01 | B4: P02 | C4: 17.237 | D4: =Inputs!$B$19 -> 1.8 | E4: =IF(OR(C4="",D4=""),"",C4-D4) -> 15.437 | F4: Top-left
A5: P02 | B5: P03 | C5: 17.131 | D5: =Inputs!$B$19 -> 1.8 | E5: =IF(OR(C5="",D5=""),"",C5-D5) -> 15.331 | F5: Top-center; also branch to P05 (pipe L12)
A6: P03 | B6: P10 | C6: 17.01 | D6: =Inputs!$B$19 -> 1.8 | E6: =IF(OR(C6="",D6=""),"",C6-D6) -> 15.21 | F6: Top-right to P10
A7: P04 | B7: P05 | C7: 17.28 | D7: =Inputs!$B$19 -> 1.8 | E7: =IF(OR(C7="",D7=""),"",C7-D7) -> 15.48 | F7: Mid-left
A8: P05 | B8: P03 | C8: 17.05 | D8: =Inputs!$B$19 -> 1.8 | E8: =IF(OR(C8="",D8=""),"",C8-D8) -> 15.25 | F8: Mid-center
A9: P06 | B9: P04 | C9: 17.14 | D9: =Inputs!$B$19 -> 1.8 | E9: =IF(OR(C9="",D9=""),"",C9-D9) -> 15.34 | F9: Mid-right to P10
A10: P07 | B10: P06 | C10: 17.09 | D10: =Inputs!$B$19 -> 1.8 | E10: =IF(OR(C10="",D10=""),"",C10-D10) -> 15.29 | F10: Lower-left
A11: P08 | B11: P05 | C11: 17.04 | D11: =Inputs!$B$19 -> 1.8 | E11: =IF(OR(C11="",D11=""),"",C11-D11) -> 15.24 | F11: Lower-center
A12: P09 | B12: P06 | C12: 17.62 | D12: =Inputs!$B$19 -> 1.8 | E12: =IF(OR(C12="",D12=""),"",C12-D12) -> 15.82 | F12: Lower-right up to P06
A13: P10 | B13: P11 | C13: 16.965 | D13: =Inputs!$B$19 -> 1.8 | E13: =IF(OR(C13="",D13=""),"",C13-D13) -> 15.165 | F13: Top-right to P11
A14: P11 | B14: P12 | C14: 16.874 | D14: =Inputs!$B$19 -> 1.8 | E14: =IF(OR(C14="",D14=""),"",C14-D14) -> 15.074 | F14: Junction node before public network
A15: P12 | B15: PUB | C15: 16.73 | D15: =Inputs!$B$19 -> 1.8 | E15: =IF(OR(C15="",D15=""),"",C15-D15) -> 14.93 | F15: Public network tie-in
A16: T01 | B16: P08 | C16: 17.01 | D16: =Inputs!$B$19 -> 1.8 | E16: =IF(OR(C16="",D16=""),"",C16-D16) -> 15.21 | F16: Toiture -vers réseau
H17: 17.185
H18: 17.014
H19: =H17-H18 -> 0.171
G20: L= | H20: 22.39
H21: =H19/H20 -> 0.0076373381
G22: L1= | H22: 7.065
H23: =H17-H22*H21 -> 17.131042
G24: L2= | H24: 6.92
H25: =H17+H21*H24 -> 17.23785
H27: 17.2
H28: 17
H29: =H27-H28 -> 0.2
G30: L= | H30: 20
H31: =H29/H30 -> 0.01
G32: L1= | H32: 15.425
H33: =H27-H31*H32 -> 17.04575
G34: L2= | H34: 8.22
H35: =H27+H34*H31 -> 17.2822
H37: 17.104
H38: 17.022
H39: =H37-H38 -> 0.082
G40: L= | H40: 15.83
H41: =H39/H40 -> 0.0051800379
G42: L1= | H42: 2.62
H43: =H37-H42*H41 -> 17.090428
G44: L2= | H44: 12.72
H45: =H37-H44*H41 -> 17.03811
G46: L3= | H46: 9.86
H47: =H37+H41*H46 -> 17.155075
H49: 17.684
H50: 10.59
H51: 0.006
H52: =H49-H50*H51 -> 17.62046

Sheet CB_plan
A1: SOUS-BASSINS PAR TYPE DE SURFACE (B/C/D/E) - REPARTITION EXPLICITE REQUISE
A2: Saisir les aires en B/C/D/E: toiture, pavage, gazon, autre. La conduite receptrice est en F.
A3: CB_or_Zone | B3: Area_roof_m2 | C3: Area_pavement_m2 | D3: Area_grass_m2 | E3: Area_other_m2 | F3: Receives_into_Pipe_ID | G3: Area_total_m2 | H3: Area_effective_m2 (sum A*C) | I3: Runoff_C_weighted | J3: Node_hint | K3: Notes | L3: Impervious_area_m2 | M3: Pervious_area_m2 | N3: Impervious_fraction | O3: Dominant_surface | P3: Surface_input_status
A4: A | C4: 61.9 | D4: =58.2+31.4 -> 89.6 | E4: 0 | F4: L01_P01_P02 | G4: =IF(A4="","",SUM(B4:E4)) -> 151.5 | H4: =IF(A4="","",B4*Inputs!$B$25 + C4*Inputs!$B$26 + D4*Inputs!$B$27 + E4*Inputs!$B$28) -> 78.11 | I4: =IF(OR(G4="",G4=0),"",H4/G4) -> 0.51557756 | J4: P01 | K4: From annotated plan.; Prefill 2026-06-28: best-guess surfaces (verify).; Area total set from red m2 labels (2026-06-30 image); split is best-estimate. | L4: =IF(A4="","",B4+C4+E4) -> 61.9 | M4: =IF(A4="","",D4) -> 89.6 | N4: =IF(OR(G4="",G4=0),"",L4/G4) -> 0.40858086 | O4: =IF(A4="","",IF(COUNT(B4:E4)=0,"MISSING",IF(MIN(B4:E4)<0,"INVALID_NEG",IF(SUM(B4:E4)=0,"ZERO_TOTAL",IF(COUNTIF(B4:E4,MAX(B4:E4))>1,"MIXED/TIE",IF(MAX(B4:E4)=B4,"ROOF",IF(MAX(B4:E4)=C4,"PAVEMENT",IF(MAX(B4:E4)=D4,"GRASS","OTHER")))))))) -> GRASS | P4: =IF(A4="","",IF(COUNT(B4:E4)=0,"MISSING_SPLIT",IF(MIN(B4:E4)<0,"INVALID_NEGATIVE",IF(SUM(B4:E4)=0,"ZERO_TOTAL",IF(I4="","NO_WEIGHTED_C","OK"))))) -> OK
A5: B | C5: 79.8 | D5: 43 | E5: 0 | F5: L02_P02_P03 | G5: =IF(A5="","",SUM(B5:E5)) -> 122.8 | H5: =IF(A5="","",B5*Inputs!$B$25 + C5*Inputs!$B$26 + D5*Inputs!$B$27 + E5*Inputs!$B$28) -> 82.57 | I5: =IF(OR(G5="",G5=0),"",H5/G5) -> 0.67239414 | J5: P02 | K5: From annotated plan.; Prefill 2026-06-28: best-guess surfaces (verify).; Area total set from red m2 labels (2026-06-30 image); split is best-estimate. | L5: =IF(A5="","",B5+C5+E5) -> 79.8 | M5: =IF(A5="","",D5) -> 43 | N5: =IF(OR(G5="",G5=0),"",L5/G5) -> 0.64983713 | O5: =IF(A5="","",IF(COUNT(B5:E5)=0,"MISSING",IF(MIN(B5:E5)<0,"INVALID_NEG",IF(SUM(B5:E5)=0,"ZERO_TOTAL",IF(COUNTIF(B5:E5,MAX(B5:E5))>1,"MIXED/TIE",IF(MAX(B5:E5)=B5,"ROOF",IF(MAX(B5:E5)=C5,"PAVEMENT",IF(MAX(B5:E5)=D5,"GRASS","OTHER")))))))) -> PAVEMENT | P5: =IF(A5="","",IF(COUNT(B5:E5)=0,"MISSING_SPLIT",IF(MIN(B5:E5)<0,"INVALID_NEGATIVE",IF(SUM(B5:E5)=0,"ZERO_TOTAL",IF(I5="","NO_WEIGHTED_C","OK"))))) -> OK
A6: C | C6: 87.8 | D6: =47.9+76 -> 123.9 | E6: 0 | F6: L02_P02_P03 | G6: =IF(A6="","",SUM(B6:E6)) -> 211.7 | H6: =IF(A6="","",B6*Inputs!$B$25 + C6*Inputs!$B$26 + D6*Inputs!$B$27 + E6*Inputs!$B$28) -> 109.995 | I6: =IF(OR(G6="",G6=0),"",H6/G6) -> 0.51957959 | J6: P03 | K6: From annotated plan.; Prefill 2026-06-28: best-guess surfaces (verify).; Area total set from red m2 labels (2026-06-30 image); split is best-estimate. | L6: =IF(A6="","",B6+C6+E6) -> 87.8 | M6: =IF(A6="","",D6) -> 123.9 | N6: =IF(OR(G6="",G6=0),"",L6/G6) -> 0.41473784 | O6: =IF(A6="","",IF(COUNT(B6:E6)=0,"MISSING",IF(MIN(B6:E6)<0,"INVALID_NEG",IF(SUM(B6:E6)=0,"ZERO_TOTAL",IF(COUNTIF(B6:E6,MAX(B6:E6))>1,"MIXED/TIE",IF(MAX(B6:E6)=B6,"ROOF",IF(MAX(B6:E6)=C6,"PAVEMENT",IF(MAX(B6:E6)=D6,"GRASS","OTHER")))))))) -> GRASS | P6: =IF(A6="","",IF(COUNT(B6:E6)=0,"MISSING_SPLIT",IF(MIN(B6:E6)<0,"INVALID_NEGATIVE",IF(SUM(B6:E6)=0,"ZERO_TOTAL",IF(I6="","NO_WEIGHTED_C","OK"))))) -> OK
A7: D | C7: 43.2 | D7: 51.3 | E7: 0 | F7: L09_P04_P01 | G7: =IF(A7="","",SUM(B7:E7)) -> 94.5 | H7: =IF(A7="","",B7*Inputs!$B$25 + C7*Inputs!$B$26 + D7*Inputs!$B$27 + E7*Inputs!$B$28) -> 51.705 | I7: =IF(OR(G7="",G7=0),"",H7/G7) -> 0.54714286 | J7: P04 | K7: From annotated plan.; Prefill 2026-06-28: best-guess surfaces (verify).; Area total set from red m2 labels (2026-06-30 image); split is best-estimate. | L7: =IF(A7="","",B7+C7+E7) -> 43.2 | M7: =IF(A7="","",D7) -> 51.3 | N7: =IF(OR(G7="",G7=0),"",L7/G7) -> 0.45714286 | O7: =IF(A7="","",IF(COUNT(B7:E7)=0,"MISSING",IF(MIN(B7:E7)<0,"INVALID_NEG",IF(SUM(B7:E7)=0,"ZERO_TOTAL",IF(COUNTIF(B7:E7,MAX(B7:E7))>1,"MIXED/TIE",IF(MAX(B7:E7)=B7,"ROOF",IF(MAX(B7:E7)=C7,"PAVEMENT",IF(MAX(B7:E7)=D7,"GRASS","OTHER")))))))) -> GRASS | P7: =IF(A7="","",IF(COUNT(B7:E7)=0,"MISSING_SPLIT",IF(MIN(B7:E7)<0,"INVALID_NEGATIVE",IF(SUM(B7:E7)=0,"ZERO_TOTAL",IF(I7="","NO_WEIGHTED_C","OK"))))) -> OK
A8: E | C8: 89.6 | D8: 16.2 | E8: 0 | F8: L01_P01_P02 | G8: =IF(A8="","",SUM(B8:E8)) -> 105.8 | H8: =IF(A8="","",B8*Inputs!$B$25 + C8*Inputs!$B$26 + D8*Inputs!$B$27 + E8*Inputs!$B$28) -> 84.69 | I8: =IF(OR(G8="",G8=0),"",H8/G8) -> 0.80047259 | J8: P04-P05 | K8: From annotated plan.; Prefill 2026-06-28: best-guess surfaces (verify).; Area total set from red m2 labels (2026-06-30 image); split is best-estimate. | L8: =IF(A8="","",B8+C8+E8) -> 89.6 | M8: =IF(A8="","",D8) -> 16.2 | N8: =IF(OR(G8="",G8=0),"",L8/G8) -> 0.84688091 | O8: =IF(A8="","",IF(COUNT(B8:E8)=0,"MISSING",IF(MIN(B8:E8)<0,"INVALID_NEG",IF(SUM(B8:E8)=0,"ZERO_TOTAL",IF(COUNTIF(B8:E8,MAX(B8:E8))>1,"MIXED/TIE",IF(MAX(B8:E8)=B8,"ROOF",IF(MAX(B8:E8)=C8,"PAVEMENT",IF(MAX(B8:E8)=D8,"GRASS","OTHER")))))))) -> PAVEMENT | P8: =IF(A8="","",IF(COUNT(B8:E8)=0,"MISSING_SPLIT",IF(MIN(B8:E8)<0,"INVALID_NEGATIVE",IF(SUM(B8:E8)=0,"ZERO_TOTAL",IF(I8="","NO_WEIGHTED_C","OK"))))) -> OK
A9: F | C9: =88.7+25.79 -> 114.49 | D9: 18.9 | E9: 0 | F9: L02_P02_P03 | G9: =IF(A9="","",SUM(B9:E9)) -> 133.39 | H9: =IF(A9="","",B9*Inputs!$B$25 + C9*Inputs!$B$26 + D9*Inputs!$B$27 + E9*Inputs!$B$28) -> 107.766 | I9: =IF(OR(G9="",G9=0),"",H9/G9) -> 0.80790164 | J9: P05-P06 | K9: From annotated plan.; Prefill 2026-06-28: best-guess surfaces (verify).; Area total set from red m2 labels (2026-06-30 image); split is best-estimate. | L9: =IF(A9="","",B9+C9+E9) -> 114.49 | M9: =IF(A9="","",D9) -> 18.9 | N9: =IF(OR(G9="",G9=0),"",L9/G9) -> 0.85831022 | O9: =IF(A9="","",IF(COUNT(B9:E9)=0,"MISSING",IF(MIN(B9:E9)<0,"INVALID_NEG",IF(SUM(B9:E9)=0,"ZERO_TOTAL",IF(COUNTIF(B9:E9,MAX(B9:E9))>1,"MIXED/TIE",IF(MAX(B9:E9)=B9,"ROOF",IF(MAX(B9:E9)=C9,"PAVEMENT",IF(MAX(B9:E9)=D9,"GRASS","OTHER")))))))) -> PAVEMENT | P9: =IF(A9="","",IF(COUNT(B9:E9)=0,"MISSING_SPLIT",IF(MIN(B9:E9)<0,"INVALID_NEGATIVE",IF(SUM(B9:E9)=0,"ZERO_TOTAL",IF(I9="","NO_WEIGHTED_C","OK"))))) -> OK
A10: G | C10: 98.7 | D10: 49.2 | E10: 0 | F10: L08_P06_P04 | G10: =IF(A10="","",SUM(B10:E10)) -> 147.9 | H10: =IF(A10="","",B10*Inputs!$B$25 + C10*Inputs!$B$26 + D10*Inputs!$B$27 + E10*Inputs!$B$28) -> 101.13 | I10: =IF(OR(G10="",G10=0),"",H10/G10) -> 0.68377282 | J10: P06 | K10: From annotated plan; verify blanks (G/J/K) if needed.; Area total set from red m2 labels (2026-06-30 image); split is best-estimate. | L10: =IF(A10="","",B10+C10+E10) -> 98.7 | M10: =IF(A10="","",D10) -> 49.2 | N10: =IF(OR(G10="",G10=0),"",L10/G10) -> 0.6673428 | O10: =IF(A10="","",IF(COUNT(B10:E10)=0,"MISSING",IF(MIN(B10:E10)<0,"INVALID_NEG",IF(SUM(B10:E10)=0,"ZERO_TOTAL",IF(COUNTIF(B10:E10,MAX(B10:E10))>1,"MIXED/TIE",IF(MAX(B10:E10)=B10,"ROOF",IF(MAX(B10:E10)=C10,"PAVEMENT",IF(MAX(B10:E10)=D10,"GRASS","OTHER")))))))) -> PAVEMENT | P10: =IF(A10="","",IF(COUNT(B10:E10)=0,"MISSING_SPLIT",IF(MIN(B10:E10)<0,"INVALID_NEGATIVE",IF(SUM(B10:E10)=0,"ZERO_TOTAL",IF(I10="","NO_WEIGHTED_C","OK"))))) -> OK
A11: H | C11: 58.2 | D11: 17.6 | E11: 0 | F11: L07_P07_P06 | G11: =IF(A11="","",SUM(B11:E11)) -> 75.8 | H11: =IF(A11="","",B11*Inputs!$B$25 + C11*Inputs!$B$26 + D11*Inputs!$B$27 + E11*Inputs!$B$28) -> 56.78 | I11: =IF(OR(G11="",G11=0),"",H11/G11) -> 0.74907652 | J11: P07 | K11: From annotated plan.; Prefill 2026-06-28: best-guess surfaces (verify).; Area total set from red m2 labels (2026-06-30 image); split is best-estimate. | L11: =IF(A11="","",B11+C11+E11) -> 58.2 | M11: =IF(A11="","",D11) -> 17.6 | N11: =IF(OR(G11="",G11=0),"",L11/G11) -> 0.76781003 | O11: =IF(A11="","",IF(COUNT(B11:E11)=0,"MISSING",IF(MIN(B11:E11)<0,"INVALID_NEG",IF(SUM(B11:E11)=0,"ZERO_TOTAL",IF(COUNTIF(B11:E11,MAX(B11:E11))>1,"MIXED/TIE",IF(MAX(B11:E11)=B11,"ROOF",IF(MAX(B11:E11)=C11,"PAVEMENT",IF(MAX(B11:E11)=D11,"GRASS","OTHER")))))))) -> PAVEMENT | P11: =IF(A11="","",IF(COUNT(B11:E11)=0,"MISSING_SPLIT",IF(MIN(B11:E11)<0,"INVALID_NEGATIVE",IF(SUM(B11:E11)=0,"ZERO_TOTAL",IF(I11="","NO_WEIGHTED_C","OK"))))) -> OK
A12: I | C12: =109.5+10.51 -> 120.01 | D12: 16.2 | E12: 0 | F12: L07_P07_P06 | G12: =IF(A12="","",SUM(B12:E12)) -> 136.21 | H12: =IF(A12="","",B12*Inputs!$B$25 + C12*Inputs!$B$26 + D12*Inputs!$B$27 + E12*Inputs!$B$28) -> 112.059 | I12: =IF(OR(G12="",G12=0),"",H12/G12) -> 0.8226929 | J12: P08 | K12: From annotated plan.; Prefill 2026-06-28: best-guess surfaces (verify).; Area total set from red m2 labels (2026-06-30 image); split is best-estimate. | L12: =IF(A12="","",B12+C12+E12) -> 120.01 | M12: =IF(A12="","",D12) -> 16.2 | N12: =IF(OR(G12="",G12=0),"",L12/G12) -> 0.881066 | O12: =IF(A12="","",IF(COUNT(B12:E12)=0,"MISSING",IF(MIN(B12:E12)<0,"INVALID_NEG",IF(SUM(B12:E12)=0,"ZERO_TOTAL",IF(COUNTIF(B12:E12,MAX(B12:E12))>1,"MIXED/TIE",IF(MAX(B12:E12)=B12,"ROOF",IF(MAX(B12:E12)=C12,"PAVEMENT",IF(MAX(B12:E12)=D12,"GRASS","OTHER")))))))) -> PAVEMENT | P12: =IF(A12="","",IF(COUNT(B12:E12)=0,"MISSING_SPLIT",IF(MIN(B12:E12)<0,"INVALID_NEGATIVE",IF(SUM(B12:E12)=0,"ZERO_TOTAL",IF(I12="","NO_WEIGHTED_C","OK"))))) -> OK
A13: J | C13: 67.7 | D13: 81.4 | E13: 0 | F13: L06_P09_P06 | G13: =IF(A13="","",SUM(B13:E13)) -> 149.1 | H13: =IF(A13="","",B13*Inputs!$B$25 + C13*Inputs!$B$26 + D13*Inputs!$B$27 + E13*Inputs!$B$28) -> 81.28 | I13: =IF(OR(G13="",G13=0),"",H13/G13) -> 0.54513749 | J13: P09 | K13: From annotated plan; verify blanks (G/J/K) if needed.; Area total set from red m2 labels (2026-06-30 image); split is best-estimate. | L13: =IF(A13="","",B13+C13+E13) -> 67.7 | M13: =IF(A13="","",D13) -> 81.4 | N13: =IF(OR(G13="",G13=0),"",L13/G13) -> 0.45405768 | O13: =IF(A13="","",IF(COUNT(B13:E13)=0,"MISSING",IF(MIN(B13:E13)<0,"INVALID_NEG",IF(SUM(B13:E13)=0,"ZERO_TOTAL",IF(COUNTIF(B13:E13,MAX(B13:E13))>1,"MIXED/TIE",IF(MAX(B13:E13)=B13,"ROOF",IF(MAX(B13:E13)=C13,"PAVEMENT",IF(MAX(B13:E13)=D13,"GRASS","OTHER")))))))) -> GRASS | P13: =IF(A13="","",IF(COUNT(B13:E13)=0,"MISSING_SPLIT",IF(MIN(B13:E13)<0,"INVALID_NEGATIVE",IF(SUM(B13:E13)=0,"ZERO_TOTAL",IF(I13="","NO_WEIGHTED_C","OK"))))) -> OK
A14: K | C14: 48.8 | D14: 58.4 | E14: 0 | F14: L07_P07_P06 | G14: =IF(A14="","",SUM(B14:E14)) -> 107.2 | H14: =IF(A14="","",B14*Inputs!$B$25 + C14*Inputs!$B$26 + D14*Inputs!$B$27 + E14*Inputs!$B$28) -> 58.52 | I14: =IF(OR(G14="",G14=0),"",H14/G14) -> 0.54589552 | J14: P06/P09 flank | K14: From annotated plan; verify blanks (G/J/K) if needed.; Area total set from red m2 labels (2026-06-30 image); split is best-estimate. | L14: =IF(A14="","",B14+C14+E14) -> 48.8 | M14: =IF(A14="","",D14) -> 58.4 | N14: =IF(OR(G14="",G14=0),"",L14/G14) -> 0.45522388 | O14: =IF(A14="","",IF(COUNT(B14:E14)=0,"MISSING",IF(MIN(B14:E14)<0,"INVALID_NEG",IF(SUM(B14:E14)=0,"ZERO_TOTAL",IF(COUNTIF(B14:E14,MAX(B14:E14))>1,"MIXED/TIE",IF(MAX(B14:E14)=B14,"ROOF",IF(MAX(B14:E14)=C14,"PAVEMENT",IF(MAX(B14:E14)=D14,"GRASS","OTHER")))))))) -> GRASS | P14: =IF(A14="","",IF(COUNT(B14:E14)=0,"MISSING_SPLIT",IF(MIN(B14:E14)<0,"INVALID_NEGATIVE",IF(SUM(B14:E14)=0,"ZERO_TOTAL",IF(I14="","NO_WEIGHTED_C","OK"))))) -> OK
A15: L | C15: =95.5+10.13+17.51 -> 123.14 | D15: 0 | E15: 0 | F15: L07_P07_P06 | G15: =IF(A15="","",SUM(B15:E15)) -> 123.14 | H15: =IF(A15="","",B15*Inputs!$B$25 + C15*Inputs!$B$26 + D15*Inputs!$B$27 + E15*Inputs!$B$28) -> 110.826 | I15: =IF(OR(G15="",G15=0),"",H15/G15) -> 0.9 | J15: P08 | K15: From annotated plan.; Prefill 2026-06-28: best-guess surfaces (verify).; Area total set from red m2 labels (2026-06-30 image); split is best-estimate. | L15: =IF(A15="","",B15+C15+E15) -> 123.14 | M15: =IF(A15="","",D15) -> 0 | N15: =IF(OR(G15="",G15=0),"",L15/G15) -> 1 | O15: =IF(A15="","",IF(COUNT(B15:E15)=0,"MISSING",IF(MIN(B15:E15)<0,"INVALID_NEG",IF(SUM(B15:E15)=0,"ZERO_TOTAL",IF(COUNTIF(B15:E15,MAX(B15:E15))>1,"MIXED/TIE",IF(MAX(B15:E15)=B15,"ROOF",IF(MAX(B15:E15)=C15,"PAVEMENT",IF(MAX(B15:E15)=D15,"GRASS","OTHER")))))))) -> PAVEMENT | P15: =IF(A15="","",IF(COUNT(B15:E15)=0,"MISSING_SPLIT",IF(MIN(B15:E15)<0,"INVALID_NEGATIVE",IF(SUM(B15:E15)=0,"ZERO_TOTAL",IF(I15="","NO_WEIGHTED_C","OK"))))) -> OK
A16: M | C16: 52.4 | D16: =66.5+178.75 -> 245.25 | E16: 0 | F16: L06_P09_P06 | G16: =IF(A16="","",SUM(B16:E16)) -> 297.65 | H16: =IF(A16="","",B16*Inputs!$B$25 + C16*Inputs!$B$26 + D16*Inputs!$B$27 + E16*Inputs!$B$28) -> 108.4725 | I16: =IF(OR(G16="",G16=0),"",H16/G16) -> 0.3644297 | J16: P09 | K16: From annotated plan.; Prefill 2026-06-28: best-guess surfaces (verify).; Area total set from red m2 labels (2026-06-30 image); split is best-estimate. | L16: =IF(A16="","",B16+C16+E16) -> 52.4 | M16: =IF(A16="","",D16) -> 245.25 | N16: =IF(OR(G16="",G16=0),"",L16/G16) -> 0.17604569 | O16: =IF(A16="","",IF(COUNT(B16:E16)=0,"MISSING",IF(MIN(B16:E16)<0,"INVALID_NEG",IF(SUM(B16:E16)=0,"ZERO_TOTAL",IF(COUNTIF(B16:E16,MAX(B16:E16))>1,"MIXED/TIE",IF(MAX(B16:E16)=B16,"ROOF",IF(MAX(B16:E16)=C16,"PAVEMENT",IF(MAX(B16:E16)=D16,"GRASS","OTHER")))))))) -> GRASS | P16: =IF(A16="","",IF(COUNT(B16:E16)=0,"MISSING_SPLIT",IF(MIN(B16:E16)<0,"INVALID_NEGATIVE",IF(SUM(B16:E16)=0,"ZERO_TOTAL",IF(I16="","NO_WEIGHTED_C","OK"))))) -> OK
A17: N | B17: 903 | C17: 0 | D17: 0 | E17: 0 | F17: L10_P10_P11 | G17: =IF(A17="","",SUM(B17:E17)) -> 903 | H17: =IF(A17="","",B17*Inputs!$B$25 + C17*Inputs!$B$26 + D17*Inputs!$B$27 + E17*Inputs!$B$28) -> 857.85 | I17: =IF(OR(G17="",G17=0),"",H17/G17) -> 0.95 | J17: T01 | K17: From annotated plan.; Prefill 2026-06-28: best-guess surfaces (verify).; Area total set from red m2 labels (2026-06-30 image); split is best-estimate. | L17: =IF(A17="","",B17+C17+E17) -> 903 | M17: =IF(A17="","",D17) -> 0 | N17: =IF(OR(G17="",G17=0),"",L17/G17) -> 1 | O17: =IF(A17="","",IF(COUNT(B17:E17)=0,"MISSING",IF(MIN(B17:E17)<0,"INVALID_NEG",IF(SUM(B17:E17)=0,"ZERO_TOTAL",IF(COUNTIF(B17:E17,MAX(B17:E17))>1,"MIXED/TIE",IF(MAX(B17:E17)=B17,"ROOF",IF(MAX(B17:E17)=C17,"PAVEMENT",IF(MAX(B17:E17)=D17,"GRASS","OTHER")))))))) -> ROOF | P17: =IF(A17="","",IF(COUNT(B17:E17)=0,"MISSING_SPLIT",IF(MIN(B17:E17)<0,"INVALID_NEGATIVE",IF(SUM(B17:E17)=0,"ZERO_TOTAL",IF(I17="","NO_WEIGHTED_C","OK"))))) -> OK
A18: O | C18: =33.2+17.46+14.14 -> 64.8 | D18: =191.8+35.46+178.75+26.8 -> 432.81 | E18: 0 | F18: L11_P11_P12 | G18: =IF(A18="","",SUM(B18:E18)) -> 497.61 | H18: =IF(A18="","",B18*Inputs!$B$25 + C18*Inputs!$B$26 + D18*Inputs!$B$27 + E18*Inputs!$B$28) -> 166.5225 | I18: =IF(OR(G18="",G18=0),"",H18/G18) -> 0.3346446 | J18: P010 corridor | K18: From annotated plan.; Prefill 2026-06-28: best-guess surfaces (verify).; Area total set from red m2 labels (2026-06-30 image); split is best-estimate. | L18: =IF(A18="","",B18+C18+E18) -> 64.8 | M18: =IF(A18="","",D18) -> 432.81 | N18: =IF(OR(G18="",G18=0),"",L18/G18) -> 0.13022246 | O18: =IF(A18="","",IF(COUNT(B18:E18)=0,"MISSING",IF(MIN(B18:E18)<0,"INVALID_NEG",IF(SUM(B18:E18)=0,"ZERO_TOTAL",IF(COUNTIF(B18:E18,MAX(B18:E18))>1,"MIXED/TIE",IF(MAX(B18:E18)=B18,"ROOF",IF(MAX(B18:E18)=C18,"PAVEMENT",IF(MAX(B18:E18)=D18,"GRASS","OTHER")))))))) -> GRASS | P18: =IF(A18="","",IF(COUNT(B18:E18)=0,"MISSING_SPLIT",IF(MIN(B18:E18)<0,"INVALID_NEGATIVE",IF(SUM(B18:E18)=0,"ZERO_TOTAL",IF(I18="","NO_WEIGHTED_C","OK"))))) -> OK
G19: =IF(A19="","",SUM(B19:E19)) | H19: =IF(A19="","",B20*Inputs!$B$25 + C20*Inputs!$B$26 + D20*Inputs!$B$27 + E19*Inputs!$B$28) | I19: =IF(OR(G19="",G19=0),"",H19/G19) | L19: =IF(A19="","",B20+C20+E19) | M19: =IF(A19="","",D20) | N19: =IF(OR(G19="",G19=0),"",L19/G19) | O19: =IF(A19="","",IF(COUNT(B19:E19)=0,"MISSING",IF(MIN(B19:E19)<0,"INVALID_NEG",IF(SUM(B19:E19)=0,"ZERO_TOTAL",IF(COUNTIF(B19:E19,MAX(B19:E19))>1,"MIXED/TIE",IF(MAX(B19:E19)=B20,"ROOF",IF(MAX(B19:E19)=C20,"PAVEMENT",IF(MAX(B19:E19)=D20,"GRASS","OTHER")))))))) | P19: =IF(A19="","",IF(COUNT(B19:E19)=0,"MISSING_SPLIT",IF(MIN(B19:E19)<0,"INVALID_NEGATIVE",IF(SUM(B19:E19)=0,"ZERO_TOTAL",IF(I19="","NO_WEIGHTED_C","OK")))))
B20: =SUM(B4:B18) -> 903 | C20: =SUM(C4:C18) -> 1110.54 | D20: =SUM(D4:D18) -> 1243.76 | G20: =IF(A20="","",SUM(B20:E20)) | H20: =IF(A20="","",B20*Inputs!$B$25 + C20*Inputs!$B$26 + D20*Inputs!$B$27 + E20*Inputs!$B$28) | I20: =IF(OR(G20="",G20=0),"",H20/G20) | L20: =IF(A20="","",B20+C20+E20) | M20: =IF(A20="","",D20) | N20: =IF(OR(G20="",G20=0),"",L20/G20) | O20: =IF(A20="","",IF(COUNT(B20:E20)=0,"MISSING",IF(MIN(B20:E20)<0,"INVALID_NEG",IF(SUM(B20:E20)=0,"ZERO_TOTAL",IF(COUNTIF(B20:E20,MAX(B20:E20))>1,"MIXED/TIE",IF(MAX(B20:E20)=B20,"ROOF",IF(MAX(B20:E20)=C20,"PAVEMENT",IF(MAX(B20:E20)=D20,"GRASS","OTHER")))))))) | P20: =IF(A20="","",IF(COUNT(B20:E20)=0,"MISSING_SPLIT",IF(MIN(B20:E20)<0,"INVALID_NEGATIVE",IF(SUM(B20:E20)=0,"ZERO_TOTAL",IF(I20="","NO_WEIGHTED_C","OK")))))
C21: =35393.21*0.3048^2 -> 3288.1368 | G21: =IF(A21="","",SUM(B21:E21)) | H21: =IF(A21="","",B21*Inputs!$B$25 + C21*Inputs!$B$26 + D21*Inputs!$B$27 + E21*Inputs!$B$28) | I21: =IF(OR(G21="",G21=0),"",H21/G21) | L21: =IF(A21="","",B21+C21+E21) | M21: =IF(A21="","",D21) | N21: =IF(OR(G21="",G21=0),"",L21/G21) | O21: =IF(A21="","",IF(COUNT(B21:E21)=0,"MISSING",IF(MIN(B21:E21)<0,"INVALID_NEG",IF(SUM(B21:E21)=0,"ZERO_TOTAL",IF(COUNTIF(B21:E21,MAX(B21:E21))>1,"MIXED/TIE",IF(MAX(B21:E21)=B21,"ROOF",IF(MAX(B21:E21)=C21,"PAVEMENT",IF(MAX(B21:E21)=D21,"GRASS","OTHER")))))))) | P21: =IF(A21="","",IF(COUNT(B21:E21)=0,"MISSING_SPLIT",IF(MIN(B21:E21)<0,"INVALID_NEGATIVE",IF(SUM(B21:E21)=0,"ZERO_TOTAL",IF(I21="","NO_WEIGHTED_C","OK")))))
C22: =8089*0.3048^2 -> 751.49269 | G22: =IF(A22="","",SUM(B22:E22)) | H22: =IF(A22="","",B22*Inputs!$B$25 + C22*Inputs!$B$26 + D22*Inputs!$B$27 + E22*Inputs!$B$28) | I22: =IF(OR(G22="",G22=0),"",H22/G22) | L22: =IF(A22="","",B22+C22+E22) | M22: =IF(A22="","",D22) | N22: =IF(OR(G22="",G22=0),"",L22/G22) | O22: =IF(A22="","",IF(COUNT(B22:E22)=0,"MISSING",IF(MIN(B22:E22)<0,"INVALID_NEG",IF(SUM(B22:E22)=0,"ZERO_TOTAL",IF(COUNTIF(B22:E22,MAX(B22:E22))>1,"MIXED/TIE",IF(MAX(B22:E22)=B22,"ROOF",IF(MAX(B22:E22)=C22,"PAVEMENT",IF(MAX(B22:E22)=D22,"GRASS","OTHER")))))))) | P22: =IF(A22="","",IF(COUNT(B22:E22)=0,"MISSING_SPLIT",IF(MIN(B22:E22)<0,"INVALID_NEGATIVE",IF(SUM(B22:E22)=0,"ZERO_TOTAL",IF(I22="","NO_WEIGHTED_C","OK")))))
C23: =C20+D20+B20 -> 3257.3 | G23: =IF(A23="","",SUM(B23:E23)) | H23: =IF(A23="","",B23*Inputs!$B$25 + C23*Inputs!$B$26 + D23*Inputs!$B$27 + E23*Inputs!$B$28) | I23: =IF(OR(G23="",G23=0),"",H23/G23) | L23: =IF(A23="","",B23+C23+E23) | M23: =IF(A23="","",D23) | N23: =IF(OR(G23="",G23=0),"",L23/G23) | O23: =IF(A23="","",IF(COUNT(B23:E23)=0,"MISSING",IF(MIN(B23:E23)<0,"INVALID_NEG",IF(SUM(B23:E23)=0,"ZERO_TOTAL",IF(COUNTIF(B23:E23,MAX(B23:E23))>1,"MIXED/TIE",IF(MAX(B23:E23)=B23,"ROOF",IF(MAX(B23:E23)=C23,"PAVEMENT",IF(MAX(B23:E23)=D23,"GRASS","OTHER")))))))) | P23: =IF(A23="","",IF(COUNT(B23:E23)=0,"MISSING_SPLIT",IF(MIN(B23:E23)<0,"INVALID_NEGATIVE",IF(SUM(B23:E23)=0,"ZERO_TOTAL",IF(I23="","NO_WEIGHTED_C","OK")))))
C24: =C21-C23 -> 30.836804 | G24: =IF(A24="","",SUM(B24:E24)) | H24: =IF(A24="","",B24*Inputs!$B$25 + C24*Inputs!$B$26 + D24*Inputs!$B$27 + E24*Inputs!$B$28) | I24: =IF(OR(G24="",G24=0),"",H24/G24) | L24: =IF(A24="","",B24+C24+E24) | M24: =IF(A24="","",D24) | N24: =IF(OR(G24="",G24=0),"",L24/G24) | O24: =IF(A24="","",IF(COUNT(B24:E24)=0,"MISSING",IF(MIN(B24:E24)<0,"INVALID_NEG",IF(SUM(B24:E24)=0,"ZERO_TOTAL",IF(COUNTIF(B24:E24,MAX(B24:E24))>1,"MIXED/TIE",IF(MAX(B24:E24)=B24,"ROOF",IF(MAX(B24:E24)=C24,"PAVEMENT",IF(MAX(B24:E24)=D24,"GRASS","OTHER")))))))) | P24: =IF(A24="","",IF(COUNT(B24:E24)=0,"MISSING_SPLIT",IF(MIN(B24:E24)<0,"INVALID_NEGATIVE",IF(SUM(B24:E24)=0,"ZERO_TOTAL",IF(I24="","NO_WEIGHTED_C","OK")))))
G25: =IF(A25="","",SUM(B25:E25)) | H25: =IF(A25="","",B25*Inputs!$B$25 + C25*Inputs!$B$26 + D25*Inputs!$B$27 + E25*Inputs!$B$28) | I25: =IF(OR(G25="",G25=0),"",H25/G25) | L25: =IF(A25="","",B25+C25+E25) | M25: =IF(A25="","",D25) | N25: =IF(OR(G25="",G25=0),"",L25/G25) | O25: =IF(A25="","",IF(COUNT(B25:E25)=0,"MISSING",IF(MIN(B25:E25)<0,"INVALID_NEG",IF(SUM(B25:E25)=0,"ZERO_TOTAL",IF(COUNTIF(B25:E25,MAX(B25:E25))>1,"MIXED/TIE",IF(MAX(B25:E25)=B25,"ROOF",IF(MAX(B25:E25)=C25,"PAVEMENT",IF(MAX(B25:E25)=D25,"GRASS","OTHER")))))))) | P25: =IF(A25="","",IF(COUNT(B25:E25)=0,"MISSING_SPLIT",IF(MIN(B25:E25)<0,"INVALID_NEGATIVE",IF(SUM(B25:E25)=0,"ZERO_TOTAL",IF(I25="","NO_WEIGHTED_C","OK")))))
G26: =IF(A26="","",SUM(B26:E26)) | H26: =IF(A26="","",B26*Inputs!$B$25 + C26*Inputs!$B$26 + D26*Inputs!$B$27 + E26*Inputs!$B$28) | I26: =IF(OR(G26="",G26=0),"",H26/G26) | L26: =IF(A26="","",B26+C26+E26) | M26: =IF(A26="","",D26) | N26: =IF(OR(G26="",G26=0),"",L26/G26) | O26: =IF(A26="","",IF(COUNT(B26:E26)=0,"MISSING",IF(MIN(B26:E26)<0,"INVALID_NEG",IF(SUM(B26:E26)=0,"ZERO_TOTAL",IF(COUNTIF(B26:E26,MAX(B26:E26))>1,"MIXED/TIE",IF(MAX(B26:E26)=B26,"ROOF",IF(MAX(B26:E26)=C26,"PAVEMENT",IF(MAX(B26:E26)=D26,"GRASS","OTHER")))))))) | P26: =IF(A26="","",IF(COUNT(B26:E26)=0,"MISSING_SPLIT",IF(MIN(B26:E26)<0,"INVALID_NEGATIVE",IF(SUM(B26:E26)=0,"ZERO_TOTAL",IF(I26="","NO_WEIGHTED_C","OK")))))
G27: =IF(A27="","",SUM(B27:E27)) | H27: =IF(A27="","",B27*Inputs!$B$25 + C27*Inputs!$B$26 + D27*Inputs!$B$27 + E27*Inputs!$B$28) | I27: =IF(OR(G27="",G27=0),"",H27/G27) | L27: =IF(A27="","",B27+C27+E27) | M27: =IF(A27="","",D27) | N27: =IF(OR(G27="",G27=0),"",L27/G27) | O27: =IF(A27="","",IF(COUNT(B27:E27)=0,"MISSING",IF(MIN(B27:E27)<0,"INVALID_NEG",IF(SUM(B27:E27)=0,"ZERO_TOTAL",IF(COUNTIF(B27:E27,MAX(B27:E27))>1,"MIXED/TIE",IF(MAX(B27:E27)=B27,"ROOF",IF(MAX(B27:E27)=C27,"PAVEMENT",IF(MAX(B27:E27)=D27,"GRASS","OTHER")))))))) | P27: =IF(A27="","",IF(COUNT(B27:E27)=0,"MISSING_SPLIT",IF(MIN(B27:E27)<0,"INVALID_NEGATIVE",IF(SUM(B27:E27)=0,"ZERO_TOTAL",IF(I27="","NO_WEIGHTED_C","OK")))))
G28: =IF(A28="","",SUM(B28:E28)) | H28: =IF(A28="","",B28*Inputs!$B$25 + C28*Inputs!$B$26 + D28*Inputs!$B$27 + E28*Inputs!$B$28) | I28: =IF(OR(G28="",G28=0),"",H28/G28) | L28: =IF(A28="","",B28+C28+E28) | M28: =IF(A28="","",D28) | N28: =IF(OR(G28="",G28=0),"",L28/G28) | O28: =IF(A28="","",IF(COUNT(B28:E28)=0,"MISSING",IF(MIN(B28:E28)<0,"INVALID_NEG",IF(SUM(B28:E28)=0,"ZERO_TOTAL",IF(COUNTIF(B28:E28,MAX(B28:E28))>1,"MIXED/TIE",IF(MAX(B28:E28)=B28,"ROOF",IF(MAX(B28:E28)=C28,"PAVEMENT",IF(MAX(B28:E28)=D28,"GRASS","OTHER")))))))) | P28: =IF(A28="","",IF(COUNT(B28:E28)=0,"MISSING_SPLIT",IF(MIN(B28:E28)<0,"INVALID_NEGATIVE",IF(SUM(B28:E28)=0,"ZERO_TOTAL",IF(I28="","NO_WEIGHTED_C","OK")))))
G29: =IF(A29="","",SUM(B29:E29)) | H29: =IF(A29="","",B29*Inputs!$B$25 + C29*Inputs!$B$26 + D29*Inputs!$B$27 + E29*Inputs!$B$28) | I29: =IF(OR(G29="",G29=0),"",H29/G29) | L29: =IF(A29="","",B29+C29+E29) | M29: =IF(A29="","",D29) | N29: =IF(OR(G29="",G29=0),"",L29/G29) | O29: =IF(A29="","",IF(COUNT(B29:E29)=0,"MISSING",IF(MIN(B29:E29)<0,"INVALID_NEG",IF(SUM(B29:E29)=0,"ZERO_TOTAL",IF(COUNTIF(B29:E29,MAX(B29:E29))>1,"MIXED/TIE",IF(MAX(B29:E29)=B29,"ROOF",IF(MAX(B29:E29)=C29,"PAVEMENT",IF(MAX(B29:E29)=D29,"GRASS","OTHER")))))))) | P29: =IF(A29="","",IF(COUNT(B29:E29)=0,"MISSING_SPLIT",IF(MIN(B29:E29)<0,"INVALID_NEGATIVE",IF(SUM(B29:E29)=0,"ZERO_TOTAL",IF(I29="","NO_WEIGHTED_C","OK")))))
G30: =IF(A30="","",SUM(B30:E30)) | H30: =IF(A30="","",B30*Inputs!$B$25 + C30*Inputs!$B$26 + D30*Inputs!$B$27 + E30*Inputs!$B$28) | I30: =IF(OR(G30="",G30=0),"",H30/G30) | L30: =IF(A30="","",B30+C30+E30) | M30: =IF(A30="","",D30) | N30: =IF(OR(G30="",G30=0),"",L30/G30) | O30: =IF(A30="","",IF(COUNT(B30:E30)=0,"MISSING",IF(MIN(B30:E30)<0,"INVALID_NEG",IF(SUM(B30:E30)=0,"ZERO_TOTAL",IF(COUNTIF(B30:E30,MAX(B30:E30))>1,"MIXED/TIE",IF(MAX(B30:E30)=B30,"ROOF",IF(MAX(B30:E30)=C30,"PAVEMENT",IF(MAX(B30:E30)=D30,"GRASS","OTHER")))))))) | P30: =IF(A30="","",IF(COUNT(B30:E30)=0,"MISSING_SPLIT",IF(MIN(B30:E30)<0,"INVALID_NEGATIVE",IF(SUM(B30:E30)=0,"ZERO_TOTAL",IF(I30="","NO_WEIGHTED_C","OK")))))
G31: =IF(A31="","",SUM(B31:E31)) | H31: =IF(A31="","",B31*Inputs!$B$25 + C31*Inputs!$B$26 + D31*Inputs!$B$27 + E31*Inputs!$B$28) | I31: =IF(OR(G31="",G31=0),"",H31/G31) | L31: =IF(A31="","",B31+C31+E31) | M31: =IF(A31="","",D31) | N31: =IF(OR(G31="",G31=0),"",L31/G31) | O31: =IF(A31="","",IF(COUNT(B31:E31)=0,"MISSING",IF(MIN(B31:E31)<0,"INVALID_NEG",IF(SUM(B31:E31)=0,"ZERO_TOTAL",IF(COUNTIF(B31:E31,MAX(B31:E31))>1,"MIXED/TIE",IF(MAX(B31:E31)=B31,"ROOF",IF(MAX(B31:E31)=C31,"PAVEMENT",IF(MAX(B31:E31)=D31,"GRASS","OTHER")))))))) | P31: =IF(A31="","",IF(COUNT(B31:E31)=0,"MISSING_SPLIT",IF(MIN(B31:E31)<0,"INVALID_NEGATIVE",IF(SUM(B31:E31)=0,"ZERO_TOTAL",IF(I31="","NO_WEIGHTED_C","OK")))))
G32: =IF(A32="","",SUM(B32:E32)) | H32: =IF(A32="","",B32*Inputs!$B$25 + C32*Inputs!$B$26 + D32*Inputs!$B$27 + E32*Inputs!$B$28) | I32: =IF(OR(G32="",G32=0),"",H32/G32) | L32: =IF(A32="","",B32+C32+E32) | M32: =IF(A32="","",D32) | N32: =IF(OR(G32="",G32=0),"",L32/G32) | O32: =IF(A32="","",IF(COUNT(B32:E32)=0,"MISSING",IF(MIN(B32:E32)<0,"INVALID_NEG",IF(SUM(B32:E32)=0,"ZERO_TOTAL",IF(COUNTIF(B32:E32,MAX(B32:E32))>1,"MIXED/TIE",IF(MAX(B32:E32)=B32,"ROOF",IF(MAX(B32:E32)=C32,"PAVEMENT",IF(MAX(B32:E32)=D32,"GRASS","OTHER")))))))) | P32: =IF(A32="","",IF(COUNT(B32:E32)=0,"MISSING_SPLIT",IF(MIN(B32:E32)<0,"INVALID_NEGATIVE",IF(SUM(B32:E32)=0,"ZERO_TOTAL",IF(I32="","NO_WEIGHTED_C","OK")))))
G33: =IF(A33="","",SUM(B33:E33)) | H33: =IF(A33="","",B33*Inputs!$B$25 + C33*Inputs!$B$26 + D33*Inputs!$B$27 + E33*Inputs!$B$28) | I33: =IF(OR(G33="",G33=0),"",H33/G33) | L33: =IF(A33="","",B33+C33+E33) | M33: =IF(A33="","",D33) | N33: =IF(OR(G33="",G33=0),"",L33/G33) | O33: =IF(A33="","",IF(COUNT(B33:E33)=0,"MISSING",IF(MIN(B33:E33)<0,"INVALID_NEG",IF(SUM(B33:E33)=0,"ZERO_TOTAL",IF(COUNTIF(B33:E33,MAX(B33:E33))>1,"MIXED/TIE",IF(MAX(B33:E33)=B33,"ROOF",IF(MAX(B33:E33)=C33,"PAVEMENT",IF(MAX(B33:E33)=D33,"GRASS","OTHER")))))))) | P33: =IF(A33="","",IF(COUNT(B33:E33)=0,"MISSING_SPLIT",IF(MIN(B33:E33)<0,"INVALID_NEGATIVE",IF(SUM(B33:E33)=0,"ZERO_TOTAL",IF(I33="","NO_WEIGHTED_C","OK")))))
G34: =IF(A34="","",SUM(B34:E34)) | H34: =IF(A34="","",B34*Inputs!$B$25 + C34*Inputs!$B$26 + D34*Inputs!$B$27 + E34*Inputs!$B$28) | I34: =IF(OR(G34="",G34=0),"",H34/G34) | L34: =IF(A34="","",B34+C34+E34) | M34: =IF(A34="","",D34) | N34: =IF(OR(G34="",G34=0),"",L34/G34) | O34: =IF(A34="","",IF(COUNT(B34:E34)=0,"MISSING",IF(MIN(B34:E34)<0,"INVALID_NEG",IF(SUM(B34:E34)=0,"ZERO_TOTAL",IF(COUNTIF(B34:E34,MAX(B34:E34))>1,"MIXED/TIE",IF(MAX(B34:E34)=B34,"ROOF",IF(MAX(B34:E34)=C34,"PAVEMENT",IF(MAX(B34:E34)=D34,"GRASS","OTHER")))))))) | P34: =IF(A34="","",IF(COUNT(B34:E34)=0,"MISSING_SPLIT",IF(MIN(B34:E34)<0,"INVALID_NEGATIVE",IF(SUM(B34:E34)=0,"ZERO_TOTAL",IF(I34="","NO_WEIGHTED_C","OK")))))
G35: =IF(A35="","",SUM(B35:E35)) | H35: =IF(A35="","",B35*Inputs!$B$25 + C35*Inputs!$B$26 + D35*Inputs!$B$27 + E35*Inputs!$B$28) | I35: =IF(OR(G35="",G35=0),"",H35/G35) | L35: =IF(A35="","",B35+C35+E35) | M35: =IF(A35="","",D35) | N35: =IF(OR(G35="",G35=0),"",L35/G35) | O35: =IF(A35="","",IF(COUNT(B35:E35)=0,"MISSING",IF(MIN(B35:E35)<0,"INVALID_NEG",IF(SUM(B35:E35)=0,"ZERO_TOTAL",IF(COUNTIF(B35:E35,MAX(B35:E35))>1,"MIXED/TIE",IF(MAX(B35:E35)=B35,"ROOF",IF(MAX(B35:E35)=C35,"PAVEMENT",IF(MAX(B35:E35)=D35,"GRASS","OTHER")))))))) | P35: =IF(A35="","",IF(COUNT(B35:E35)=0,"MISSING_SPLIT",IF(MIN(B35:E35)<0,"INVALID_NEGATIVE",IF(SUM(B35:E35)=0,"ZERO_TOTAL",IF(I35="","NO_WEIGHTED_C","OK")))))
G36: =IF(A36="","",SUM(B36:E36)) | H36: =IF(A36="","",B36*Inputs!$B$25 + C36*Inputs!$B$26 + D36*Inputs!$B$27 + E36*Inputs!$B$28) | I36: =IF(OR(G36="",G36=0),"",H36/G36) | L36: =IF(A36="","",B36+C36+E36) | M36: =IF(A36="","",D36) | N36: =IF(OR(G36="",G36=0),"",L36/G36) | O36: =IF(A36="","",IF(COUNT(B36:E36)=0,"MISSING",IF(MIN(B36:E36)<0,"INVALID_NEG",IF(SUM(B36:E36)=0,"ZERO_TOTAL",IF(COUNTIF(B36:E36,MAX(B36:E36))>1,"MIXED/TIE",IF(MAX(B36:E36)=B36,"ROOF",IF(MAX(B36:E36)=C36,"PAVEMENT",IF(MAX(B36:E36)=D36,"GRASS","OTHER")))))))) | P36: =IF(A36="","",IF(COUNT(B36:E36)=0,"MISSING_SPLIT",IF(MIN(B36:E36)<0,"INVALID_NEGATIVE",IF(SUM(B36:E36)=0,"ZERO_TOTAL",IF(I36="","NO_WEIGHTED_C","OK")))))
... G204: =IF(A204="","",SUM(B204:E204)) | H204: =IF(A204="","",B204*Inputs!$B$25 + C204*Inputs!$B$26 + D204*Inputs!$B$27 + E204*Inputs!$B$28) | I204: =IF(OR(G204="",G204=0),"",H204/G204) | L204: =IF(A204="","",B204+C204+E204) | M204: =IF(A204="","",D204) | N204: =IF(OR(G204="",G204=0),"",L204/G204) | O204: =IF(A204="","",IF(COUNT(B204:E204)=0,"MISSING",IF(MIN(B204:E204)<0,"INVALID_NEG",IF(SUM(B204:E204)=0,"ZERO_TOTAL",IF(COUNTIF(B204:E204,MAX(B204:E204))>1,"MIXED/TIE",IF(MAX(B204:E204)=B204,"ROOF",IF(MAX(B204:E204)=C204,"PAVEMENT",IF(MAX(B204:E204)=D204,"GRASS","OTHER")))))))) | P204: =IF(A204="","",IF(COUNT(B204:E204)=0,"MISSING_SPLIT",IF(MIN(B204:E204)<0,"INVALID_NEGATIVE",IF(SUM(B204:E204)=0,"ZERO_TOTAL",IF(I204="","NO_WEIGHTED_C","OK")))))

Sheet Conduites_plan_noeuds
A1: CONDUITES PLAN NOEUD-PAR-NOEUD (TOPOLOGIE CORRIGEE + Tc CUMULE)
A2: Network_status | B2: =IF(COUNTIF(AE4:AE201,"CHECK")>0,"CHECK","OK") -> OK | D2: Pipes_with_checks | E2: =COUNTIF(AE4:AE201,"CHECK") -> 0
A3: Pipe_ID | B3: From_Node | C3: To_Node | D3: Receives_into_Pipe_ID | E3: Length_m | F3: Area_override_m2 | G3: Area_from_CB_m2 | H3: Area_used_m2 | I3: C_local | J3: Tc_local_min | K3: Intensity_mmh | L3: Q_local_m3s | M3: Q_from_upstream_m3s | N3: Q_total_design_m3s | O3: Slope_manual_m/m | P3: Slope_used_m/m | Q3: Dia_recommended_mm | R3: Dia_override_mm | S3: Dia_used_mm | T3: Dia_used_m | U3: Capacity_full_m3s | V3: Q_over_capacity_ratio | W3: Velocity_design_QA_mps | X3: Junction_drop_m | Y3: Invert_down_m | Z3: Invert_up_m | AA3: Ground_down_m | AB3: Ground_up_m | AC3: Cover_down_m | AD3: Cover_up_m | AE3: Checks | AF3: Notes | AG3: Cap_5 | AH3: Cap_6 | AI3: Cap_7 | AJ3: Cap_8 | AK3: Cap_9 | AL3: Cap_10 | AM3: Cap_11 | AN3: Cap_12 | AO3: Cap_13 | AP3: Cap_14 | AQ3: Upstream_pipe_count | AR3: Pipe_role | AS3: Tc_start_base_min | AT3: Tc_prev_upstream_max_min | AU3: t_travel_pipe_min | AV3: Tc_used_min | AW3: Velocity_design_QA_mps_copy | AX3: Velocity_manning_full_mps | AY3: Velocity_used_for_check_mps | AZ3: Depth_partial_iter_m | BA3: Velocity_partial_iter_mps | BB3: Q_target_partial_m3s | BC3: Q_cap_open_0p94D_m3s | BD3: low0 | BE3: high0 | BF3: mid1 | BG3: q1 | BH3: low1 | BI3: high1 | BJ3: mid2 | BK3: q2 | BL3: low2 | BM3: high2 | BN3: mid3 | BO3: q3 | BP3: low3 | BQ3: high3 | BR3: mid4 | BS3: q4 | BT3: low4 | BU3: high4 | BV3: mid5 | BW3: q5 | BX3: low5 | BY3: high5 | BZ3: mid6 | CA3: q6 | CB3: low6 | CC3: high6 | CD3: mid7 | CE3: q7 | CF3: low7 | CG3: high7 | CH3: mid8
A4: L01_P01_P02 | B4: P01 | C4: P02 | D4: L02_P02_P03 | E4: 14.2 | G4: =SUMIFS(CB_plan!$G:$G,CB_plan!$F:$F,$A4) -> 257.3 | H4: =IF(F4="",G4,F4) -> 257.3 | K4: =IF(A4="","",Inputs!$B$13/((IF(AV4="",Inputs!$B$18,AV4)+Inputs!$B$14)^Inputs!$B$15)) -> 122.22955 | L4: =IF(A4="","",IF(H4="","",0.000000278*IF(I4<>"",I4,IFERROR(SUMIFS(CB_plan!$H:$H,CB_plan!$F:$F,$A4)/SUMIFS(CB_plan!$G:$G,CB_plan!$F:$F,$A4),Inputs!$B$17))*H4*K4)) -> 0.005531914 | M4: =IF(A4="","",SUMIFS($N$4:$N$201,$D$4:$D$201,$A4)) -> 0.023168413 | N4: =IF(A4="","",(L4+M4)*Inputs!$B$16) -> 0.028700327 | P4: =IF(A4="","",IF(O4="",Inputs!$B$7,O4)) -> 0.01 | Q4: =IF(A4="","",IF(N4/Inputs!$B$10<=AG4,Inputs!$F$5,IF(N4/Inputs!$B$10>AP4,"OVERSIZE",INDEX(Inputs!$F$5:$F$14,MATCH(N4/Inputs!$B$10,AG4:AP4,1)+1)))) -> 250 | S4: =IF(A4="","",IF(R4="",Q4,R4)) -> 250 | T4: =IF(OR(S4="",S4="OVERSIZE"),"",S4/1000) -> 0.25 | U4: =IF(T4="","",(1/Inputs!$B$9)*(PI()*T4^2/4)*((T4/4)^(2/3))*SQRT(P4)) -> 0.059467529 | V4: =IF(OR(U4="",N4=""),"",N4/(U4*Inputs!$B$10)) -> 0.60327728 | W4: =IF(OR(T4="",N4=""),"",4*N4/(PI()*T4^2)) -> 0.58467827 | Y4: =IF(A4="","",IF(A4=Inputs!$B$6,Inputs!$B$22,IF(D4="","",IFERROR(INDEX($Z$4:$Z$201,MATCH(D4,$A$4:$A$201,0))+IF(X4="",Inputs!$B$20,X4),"")))) | Z4: =IF(OR(Y4="",P4="",E4=""),"",Y4+P4*E4) | AA4: =IF(C4="","",IFERROR(INDEX(Noeuds_plan!$C$4:$C$200,MATCH(C4,Noeuds_plan!$A$4:$A$200,0)),"")) -> 17.131 | AB4: =IF(B4="","",IFERROR(INDEX(Noeuds_plan!$C$4:$C$200,MATCH(B4,Noeuds_plan!$A$4:$A$200,0)),"")) -> 17.237 | AC4: =IF(OR(AA4="",Y4=""),"",AA4-Y4) | AD4: =IF(OR(AB4="",Z4=""),"",AB4-Z4) | AE4: =IF(A4="","",IF(OR(V4>1,AND(AY4<>"",AY4<Inputs!$B$11),AND(AY4<>"",AY4>Inputs!$B$12),AC4<Inputs!$B$19,AD4<Inputs!$B$19,P4<Inputs!$B$7,P4>Inputs!$B$8),"CHECK","OK")) -> OK | AF4: Top horizontal; Length updated from red dimension labels (2026-06-30 image). | AG4: =IF(A4="","",(1/Inputs!$B$9)*(PI()*(Inputs!$F$5/1000)^2/4)*((Inputs!$F$5/1000/4)^(2/3))*SQRT(P4)) -> 0.03279844 | AH4: =IF(A4="","",(1/Inputs!$B$9)*(PI()*(Inputs!$F$6/1000)^2/4)*((Inputs!$F$6/1000/4)^(2/3))*SQRT(P4)) -> 0.059467529 | AI4: =IF(A4="","",(1/Inputs!$B$9)*(PI()*(Inputs!$F$7/1000)^2/4)*((Inputs!$F$7/1000/4)^(2/3))*SQRT(P4)) -> 0.096700759 | AJ4: =IF(A4="","",(1/Inputs!$B$9)*(PI()*(Inputs!$F$8/1000)^2/4)*((Inputs!$F$8/1000/4)^(2/3))*SQRT(P4)) -> 0.17533014 | AK4: =IF(A4="","",(1/Inputs!$B$9)*(PI()*(Inputs!$F$9/1000)^2/4)*((Inputs!$F$9/1000/4)^(2/3))*SQRT(P4)) -> 0.28510614 | AL4: =IF(A4="","",(1/Inputs!$B$9)*(PI()*(Inputs!$F$10/1000)^2/4)*((Inputs!$F$10/1000/4)^(2/3))*SQRT(P4)) -> 0.43006227 | AM4: =IF(A4="","",(1/Inputs!$B$9)*(PI()*(Inputs!$F$11/1000)^2/4)*((Inputs!$F$11/1000/4)^(2/3))*SQRT(P4)) -> 0.61401154 | AN4: =IF(A4="","",(1/Inputs!$B$9)*(PI()*(Inputs!$F$12/1000)^2/4)*((Inputs!$F$12/1000/4)^(2/3))*SQRT(P4)) -> 0.84058815 | AO4: =IF(A4="","",(1/Inputs!$B$9)*(PI()*(Inputs!$F$13/1000)^2/4)*((Inputs!$F$13/1000/4)^(2/3))*SQRT(P4)) -> 1.113277 | AP4: =IF(A4="","",(1/Inputs!$B$9)*(PI()*(Inputs!$F$14/1000)^2/4)*((Inputs!$F$14/1000/4)^(2/3))*SQRT(P4)) -> 1.8103112 | AQ4: =IF(A4="","",COUNTIF($D$4:$D$201,$A4)) -> 1 | AR4: =IF(A4="","",IF(AQ4=0,"START","CONTINUOUS")) -> CONTINUOUS | AS4: =IF(A4="","",IF(J4="",Inputs!$B$18,J4)) -> 6 | AT4: =IF(A4="","",IFERROR(_xludf.maxifs($AV$4:$AV$201,$D$4:$D$201,$A4),"")) | AU4: =IF(A4="","",IF(OR(E4="",Inputs!$B$23=""),"",E4/(Inputs!$B$23*60))) -> 0.23666667 | AV4: =IF(A4="","",IF(AQ4=0,AS4+AU4,IF(AT4="",AS4+AU4,AT4+AU4))) -> 6.2366667 | AW4: =IF(A4="","",W4) -> 0.58467827 | AX4: =IF(OR(T4="",P4=""),"",(1/Inputs!$B$9)*((T4/4)^(2/3))*SQRT(P4)) -> 1.2114625 | AY4: =IF(A4="","",IF(AND(AW4="",AX4="",BA4=""),"",IF(OR(UPPER(TRIM(Inputs!$B$24))="MANNING",UPPER(TRIM(Inputs!$B$24))="M"),AX4,IF(OR(UPPER(TRIM(Inputs!$B$24))="PARTIAL",UPPER(TRIM(Inputs!$B$24))="P"),BA4,IF(OR(UPPER(TRIM(Inputs!$B$24))="MAX",UPPER(TRIM(Inputs!$B$24))="X"),MAX(IF(AW4="",0,AW4),IF(AX4="",0,AX4),IF(BA4="",0,BA4)),AW4))))) -> 1.2114625 | AZ4: =IF(BB4="","",CH4) -> 0.12220996 | BA4: =IF(OR(BB4="",AZ4="",T4="",T4<=0,AZ4<=0),"",BB4/((T4^2/8)*(2*ACOS(1-2*AZ4/T4)-SIN(2*ACOS(1-2*AZ4/T4))))) -> 1.2035577 | BB4: =IF(OR(N4="",BC4=""),"",MIN(N4,BC4)) -> 0.028700327 | BC4: =IF(OR(N4="",T4="",P4=""),"",IF(OR(T4="",P4="",(0.94*T4)="",T4<=0,(0.94*T4)<=0),"",(1/Inputs!$B$9)*((T4^2/8)*((2*ACOS(1-2*(0.94*T4)/T4))-SIN((2*ACOS(1-2*(0.94*T4)/T4)))))*((((T4^2/8)*((2*ACOS(1-2*(0.94*T4)/T4))-SIN((2*ACOS(1-2*(0.94*T4)/T4)))))/((T4/2)*((2*ACOS(1-2*(0.94*T4)/T4)))))^(2/3))*SQRT(P4))) -> 0.063967998 | BD4: =IF(BB4="","",0.001*T4) -> 0.00025 | BE4: =IF(BB4="","",0.94*T4) -> 0.235 | BF4: =IF(BB4="","",(BD4+BE4)/2) -> 0.117625 | BG4: =IF(OR(T4="",P4="",BF4="",T4<=0,BF4<=0),"",(1/Inputs!$B$9)*((T4^2/8)*((2*ACOS(1-2*BF4/T4))-SIN((2*ACOS(1-2*BF4/T4)))))*((((T4^2/8)*((2*ACOS(1-2*BF4/T4))-SIN((2*ACOS(1-2*BF4/T4)))))/((T4/2)*((2*ACOS(1-2*BF4/T4)))))^(2/3))*SQRT(P4)) -> 0.026782415 | BH4: =IF(BB4="","",IF(BG4<BB4,BF4,BD4)) -> 0.117625 | BI4: =IF(BB4="","",IF(BG4<BB4,BE4,BF4)) -> 0.235 | BJ4: =IF(BB4="","",(BH4+BI4)/2) -> 0.1763125 | BK4: =IF(OR(T4="",P4="",BJ4="",T4<=0,BJ4<=0),"",(1/Inputs!$B$9)*((T4^2/8)*((2*ACOS(1-2*BJ4/T4))-SIN((2*ACOS(1-2*BJ4/T4)))))*((((T4^2/8)*((2*ACOS(1-2*BJ4/T4))-SIN((2*ACOS(1-2*BJ4/T4)))))/((T4/2)*((2*ACOS(1-2*BJ4/T4)))))^(2/3))*SQRT(P4)) -> 0.050274513 | BL4: =IF(BB4="","",IF(BK4<BB4,BJ4,BH4)) -> 0.117625 | BM4: =IF(BB4="","",IF(BK4<BB4,BI4,BJ4)) -> 0.1763125 | BN4: =IF(BB4="","",(BL4+BM4)/2) -> 0.14696875 | BO4: =IF(OR(T4="",P4="",BN4="",T4<=0,BN4<=0),"",(1/Inputs!$B$9)*((T4^2/8)*((2*ACOS(1-2*BN4/T4))-SIN((2*ACOS(1-2*BN4/T4)))))*((((T4^2/8)*((2*ACOS(1-2*BN4/T4))-SIN((2*ACOS(1-2*BN4/T4)))))/((T4/2)*((2*ACOS(1-2*BN4/T4)))))^(2/3))*SQRT(P4)) -> 0.038714491 | BP4: =IF(BB4="","",IF(BO4<BB4,BN4,BL4)) -> 0.117625 | BQ4: =IF(BB4="","",IF(BO4<BB4,BM4,BN4)) -> 0.14696875 | BR4: =IF(BB4="","",(BP4+BQ4)/2) -> 0.13229687 | BS4: =IF(OR(T4="",P4="",BR4="",T4<=0,BR4<=0),"",(1/Inputs!$B$9)*((T4^2/8)*((2*ACOS(1-2*BR4/T4))-SIN((2*ACOS(1-2*BR4/T4)))))*((((T4^2/8)*((2*ACOS(1-2*BR4/T4))-SIN((2*ACOS(1-2*BR4/T4)))))/((T4/2)*((2*ACOS(1-2*BR4/T4)))))^(2/3))*SQRT(P4)) -> 0.032699717 | BT4: =IF(BB4="","",IF(BS4<BB4,BR4,BP4)) -> 0.117625 | BU4: =IF(BB4="","",IF(BS4<BB4,BQ4,BR4)) -> 0.13229687 | BV4: =IF(BB4="","",(BT4+BU4)/2) -> 0.12496094 | BW4: =IF(OR(T4="",P4="",BV4="",T4<=0,BV4<=0),"",(1/Inputs!$B$9)*((T4^2/8)*((2*ACOS(1-2*BV4/T4))-SIN((2*ACOS(1-2*BV4/T4)))))*((((T4^2/8)*((2*ACOS(1-2*BV4/T4))-SIN((2*ACOS(1-2*BV4/T4)))))/((T4/2)*((2*ACOS(1-2*BV4/T4)))))^(2/3))*SQRT(P4)) -> 0.029717991 | BX4: =IF(BB4="","",IF(BW4<BB4,BV4,BT4)) -> 0.117625 | BY4: =IF(BB4="","",IF(BW4<BB4,BU4,BV4)) -> 0.12496094 | BZ4: =IF(BB4="","",(BX4+BY4)/2) -> 0.12129297 | CA4: =IF(OR(T4="",P4="",BZ4="",T4<=0,BZ4<=0),"",(1/Inputs!$B$9)*((T4^2/8)*((2*ACOS(1-2*BZ4/T4))-SIN((2*ACOS(1-2*BZ4/T4)))))*((((T4^2/8)*((2*ACOS(1-2*BZ4/T4))-SIN((2*ACOS(1-2*BZ4/T4)))))/((T4/2)*((2*ACOS(1-2*BZ4/T4)))))^(2/3))*SQRT(P4)) -> 0.028243126 | CB4: =IF(BB4="","",IF(CA4<BB4,BZ4,BX4)) -> 0.12129297 | CC4: =IF(BB4="","",IF(CA4<BB4,BY4,BZ4)) -> 0.12496094 | CD4: =IF(BB4="","",(CB4+CC4)/2) -> 0.12312695 | CE4: =IF(OR(T4="",P4="",CD4="",T4<=0,CD4<=0),"",(1/Inputs!$B$9)*((T4^2/8)*((2*ACOS(1-2*CD4/T4))-SIN((2*ACOS(1-2*CD4/T4)))))*((((T4^2/8)*((2*ACOS(1-2*CD4/T4))-SIN((2*ACOS(1-2*CD4/T4)))))/((T4/2)*((2*ACOS(1-2*CD4/T4)))))^(2/3))*SQRT(P4)) -> 0.02897895 | CF4: =IF(BB4="","",IF(CE4<BB4,CD4,CB4)) -> 0.12129297 | CG4: =IF(BB4="","",IF(CE4<BB4,CC4,CD4)) -> 0.12312695 | CH4: =IF(BB4="","",(CF4+CG4)/2) -> 0.12220996
A5: L02_P02_P03 | B5: P02 | C5: P03 | D5: L03_P03_P10 | E5: 10.6 | G5: =SUMIFS(CB_plan!$G:$G,CB_plan!$F:$F,$A5) -> 467.89 | H5: =IF(F5="",G5,F5) -> 467.89 | K5: =IF(A5="","",Inputs!$B$13/((IF(AV5="",Inputs!$B$18,AV5)+Inputs!$B$14)^Inputs!$B$15)) -> 122.74928 | L5: =IF(A5="","",IF(H5="","",0.000000278*IF(I5<>"",I5,IFERROR(SUMIFS(CB_plan!$H:$H,CB_plan!$F:$F,$A5)/SUMIFS(CB_plan!$G:$G,CB_plan!$F:$F,$A5),Inputs!$B$17))*H5*K5)) -> 0.010248585 | M5: =IF(A5="","",SUMIFS($N$4:$N$201,$D$4:$D$201,$A5)) -> 0.028700327 | N5: =IF(A5="","",(L5+M5)*Inputs!$B$16) -> 0.038948912 | P5: =IF(A5="","",IF(O5="",Inputs!$B$7,O5)) -> 0.01 | Q5: =IF(A5="","",IF(N5/Inputs!$B$10<=AG5,Inputs!$F$5,IF(N5/Inputs!$B$10>AP5,"OVERSIZE",INDEX(Inputs!$F$5:$F$14,MATCH(N5/Inputs!$B$10,AG5:AP5,1)+1)))) -> 250 | R5: 300 | S5: =IF(A5="","",IF(R5="",Q5,R5)) -> 300 | T5: =IF(OR(S5="",S5="OVERSIZE"),"",S5/1000) -> 0.3 | U5: =IF(T5="","",(1/Inputs!$B$9)*(PI()*T5^2/4)*((T5/4)^(2/3))*SQRT(P5)) -> 0.096700759 | V5: =IF(OR(U5="",N5=""),"",N5/(U5*Inputs!$B$10)) -> 0.50347217 | W5: =IF(OR(T5="",N5=""),"",4*N5/(PI()*T5^2)) -> 0.5510144 | Y5: =IF(A5="","",IF(A5=Inputs!$B$6,Inputs!$B$22,IF(D5="","",IFERROR(INDEX($Z$4:$Z$201,MATCH(D5,$A$4:$A$201,0))+IF(X5="",Inputs!$B$20,X5),"")))) | Z5: =IF(OR(Y5="",P5="",E5=""),"",Y5+P5*E5) | AA5: =IF(C5="","",IFERROR(INDEX(Noeuds_plan!$C$4:$C$200,MATCH(C5,Noeuds_plan!$A$4:$A$200,0)),"")) -> 17.01 | AB5: =IF(B5="","",IFERROR(INDEX(Noeuds_plan!$C$4:$C$200,MATCH(B5,Noeuds_plan!$A$4:$A$200,0)),"")) -> 17.131 | AC5: =IF(OR(AA5="",Y5=""),"",AA5-Y5) | AD5: =IF(OR(AB5="",Z5=""),"",AB5-Z5) | AE5: =IF(A5="","",IF(OR(V5>1,AND(AY5<>"",AY5<Inputs!$B$11),AND(AY5<>"",AY5>Inputs!$B$12),AC5<Inputs!$B$19,AD5<Inputs!$B$19,P5<Inputs!$B$7,P5>Inputs!$B$8),"CHECK","OK")) -> OK | AF5: Top horizontal (from image); Length updated from red dimension labels (2026-06-30 image). | AG5: =IF(A5="","",(1/Inputs!$B$9)*(PI()*(Inputs!$F$5/1000)^2/4)*((Inputs!$F$5/1000/4)^(2/3))*SQRT(P5)) -> 0.03279844 | AH5: =IF(A5="","",(1/Inputs!$B$9)*(PI()*(Inputs!$F$6/1000)^2/4)*((Inputs!$F$6/1000/4)^(2/3))*SQRT(P5)) -> 0.059467529 | AI5: =IF(A5="","",(1/Inputs!$B$9)*(PI()*(Inputs!$F$7/1000)^2/4)*((Inputs!$F$7/1000/4)^(2/3))*SQRT(P5)) -> 0.096700759 | AJ5: =IF(A5="","",(1/Inputs!$B$9)*(PI()*(Inputs!$F$8/1000)^2/4)*((Inputs!$F$8/1000/4)^(2/3))*SQRT(P5)) -> 0.17533014 | AK5: =IF(A5="","",(1/Inputs!$B$9)*(PI()*(Inputs!$F$9/1000)^2/4)*((Inputs!$F$9/1000/4)^(2/3))*SQRT(P5)) -> 0.28510614 | AL5: =IF(A5="","",(1/Inputs!$B$9)*(PI()*(Inputs!$F$10/1000)^2/4)*((Inputs!$F$10/1000/4)^(2/3))*SQRT(P5)) -> 0.43006227 | AM5: =IF(A5="","",(1/Inputs!$B$9)*(PI()*(Inputs!$F$11/1000)^2/4)*((Inputs!$F$11/1000/4)^(2/3))*SQRT(P5)) -> 0.61401154 | AN5: =IF(A5="","",(1/Inputs!$B$9)*(PI()*(Inputs!$F$12/1000)^2/4)*((Inputs!$F$12/1000/4)^(2/3))*SQRT(P5)) -> 0.84058815 | AO5: =IF(A5="","",(1/Inputs!$B$9)*(PI()*(Inputs!$F$13/1000)^2/4)*((Inputs!$F$13/1000/4)^(2/3))*SQRT(P5)) -> 1.113277 | AP5: =IF(A5="","",(1/Inputs!$B$9)*(PI()*(Inputs!$F$14/1000)^2/4)*((Inputs!$F$14/1000/4)^(2/3))*SQRT(P5)) -> 1.8103112 | AQ5: =IF(A5="","",COUNTIF($D$4:$D$201,$A5)) -> 1 | AR5: =IF(A5="","",IF(AQ5=0,"START","CONTINUOUS")) -> CONTINUOUS | AS5: =IF(A5="","",IF(J5="",Inputs!$B$18,J5)) -> 6 | AT5: =IF(A5="","",IFERROR(_xludf.maxifs($AV$4:$AV$201,$D$4:$D$201,$A5),"")) | AU5: =IF(A5="","",IF(OR(E5="",Inputs!$B$23=""),"",E5/(Inputs!$B$23*60))) -> 0.17666667 | AV5: =IF(A5="","",IF(AQ5=0,AS5+AU5,IF(AT5="",AS5+AU5,AT5+AU5))) -> 6.1766667 | AW5: =IF(A5="","",W5) -> 0.5510144 | AX5: =IF(OR(T5="",P5=""),"",(1/Inputs!$B$9)*((T5/4)^(2/3))*SQRT(P5)) -> 1.3680359 | AY5: =IF(A5="","",IF(AND(AW5="",AX5="",BA5=""),"",IF(OR(UPPER(TRIM(Inputs!$B$24))="MANNING",UPPER(TRIM(Inputs!$B$24))="M"),AX5,IF(OR(UPPER(TRIM(Inputs!$B$24))="PARTIAL",UPPER(TRIM(Inputs!$B$24))="P"),BA5,IF(OR(UPPER(TRIM(Inputs!$B$24))="MAX",UPPER(TRIM(Inputs!$B$24))="X"),MAX(IF(AW5="",0,AW5),IF(AX5="",0,AX5),IF(BA5="",0,BA5)),AW5))))) -> 1.3680359 | AZ5: =IF(BB5="","",CH5) -> 0.13344727 | BA5: =IF(OR(BB5="",AZ5="",T5="",T5<=0,AZ5<=0),"",BB5/((T5^2/8)*(2*ACOS(1-2*AZ5/T5)-SIN(2*ACOS(1-2*AZ5/T5))))) -> 1.2817542 | BB5: =IF(OR(N5="",BC5=""),"",MIN(N5,BC5)) -> 0.038948912 | BC5: =IF(OR(N5="",T5="",P5=""),"",IF(OR(T5="",P5="",(0.94*T5)="",T5<=0,(0.94*T5)<=0),"",(1/Inputs!$B$9)*((T5^2/8)*((2*ACOS(1-2*(0.94*T5)/T5))-SIN((2*ACOS(1-2*(0.94*T5)/T5)))))*((((T5^2/8)*((2*ACOS(1-2*(0.94*T5)/T5))-SIN((2*ACOS(1-2*(0.94*T5)/T5)))))/((T5/2)*((2*ACOS(1-2*(0.94*T5)/T5)))))^(2/3))*SQRT(P5))) -> 0.10401902 | BD5: =IF(BB5="","",0.001*T5) -> 0.0003 | BE5: =IF(BB5="","",0.94*T5) -> 0.282 | BF5: =IF(BB5="","",(BD5+BE5)/2) -> 0.14115 | BG5: =IF(OR(T5="",P5="",BF5="",T5<=0,BF5<=0),"",(1/Inputs!$B$9)*((T5^2/8)*((2*ACOS(1-2*BF5/T5))-SIN((2*ACOS(1-2*BF5/T5)))))*((((T5^2/8)*((2*ACOS(1-2*BF5/T5))-SIN((2*ACOS(1-2*BF5/T5)))))/((T5/2)*((2*ACOS(1-2*BF5/T5)))))^(2/3))*SQRT(P5)) -> 0.04355116 | BH5: =IF(BB5="","",IF(BG5<BB5,BF5,BD5)) -> 0.0003 | BI5: =IF(BB5="","",IF(BG5<BB5,BE5,BF5)) -> 0.14115 | BJ5: =IF(BB5="","",(BH5+BI5)/2) -> 0.070725 | BK5: =IF(OR(T5="",P5="",BJ5="",T5<=0,BJ5<=0),"",(1/Inputs!$B$9)*((T5^2/8)*((2*ACOS(1-2*BJ5/T5))-SIN((2*ACOS(1-2*BJ5/T5)))))*((((T5^2/8)*((2*ACOS(1-2*BJ5/T5))-SIN((2*ACOS(1-2*BJ5/T5)))))/((T5/2)*((2*ACOS(1-2*BJ5/T5)))))^(2/3))*SQRT(P5)) -> 0.011786906 | BL5: =IF(BB5="","",IF(BK5<BB5,BJ5,BH5)) -> 0.070725 | BM5: =IF(BB5="","",IF(BK5<BB5,BI5,BJ5)) -> 0.14115 | BN5: =IF(BB5="","",(BL5+BM5)/2) -> 0.1059375 | BO5: =IF(OR(T5="",P5="",BN5="",T5<=0,BN5<=0),"",(1/Inputs!$B$9)*((T5^2/8)*((2*ACOS(1-2*BN5/T5))-SIN((2*ACOS(1-2*BN5/T5)))))*((((T5^2/8)*((2*ACOS(1-2*BN5/T5))-SIN((2*ACOS(1-2*BN5/T5)))))/((T5/2)*((2*ACOS(1-2*BN5/T5)))))^(2/3))*SQRT(P5)) -> 0.025855745 | BP5: =IF(BB5="","",IF(BO5<BB5,BN5,BL5)) -> 0.1059375 | BQ5: =IF(BB5="","",IF(BO5<BB5,BM5,BN5)) -> 0.14115 | BR5: =IF(BB5="","",(BP5+BQ5)/2) -> 0.12354375 | BS5: =IF(OR(T5="",P5="",BR5="",T5<=0,BR5<=0),"",(1/Inputs!$B$9)*((T5^2/8)*((2*ACOS(1-2*BR5/T5))-SIN((2*ACOS(1-2*BR5/T5)))))*((((T5^2/8)*((2*ACOS(1-2*BR5/T5))-SIN((2*ACOS(1-2*BR5/T5)))))/((T5/2)*((2*ACOS(1-2*BR5/T5)))))^(2/3))*SQRT(P5)) -> 0.034361658 | BT5: =IF(BB5="","",IF(BS5<BB5,BR5,BP5)) -> 0.12354375 | BU5: =IF(BB5="","",IF(BS5<BB5,BQ5,BR5)) -> 0.14115 | BV5: =IF(BB5="","",(BT5+BU5)/2) -> 0.13234688 | BW5: =IF(OR(T5="",P5="",BV5="",T5<=0,BV5<=0),"",(1/Inputs!$B$9)*((T5^2/8)*((2*ACOS(1-2*BV5/T5))-SIN((2*ACOS(1-2*BV5/T5)))))*((((T5^2/8)*((2*ACOS(1-2*BV5/T5))-SIN((2*ACOS(1-2*BV5/T5)))))/((T5/2)*((2*ACOS(1-2*BV5/T5)))))^(2/3))*SQRT(P5)) -> 0.038886121 | BX5: =IF(BB5="","",IF(BW5<BB5,BV5,BT5)) -> 0.13234688 | BY5: =IF(BB5="","",IF(BW5<BB5,BU5,BV5)) -> 0.14115 | BZ5: =IF(BB5="","",(BX5+BY5)/2) -> 0.13674844 | CA5: =IF(OR(T5="",P5="",BZ5="",T5<=0,BZ5<=0),"",(1/Inputs!$B$9)*((T5^2/8)*((2*ACOS(1-2*BZ5/T5))-SIN((2*ACOS(1-2*BZ5/T5)))))*((((T5^2/8)*((2*ACOS(1-2*BZ5/T5))-SIN((2*ACOS(1-2*BZ5/T5)))))/((T5/2)*((2*ACOS(1-2*BZ5/T5)))))^(2/3))*SQRT(P5)) -> 0.041203039 | CB5: =IF(BB5="","",IF(CA5<BB5,BZ5,BX5)) -> 0.13234688 | CC5: =IF(BB5="","",IF(CA5<BB5,BY5,BZ5)) -> 0.13674844 | CD5: =IF(BB5="","",(CB5+CC5)/2) -> 0.13454766 | CE5: =IF(OR(T5="",P5="",CD5="",T5<=0,CD5<=0),"",(1/Inputs!$B$9)*((T5^2/8)*((2*ACOS(1-2*CD5/T5))-SIN((2*ACOS(1-2*CD5/T5)))))*((((T5^2/8)*((2*ACOS(1-2*CD5/T5))-SIN((2*ACOS(1-2*CD5/T5)))))/((T5/2)*((2*ACOS(1-2*CD5/T5)))))^(2/3))*SQRT(P5)) -> 0.04004043 | CF5: =IF(BB5="","",IF(CE5<BB5,CD5,CB5)) -> 0.13234688 | CG5: =IF(BB5="","",IF(CE5<BB5,CC5,CD5)) -> 0.13454766 | CH5: =IF(BB5="","",(CF5+CG5)/2) -> 0.13344727
A6: L03_P03_P10 | B6: P03 | C6: P10 | D6: L10_P10_P11 | E6: 6.8 | G6: =SUMIFS(CB_plan!$G:$G,CB_plan!$F:$F,$A6) -> 0 | H6: =IF(F6="",G6,F6) -> 0 | K6: =IF(A6="","",Inputs!$B$13/((IF(AV6="",Inputs!$B$18,AV6)+Inputs!$B$14)^Inputs!$B$15)) -> 123.30405 | L6: =IF(A6="","",IF(H6="","",0.000000278*IF(I6<>"",I6,IFERROR(SUMIFS(CB_plan!$H:$H,CB_plan!$F:$F,$A6)/SUMIFS(CB_plan!$G:$G,CB_plan!$F:$F,$A6),Inputs!$B$17))*H6*K6)) -> 0 | M6: =IF(A6="","",SUMIFS($N$4:$N$201,$D$4:$D$201,$A6)) -> 0.038948912 | N6: =IF(A6="","",(L6+M6)*Inputs!$B$16) -> 0.038948912 | P6: =IF(A6="","",IF(O6="",Inputs!$B$7,O6)) -> 0.01 | Q6: =IF(A6="","",IF(N6/Inputs!$B$10<=AG6,Inputs!$F$5,IF(N6/Inputs!$B$10>AP6,"OVERSIZE",INDEX(Inputs!$F$5:$F$14,MATCH(N6/Inputs!$B$10,AG6:AP6,1)+1)))) -> 250 | R6: 375 | S6: =IF(A6="","",IF(R6="",Q6,R6)) -> 375 | T6: =IF(OR(S6="",S6="OVERSIZE"),"",S6/1000) -> 0.375 | U6: =IF(T6="","",(1/Inputs!$B$9)*(PI()*T6^2/4)*((T6/4)^(2/3))*SQRT(P6)) -> 0.17533014 | V6: =IF(OR(U6="",N6=""),"",N6/(U6*Inputs!$B$10)) -> 0.27768266 | W6: =IF(OR(T6="",N6=""),"",4*N6/(PI()*T6^2)) -> 0.35264921 | Y6: =IF(A6="","",IF(A6=Inputs!$B$6,Inputs!$B$22,IF(D6="","",IFERROR(INDEX($Z$4:$Z$201,MATCH(D6,$A$4:$A$201,0))+IF(X6="",Inputs!$B$20,X6),"")))) | Z6: =IF(OR(Y6="",P6="",E6=""),"",Y6+P6*E6) | AA6: =IF(C6="","",IFERROR(INDEX(Noeuds_plan!$C$4:$C$200,MATCH(C6,Noeuds_plan!$A$4:$A$200,0)),"")) -> 16.965 | AB6: =IF(B6="","",IFERROR(INDEX(Noeuds_plan!$C$4:$C$200,MATCH(B6,Noeuds_plan!$A$4:$A$200,0)),"")) -> 17.01 | AC6: =IF(OR(AA6="",Y6=""),"",AA6-Y6) | AD6: =IF(OR(AB6="",Z6=""),"",AB6-Z6) | AE6: =IF(A6="","",IF(OR(V6>1,AND(AY6<>"",AY6<Inputs!$B$11),AND(AY6<>"",AY6>Inputs!$B$12),AC6<Inputs!$B$19,AD6<Inputs!$B$19,P6<Inputs!$B$7,P6>Inputs!$B$8),"CHECK","OK")) -> OK | AF6: Connection P03 -> RP100 (from image); Length updated from red dimension labels (2026-06-30 image). | AG6: =IF(A6="","",(1/Inputs!$B$9)*(PI()*(Inputs!$F$5/1000)^2/4)*((Inputs!$F$5/1000/4)^(2/3))*SQRT(P6)) -> 0.03279844 | AH6: =IF(A6="","",(1/Inputs!$B$9)*(PI()*(Inputs!$F$6/1000)^2/4)*((Inputs!$F$6/1000/4)^(2/3))*SQRT(P6)) -> 0.059467529 | AI6: =IF(A6="","",(1/Inputs!$B$9)*(PI()*(Inputs!$F$7/1000)^2/4)*((Inputs!$F$7/1000/4)^(2/3))*SQRT(P6)) -> 0.096700759 | AJ6: =IF(A6="","",(1/Inputs!$B$9)*(PI()*(Inputs!$F$8/1000)^2/4)*((Inputs!$F$8/1000/4)^(2/3))*SQRT(P6)) -> 0.17533014 | AK6: =IF(A6="","",(1/Inputs!$B$9)*(PI()*(Inputs!$F$9/1000)^2/4)*((Inputs!$F$9/1000/4)^(2/3))*SQRT(P6)) -> 0.28510614 | AL6: =IF(A6="","",(1/Inputs!$B$9)*(PI()*(Inputs!$F$10/1000)^2/4)*((Inputs!$F$10/1000/4)^(2/3))*SQRT(P6)) -> 0.43006227 | AM6: =IF(A6="","",(1/Inputs!$B$9)*(PI()*(Inputs!$F$11/1000)^2/4)*((Inputs!$F$11/1000/4)^(2/3))*SQRT(P6)) -> 0.61401154 | AN6: =IF(A6="","",(1/Inputs!$B$9)*(PI()*(Inputs!$F$12/1000)^2/4)*((Inputs!$F$12/1000/4)^(2/3))*SQRT(P6)) -> 0.84058815 | AO6: =IF(A6="","",(1/Inputs!$B$9)*(PI()*(Inputs!$F$13/1000)^2/4)*((Inputs!$F$13/1000/4)^(2/3))*SQRT(P6)) -> 1.113277 | AP6: =IF(A6="","",(1/Inputs!$B$9)*(PI()*(Inputs!$F$14/1000)^2/4)*((Inputs!$F$14/1000/4)^(2/3))*SQRT(P6)) -> 1.8103112 | AQ6: =IF(A6="","",COUNTIF($D$4:$D$201,$A6)) -> 1 | AR6: =IF(A6="","",IF(AQ6=0,"START","CONTINUOUS")) -> CONTINUOUS | AS6: =IF(A6="","",IF(J6="",Inputs!$B$18,J6)) -> 6 | AT6: =IF(A6="","",IFERROR(_xludf.maxifs($AV$4:$AV$201,$D$4:$D$201,$A6),"")) | AU6: =IF(A6="","",IF(OR(E6="",Inputs!$B$23=""),"",E6/(Inputs!$B$23*60))) -> 0.11333333 | AV6: =IF(A6="","",IF(AQ6=0,AS6+AU6,IF(AT6="",AS6+AU6,AT6+AU6))) -> 6.1133333 | AW6: =IF(A6="","",W6) -> 0.35264921 | AX6: =IF(OR(T6="",P6=""),"",(1/Inputs!$B$9)*((T6/4)^(2/3))*SQRT(P6)) -> 1.587465 | AY6: =IF(A6="","",IF(AND(AW6="",AX6="",BA6=""),"",IF(OR(UPPER(TRIM(Inputs!$B$24))="MANNING",UPPER(TRIM(Inputs!$B$24))="M"),AX6,IF(OR(UPPER(TRIM(Inputs!$B$24))="PARTIAL",UPPER(TRIM(Inputs!$B$24))="P"),BA6,IF(OR(UPPER(TRIM(Inputs!$B$24))="MAX",UPPER(TRIM(Inputs!$B$24))="X"),MAX(IF(AW6="",0,AW6),IF(AX6="",0,AX6),IF(BA6="",0,BA6)),AW6))))) -> 1.587465 | AZ6: =IF(BB6="","",CH6) -> 0.12004248 | BA6: =IF(OR(BB6="",AZ6="",T6="",T6<=0,AZ6<=0),"",BB6/((T6^2/8)*(2*ACOS(1-2*AZ6/T6)-SIN(2*ACOS(1-2*AZ6/T6))))) -> 1.2777016 | BB6: =IF(OR(N6="",BC6=""),"",MIN(N6,BC6)) -> 0.038948912 | BC6: =IF(OR(N6="",T6="",P6=""),"",IF(OR(T6="",P6="",(0.94*T6)="",T6<=0,(0.94*T6)<=0),"",(1/Inputs!$B$9)*((T6^2/8)*((2*ACOS(1-2*(0.94*T6)/T6))-SIN((2*ACOS(1-2*(0.94*T6)/T6)))))*((((T6^2/8)*((2*ACOS(1-2*(0.94*T6)/T6))-SIN((2*ACOS(1-2*(0.94*T6)/T6)))))/((T6/2)*((2*ACOS(1-2*(0.94*T6)/T6)))))^(2/3))*SQRT(P6))) -> 0.18859903 | BD6: =IF(BB6="","",0.001*T6) -> 0.000375 | BE6: =IF(BB6="","",0.94*T6) -> 0.3525 | BF6: =IF(BB6="","",(BD6+BE6)/2) -> 0.1764375 | BG6: =IF(OR(T6="",P6="",BF6="",T6<=0,BF6<=0),"",(1/Inputs!$B$9)*((T6^2/8)*((2*ACOS(1-2*BF6/T6))-SIN((2*ACOS(1-2*BF6/T6)))))*((((T6^2/8)*((2*ACOS(1-2*BF6/T6))-SIN((2*ACOS(1-2*BF6/T6)))))/((T6/2)*((2*ACOS(1-2*BF6/T6)))))^(2/3))*SQRT(P6)) -> 0.078963508 | BH6: =IF(BB6="","",IF(BG6<BB6,BF6,BD6)) -> 0.000375 | BI6: =IF(BB6="","",IF(BG6<BB6,BE6,BF6)) -> 0.1764375 | BJ6: =IF(BB6="","",(BH6+BI6)/2) -> 0.08840625 | BK6: =IF(OR(T6="",P6="",BJ6="",T6<=0,BJ6<=0),"",(1/Inputs!$B$9)*((T6^2/8)*((2*ACOS(1-2*BJ6/T6))-SIN((2*ACOS(1-2*BJ6/T6)))))*((((T6^2/8)*((2*ACOS(1-2*BJ6/T6))-SIN((2*ACOS(1-2*BJ6/T6)))))/((T6/2)*((2*ACOS(1-2*BJ6/T6)))))^(2/3))*SQRT(P6)) -> 0.021371082 | BL6: =IF(BB6="","",IF(BK6<BB6,BJ6,BH6)) -> 0.08840625 | BM6: =IF(BB6="","",IF(BK6<BB6,BI6,BJ6)) -> 0.1764375 | BN6: =IF(BB6="","",(BL6+BM6)/2) -> 0.13242187 | BO6: =IF(OR(T6="",P6="",BN6="",T6<=0,BN6<=0),"",(1/Inputs!$B$9)*((T6^2/8)*((2*ACOS(1-2*BN6/T6))-SIN((2*ACOS(1-2*BN6/T6)))))*((((T6^2/8)*((2*ACOS(1-2*BN6/T6))-SIN((2*ACOS(1-2*BN6/T6)))))/((T6/2)*((2*ACOS(1-2*BN6/T6)))))^(2/3))*SQRT(P6)) -> 0.046879585 | BP6: =IF(BB6="","",IF(BO6<BB6,BN6,BL6)) -> 0.08840625 | BQ6: =IF(BB6="","",IF(BO6<BB6,BM6,BN6)) -> 0.13242187 | BR6: =IF(BB6="","",(BP6+BQ6)/2) -> 0.11041406 | BS6: =IF(OR(T6="",P6="",BR6="",T6<=0,BR6<=0),"",(1/Inputs!$B$9)*((T6^2/8)*((2*ACOS(1-2*BR6/T6))-SIN((2*ACOS(1-2*BR6/T6)))))*((((T6^2/8)*((2*ACOS(1-2*BR6/T6))-SIN((2*ACOS(1-2*BR6/T6)))))/((T6/2)*((2*ACOS(1-2*BR6/T6)))))^(2/3))*SQRT(P6)) -> 0.033111622 | BT6: =IF(BB6="","",IF(BS6<BB6,BR6,BP6)) -> 0.11041406 | BU6: =IF(BB6="","",IF(BS6<BB6,BQ6,BR6)) -> 0.13242187 | BV6: =IF(BB6="","",(BT6+BU6)/2) -> 0.12141797 | BW6: =IF(OR(T6="",P6="",BV6="",T6<=0,BV6<=0),"",(1/Inputs!$B$9)*((T6^2/8)*((2*ACOS(1-2*BV6/T6))-SIN((2*ACOS(1-2*BV6/T6)))))*((((T6^2/8)*((2*ACOS(1-2*BV6/T6))-SIN((2*ACOS(1-2*BV6/T6)))))/((T6/2)*((2*ACOS(1-2*BV6/T6)))))^(2/3))*SQRT(P6)) -> 0.039764473 | BX6: =IF(BB6="","",IF(BW6<BB6,BV6,BT6)) -> 0.11041406 | BY6: =IF(BB6="","",IF(BW6<BB6,BU6,BV6)) -> 0.12141797 | BZ6: =IF(BB6="","",(BX6+BY6)/2) -> 0.11591602 | CA6: =IF(OR(T6="",P6="",BZ6="",T6<=0,BZ6<=0),"",(1/Inputs!$B$9)*((T6^2/8)*((2*ACOS(1-2*BZ6/T6))-SIN((2*ACOS(1-2*BZ6/T6)))))*((((T6^2/8)*((2*ACOS(1-2*BZ6/T6))-SIN((2*ACOS(1-2*BZ6/T6)))))/((T6/2)*((2*ACOS(1-2*BZ6/T6)))))^(2/3))*SQRT(P6)) -> 0.036377366 | CB6: =IF(BB6="","",IF(CA6<BB6,BZ6,BX6)) -> 0.11591602 | CC6: =IF(BB6="","",IF(CA6<BB6,BY6,BZ6)) -> 0.12141797 | CD6: =IF(BB6="","",(CB6+CC6)/2) -> 0.11866699 | CE6: =IF(OR(T6="",P6="",CD6="",T6<=0,CD6<=0),"",(1/Inputs!$B$9)*((T6^2/8)*((2*ACOS(1-2*CD6/T6))-SIN((2*ACOS(1-2*CD6/T6)))))*((((T6^2/8)*((2*ACOS(1-2*CD6/T6))-SIN((2*ACOS(1-2*CD6/T6)))))/((T6/2)*((2*ACOS(1-2*CD6/T6)))))^(2/3))*SQRT(P6)) -> 0.038056104 | CF6: =IF(BB6="","",IF(CE6<BB6,CD6,CB6)) -> 0.11866699 | CG6: =IF(BB6="","",IF(CE6<BB6,CC6,CD6)) -> 0.12141797 | CH6: =IF(BB6="","",(CF6+CG6)/2) -> 0.12004248
A7: L06_P09_P06 | B7: P09 | C7: P06 | D7: L07_P07_P06 | E7: 15.7 | G7: =SUMIFS(CB_plan!$G:$G,CB_plan!$F:$F,$A7) -> 446.75 | H7: =IF(F7="",G7,F7) -> 446.75 | K7: =IF(A7="","",Inputs!$B$13/((IF(AV7="",Inputs!$B$18,AV7)+Inputs!$B$14)^Inputs!$B$15)) -> 122.01465 | L7: =IF(A7="","",IF(H7="","",0.000000278*IF(I7<>"",I7,IFERROR(SUMIFS(CB_plan!$H:$H,CB_plan!$F:$F,$A7)/SUMIFS(CB_plan!$G:$G,CB_plan!$F:$F,$A7),Inputs!$B$17))*H7*K7)) -> 0.0064364187 | M7: =IF(A7="","",SUMIFS($N$4:$N$201,$D$4:$D$201,$A7)) -> 0 | N7: =IF(A7="","",(L7+M7)*Inputs!$B$16) -> 0.0064364187 | P7: =IF(A7="","",IF(O7="",Inputs!$B$7,O7)) -> 0.01 | Q7: =IF(A7="","",IF(N7/Inputs!$B$10<=AG7,Inputs!$F$5,IF(N7/Inputs!$B$10>AP7,"OVERSIZE",INDEX(Inputs!$F$5:$F$14,MATCH(N7/Inputs!$B$10,AG7:AP7,1)+1)))) -> 200 | S7: =IF(A7="","",IF(R7="",Q7,R7)) -> 200 | T7: =IF(OR(S7="",S7="OVERSIZE"),"",S7/1000) -> 0.2 | U7: =IF(T7="","",(1/Inputs!$B$9)*(PI()*T7^2/4)*((T7/4)^(2/3))*SQRT(P7)) -> 0.03279844 | V7: =IF(OR(U7="",N7=""),"",N7/(U7*Inputs!$B$10)) -> 0.24530201 | W7: =IF(OR(T7="",N7=""),"",4*N7/(PI()*T7^2)) -> 0.20487757 | Y7: =IF(A7="","",IF(A7=Inputs!$B$6,Inputs!$B$22,IF(D7="","",IFERROR(INDEX($Z$4:$Z$201,MATCH(D7,$A$4:$A$201,0))+IF(X7="",Inputs!$B$20,X7),"")))) | Z7: =IF(OR(Y7="",P7="",E7=""),"",Y7+P7*E7) | AA7: =IF(C7="","",IFERROR(INDEX(Noeuds_plan!$C$4:$C$200,MATCH(C7,Noeuds_plan!$A$4:$A$200,0)),"")) -> 17.14 | AB7: =IF(B7="","",IFERROR(INDEX(Noeuds_plan!$C$4:$C$200,MATCH(B7,Noeuds_plan!$A$4:$A$200,0)),"")) -> 17.62 | AC7: =IF(OR(AA7="",Y7=""),"",AA7-Y7) | AD7: =IF(OR(AB7="",Z7=""),"",AB7-Z7) | AE7: =IF(A7="","",IF(OR(V7>1,AND(AY7<>"",AY7<Inputs!$B$11),AND(AY7<>"",AY7>Inputs!$B$12),AC7<Inputs!$B$19,AD7<Inputs!$B$19,P7<Inputs!$B$7,P7>Inputs!$B$8),"CHECK","OK")) -> OK | AF7: Connection P06 -> RP100 (verify if needed); Length updated from red dimension labels (2026-06-30 image). | AG7: =IF(A7="","",(1/Inputs!$B$9)*(PI()*(Inputs!$F$5/1000)^2/4)*((Inputs!$F$5/1000/4)^(2/3))*SQRT(P7)) -> 0.03279844 | AH7: =IF(A7="","",(1/Inputs!$B$9)*(PI()*(Inputs!$F$6/1000)^2/4)*((Inputs!$F$6/1000/4)^(2/3))*SQRT(P7)) -> 0.059467529 | AI7: =IF(A7="","",(1/Inputs!$B$9)*(PI()*(Inputs!$F$7/1000)^2/4)*((Inputs!$F$7/1000/4)^(2/3))*SQRT(P7)) -> 0.096700759 | AJ7: =IF(A7="","",(1/Inputs!$B$9)*(PI()*(Inputs!$F$8/1000)^2/4)*((Inputs!$F$8/1000/4)^(2/3))*SQRT(P7)) -> 0.17533014 | AK7: =IF(A7="","",(1/Inputs!$B$9)*(PI()*(Inputs!$F$9/1000)^2/4)*((Inputs!$F$9/1000/4)^(2/3))*SQRT(P7)) -> 0.28510614 | AL7: =IF(A7="","",(1/Inputs!$B$9)*(PI()*(Inputs!$F$10/1000)^2/4)*((Inputs!$F$10/1000/4)^(2/3))*SQRT(P7)) -> 0.43006227 | AM7: =IF(A7="","",(1/Inputs!$B$9)*(PI()*(Inputs!$F$11/1000)^2/4)*((Inputs!$F$11/1000/4)^(2/3))*SQRT(P7)) -> 0.61401154 | AN7: =IF(A7="","",(1/Inputs!$B$9)*(PI()*(Inputs!$F$12/1000)^2/4)*((Inputs!$F$12/1000/4)^(2/3))*SQRT(P7)) -> 0.84058815 | AO7: =IF(A7="","",(1/Inputs!$B$9)*(PI()*(Inputs!$F$13/1000)^2/4)*((Inputs!$F$13/1000/4)^(2/3))*SQRT(P7)) -> 1.113277 | AP7: =IF(A7="","",(1/Inputs!$B$9)*(PI()*(Inputs!$F$14/1000)^2/4)*((Inputs!$F$14/1000/4)^(2/3))*SQRT(P7)) -> 1.8103112 | AQ7: =IF(A7="","",COUNTIF($D$4:$D$201,$A7)) -> 0 | AR7: =IF(A7="","",IF(AQ7=0,"START","CONTINUOUS")) -> START | AS7: =IF(A7="","",IF(J7="",Inputs!$B$18,J7)) -> 6 | AT7: =IF(A7="","",IFERROR(_xludf.maxifs($AV$4:$AV$201,$D$4:$D$201,$A7),"")) | AU7: =IF(A7="","",IF(OR(E7="",Inputs!$B$23=""),"",E7/(Inputs!$B$23*60))) -> 0.26166667 | AV7: =IF(A7="","",IF(AQ7=0,AS7+AU7,IF(AT7="",AS7+AU7,AT7+AU7))) -> 6.2616667 | AW7: =IF(A7="","",W7) -> 0.20487757 | AX7: =IF(OR(T7="",P7=""),"",(1/Inputs!$B$9)*((T7/4)^(2/3))*SQRT(P7)) -> 1.0440068 | AY7: =IF(A7="","",IF(AND(AW7="",AX7="",BA7=""),"",IF(OR(UPPER(TRIM(Inputs!$B$24))="MANNING",UPPER(TRIM(Inputs!$B$24))="M"),AX7,IF(OR(UPPER(TRIM(Inputs!$B$24))="PARTIAL",UPPER(TRIM(Inputs!$B$24))="P"),BA7,IF(OR(UPPER(TRIM(Inputs!$B$24))="MAX",UPPER(TRIM(Inputs!$B$24))="X"),MAX(IF(AW7="",0,AW7),IF(AX7="",0,AX7),IF(BA7="",0,BA7)),AW7))))) -> 1.0440068 | AZ7: =IF(BB7="","",CH7) -> 0.059621094 | BA7: =IF(OR(BB7="",AZ7="",T7="",T7<=0,AZ7<=0),"",BB7/((T7^2/8)*(2*ACOS(1-2*AZ7/T7)-SIN(2*ACOS(1-2*AZ7/T7))))) -> 0.81915974 | BB7: =IF(OR(N7="",BC7=""),"",MIN(N7,BC7)) -> 0.0064364187 | BC7: =IF(OR(N7="",T7="",P7=""),"",IF(OR(T7="",P7="",(0.94*T7)="",T7<=0,(0.94*T7)<=0),"",(1/Inputs!$B$9)*((T7^2/8)*((2*ACOS(1-2*(0.94*T7)/T7))-SIN((2*ACOS(1-2*(0.94*T7)/T7)))))*((((T7^2/8)*((2*ACOS(1-2*(0.94*T7)/T7))-SIN((2*ACOS(1-2*(0.94*T7)/T7)))))/((T7/2)*((2*ACOS(1-2*(0.94*T7)/T7)))))^(2/3))*SQRT(P7))) -> 0.035280608 | BD7: =IF(BB7="","",0.001*T7) -> 0.0002 | BE7: =IF(BB7="","",0.94*T7) -> 0.188 | BF7: =IF(BB7="","",(BD7+BE7)/2) -> 0.0941 | BG7: =IF(OR(T7="",P7="",BF7="",T7<=0,BF7<=0),"",(1/Inputs!$B$9)*((T7^2/8)*((2*ACOS(1-2*BF7/T7))-SIN((2*ACOS(1-2*BF7/T7)))))*((((T7^2/8)*((2*ACOS(1-2*BF7/T7))-SIN((2*ACOS(1-2*BF7/T7)))))/((T7/2)*((2*ACOS(1-2*BF7/T7)))))^(2/3))*SQRT(P7)) -> 0.014771447 | BH7: =IF(BB7="","",IF(BG7<BB7,BF7,BD7)) -> 0.0002 | BI7: =IF(BB7="","",IF(BG7<BB7,BE7,BF7)) -> 0.0941 | BJ7: =IF(BB7="","",(BH7+BI7)/2) -> 0.04715 | BK7: =IF(OR(T7="",P7="",BJ7="",T7<=0,BJ7<=0),"",(1/Inputs!$B$9)*((T7^2/8)*((2*ACOS(1-2*BJ7/T7))-SIN((2*ACOS(1-2*BJ7/T7)))))*((((T7^2/8)*((2*ACOS(1-2*BJ7/T7))-SIN((2*ACOS(1-2*BJ7/T7)))))/((T7/2)*((2*ACOS(1-2*BJ7/T7)))))^(2/3))*SQRT(P7)) -> 0.0039978189 | BL7: =IF(BB7="","",IF(BK7<BB7,BJ7,BH7)) -> 0.04715 | BM7: =IF(BB7="","",IF(BK7<BB7,BI7,BJ7)) -> 0.0941 | BN7: =IF(BB7="","",(BL7+BM7)/2) -> 0.070625 | BO7: =IF(OR(T7="",P7="",BN7="",T7<=0,BN7<=0),"",(1/Inputs!$B$9)*((T7^2/8)*((2*ACOS(1-2*BN7/T7))-SIN((2*ACOS(1-2*BN7/T7)))))*((((T7^2/8)*((2*ACOS(1-2*BN7/T7))-SIN((2*ACOS(1-2*BN7/T7)))))/((T7/2)*((2*ACOS(1-2*BN7/T7)))))^(2/3))*SQRT(P7)) -> 0.0087696117 | BP7: =IF(BB7="","",IF(BO7<BB7,BN7,BL7)) -> 0.04715 | BQ7: =IF(BB7="","",IF(BO7<BB7,BM7,BN7)) -> 0.070625 | BR7: =IF(BB7="","",(BP7+BQ7)/2) -> 0.0588875 | BS7: =IF(OR(T7="",P7="",BR7="",T7<=0,BR7<=0),"",(1/Inputs!$B$9)*((T7^2/8)*((2*ACOS(1-2*BR7/T7))-SIN((2*ACOS(1-2*BR7/T7)))))*((((T7^2/8)*((2*ACOS(1-2*BR7/T7))-SIN((2*ACOS(1-2*BR7/T7)))))/((T7/2)*((2*ACOS(1-2*BR7/T7)))))^(2/3))*SQRT(P7)) -> 0.0061940835 | BT7: =IF(BB7="","",IF(BS7<BB7,BR7,BP7)) -> 0.0588875 | BU7: =IF(BB7="","",IF(BS7<BB7,BQ7,BR7)) -> 0.070625 | BV7: =IF(BB7="","",(BT7+BU7)/2) -> 0.06475625 | BW7: =IF(OR(T7="",P7="",BV7="",T7<=0,BV7<=0),"",(1/Inputs!$B$9)*((T7^2/8)*((2*ACOS(1-2*BV7/T7))-SIN((2*ACOS(1-2*BV7/T7)))))*((((T7^2/8)*((2*ACOS(1-2*BV7/T7))-SIN((2*ACOS(1-2*BV7/T7)))))/((T7/2)*((2*ACOS(1-2*BV7/T7)))))^(2/3))*SQRT(P7)) -> 0.0074386108 | BX7: =IF(BB7="","",IF(BW7<BB7,BV7,BT7)) -> 0.0588875 | BY7: =IF(BB7="","",IF(BW7<BB7,BU7,BV7)) -> 0.06475625 | BZ7: =IF(BB7="","",(BX7+BY7)/2) -> 0.061821875 | CA7: =IF(OR(T7="",P7="",BZ7="",T7<=0,BZ7<=0),"",(1/Inputs!$B$9)*((T7^2/8)*((2*ACOS(1-2*BZ7/T7))-SIN((2*ACOS(1-2*BZ7/T7)))))*((((T7^2/8)*((2*ACOS(1-2*BZ7/T7))-SIN((2*ACOS(1-2*BZ7/T7)))))/((T7/2)*((2*ACOS(1-2*BZ7/T7)))))^(2/3))*SQRT(P7)) -> 0.0068049957 | CB7: =IF(BB7="","",IF(CA7<BB7,BZ7,BX7)) -> 0.0588875 | CC7: =IF(BB7="","",IF(CA7<BB7,BY7,BZ7)) -> 0.061821875 | CD7: =IF(BB7="","",(CB7+CC7)/2) -> 0.060354688 | CE7: =IF(OR(T7="",P7="",CD7="",T7<=0,CD7<=0),"",(1/Inputs!$B$9)*((T7^2/8)*((2*ACOS(1-2*CD7/T7))-SIN((2*ACOS(1-2*CD7/T7)))))*((((T7^2/8)*((2*ACOS(1-2*CD7/T7))-SIN((2*ACOS(1-2*CD7/T7)))))/((T7/2)*((2*ACOS(1-2*CD7/T7)))))^(2/3))*SQRT(P7)) -> 0.0064966357 | CF7: =IF(BB7="","",IF(CE7<BB7,CD7,CB7)) -> 0.0588875 | CG7: =IF(BB7="","",IF(CE7<BB7,CC7,CD7)) -> 0.060354688 | CH7: =IF(BB7="","",(CF7+CG7)/2) -> 0.059621094
A8: L07_P07_P06 | B8: P07 | C8: P06 | D8: L08_P06_P04 | E8: 12.2 | G8: =SUMIFS(CB_plan!$G:$G,CB_plan!$F:$F,$A8) -> 442.35 | H8: =IF(F8="",G8,F8) -> 442.35 | K8: =IF(A8="","",Inputs!$B$13/((IF(AV8="",Inputs!$B$18,AV8)+Inputs!$B$14)^Inputs!$B$15)) -> 122.5176 | L8: =IF(A8="","",IF(H8="","",0.000000278*IF(I8<>"",I8,IFERROR(SUMIFS(CB_plan!$H:$H,CB_plan!$F:$F,$A8)/SUMIFS(CB_plan!$G:$G,CB_plan!$F:$F,$A8),Inputs!$B$17))*H8*K8)) -> 0.011518544 | M8: =IF(A8="","",SUMIFS($N$4:$N$201,$D$4:$D$201,$A8)) -> 0.0064364187 | N8: =IF(A8="","",(L8+M8)*Inputs!$B$16) -> 0.017954963 | P8: =IF(A8="","",IF(O8="",Inputs!$B$7,O8)) -> 0.01 | Q8: =IF(A8="","",IF(N8/Inputs!$B$10<=AG8,Inputs!$F$5,IF(N8/Inputs!$B$10>AP8,"OVERSIZE",INDEX(Inputs!$F$5:$F$14,MATCH(N8/Inputs!$B$10,AG8:AP8,1)+1)))) -> 200 | R8: 250 | S8: =IF(A8="","",IF(R8="",Q8,R8)) -> 250 | T8: =IF(OR(S8="",S8="OVERSIZE"),"",S8/1000) -> 0.25 | U8: =IF(T8="","",(1/Inputs!$B$9)*(PI()*T8^2/4)*((T8/4)^(2/3))*SQRT(P8)) -> 0.059467529 | V8: =IF(OR(U8="",N8=""),"",N8/(U8*Inputs!$B$10)) -> 0.37741107 | W8: =IF(OR(T8="",N8=""),"",4*N8/(PI()*T8^2)) -> 0.3657755 | Y8: =IF(A8="","",IF(A8=Inputs!$B$6,Inputs!$B$22,IF(D8="","",IFERROR(INDEX($Z$4:$Z$201,MATCH(D8,$A$4:$A$201,0))+IF(X8="",Inputs!$B$20,X8),"")))) | Z8: =IF(OR(Y8="",P8="",E8=""),"",Y8+P8*E8) | AA8: =IF(C8="","",IFERROR(INDEX(Noeuds_plan!$C$4:$C$200,MATCH(C8,Noeuds_plan!$A$4:$A$200,0)),"")) -> 17.14 | AB8: =IF(B8="","",IFERROR(INDEX(Noeuds_plan!$C$4:$C$200,MATCH(B8,Noeuds_plan!$A$4:$A$200,0)),"")) -> 17.09 | AC8: =IF(OR(AA8="",Y8=""),"",AA8-Y8) | AD8: =IF(OR(AB8="",Z8=""),"",AB8-Z8) | AE8: =IF(A8="","",IF(OR(V8>1,AND(AY8<>"",AY8<Inputs!$B$11),AND(AY8<>"",AY8>Inputs!$B$12),AC8<Inputs!$B$19,AD8<Inputs!$B$19,P8<Inputs!$B$7,P8>Inputs!$B$8),"CHECK","OK")) -> OK | AF8: Lower horizontal; Length updated from red dimension labels (2026-06-30 image). | AG8: =IF(A8="","",(1/Inputs!$B$9)*(PI()*(Inputs!$F$5/1000)^2/4)*((Inputs!$F$5/1000/4)^(2/3))*SQRT(P8)) -> 0.03279844 | AH8: =IF(A8="","",(1/Inputs!$B$9)*(PI()*(Inputs!$F$6/1000)^2/4)*((Inputs!$F$6/1000/4)^(2/3))*SQRT(P8)) -> 0.059467529 | AI8: =IF(A8="","",(1/Inputs!$B$9)*(PI()*(Inputs!$F$7/1000)^2/4)*((Inputs!$F$7/1000/4)^(2/3))*SQRT(P8)) -> 0.096700759 | AJ8: =IF(A8="","",(1/Inputs!$B$9)*(PI()*(Inputs!$F$8/1000)^2/4)*((Inputs!$F$8/1000/4)^(2/3))*SQRT(P8)) -> 0.17533014 | AK8: =IF(A8="","",(1/Inputs!$B$9)*(PI()*(Inputs!$F$9/1000)^2/4)*((Inputs!$F$9/1000/4)^(2/3))*SQRT(P8)) -> 0.28510614 | AL8: =IF(A8="","",(1/Inputs!$B$9)*(PI()*(Inputs!$F$10/1000)^2/4)*((Inputs!$F$10/1000/4)^(2/3))*SQRT(P8)) -> 0.43006227 | AM8: =IF(A8="","",(1/Inputs!$B$9)*(PI()*(Inputs!$F$11/1000)^2/4)*((Inputs!$F$11/1000/4)^(2/3))*SQRT(P8)) -> 0.61401154 | AN8: =IF(A8="","",(1/Inputs!$B$9)*(PI()*(Inputs!$F$12/1000)^2/4)*((Inputs!$F$12/1000/4)^(2/3))*SQRT(P8)) -> 0.84058815 | AO8: =IF(A8="","",(1/Inputs!$B$9)*(PI()*(Inputs!$F$13/1000)^2/4)*((Inputs!$F$13/1000/4)^(2/3))*SQRT(P8)) -> 1.113277 | AP8: =IF(A8="","",(1/Inputs!$B$9)*(PI()*(Inputs!$F$14/1000)^2/4)*((Inputs!$F$14/1000/4)^(2/3))*SQRT(P8)) -> 1.8103112 | AQ8: =IF(A8="","",COUNTIF($D$4:$D$201,$A8)) -> 1 | AR8: =IF(A8="","",IF(AQ8=0,"START","CONTINUOUS")) -> CONTINUOUS | AS8: =IF(A8="","",IF(J8="",Inputs!$B$18,J8)) -> 6 | AT8: =IF(A8="","",IFERROR(_xludf.maxifs($AV$4:$AV$201,$D$4:$D$201,$A8),"")) | AU8: =IF(A8="","",IF(OR(E8="",Inputs!$B$23=""),"",E8/(Inputs!$B$23*60))) -> 0.20333333 | AV8: =IF(A8="","",IF(AQ8=0,AS8+AU8,IF(AT8="",AS8+AU8,AT8+AU8))) -> 6.2033333 | AW8: =IF(A8="","",W8) -> 0.3657755 | AX8: =IF(OR(T8="",P8=""),"",(1/Inputs!$B$9)*((T8/4)^(2/3))*SQRT(P8)) -> 1.2114625 | AY8: =IF(A8="","",IF(AND(AW8="",AX8="",BA8=""),"",IF(OR(UPPER(TRIM(Inputs!$B$24))="MANNING",UPPER(TRIM(Inputs!$B$24))="M"),AX8,IF(OR(UPPER(TRIM(Inputs!$B$24))="PARTIAL",UPPER(TRIM(Inputs!$B$24))="P"),BA8,IF(OR(UPPER(TRIM(Inputs!$B$24))="MAX",UPPER(TRIM(Inputs!$B$24))="X"),MAX(IF(AW8="",0,AW8),IF(AX8="",0,AX8),IF(BA8="",0,BA8)),AW8))))) -> 1.2114625 | AZ8: =IF(BB8="","",CH8) -> 0.094700195 | BA8: =IF(OR(BB8="",AZ8="",T8="",T8<=0,AZ8<=0),"",BB8/((T8^2/8)*(2*ACOS(1-2*AZ8/T8)-SIN(2*ACOS(1-2*AZ8/T8))))) -> 1.0534731 | BB8: =IF(OR(N8="",BC8=""),"",MIN(N8,BC8)) -> 0.017954963 | BC8: =IF(OR(N8="",T8="",P8=""),"",IF(OR(T8="",P8="",(0.94*T8)="",T8<=0,(0.94*T8)<=0),"",(1/Inputs!$B$9)*((T8^2/8)*((2*ACOS(1-2*(0.94*T8)/T8))-SIN((2*ACOS(1-2*(0.94*T8)/T8)))))*((((T8^2/8)*((2*ACOS(1-2*(0.94*T8)/T8))-SIN((2*ACOS(1-2*(0.94*T8)/T8)))))/((T8/2)*((2*ACOS(1-2*(0.94*T8)/T8)))))^(2/3))*SQRT(P8))) -> 0.063967998 | BD8: =IF(BB8="","",0.001*T8) -> 0.00025 | BE8: =IF(BB8="","",0.94*T8) -> 0.235 | BF8: =IF(BB8="","",(BD8+BE8)/2) -> 0.117625 | BG8: =IF(OR(T8="",P8="",BF8="",T8<=0,BF8<=0),"",(1/Inputs!$B$9)*((T8^2/8)*((2*ACOS(1-2*BF8/T8))-SIN((2*ACOS(1-2*BF8/T8)))))*((((T8^2/8)*((2*ACOS(1-2*BF8/T8))-SIN((2*ACOS(1-2*BF8/T8)))))/((T8/2)*((2*ACOS(1-2*BF8/T8)))))^(2/3))*SQRT(P8)) -> 0.026782415 | BH8: =IF(BB8="","",IF(BG8<BB8,BF8,BD8)) -> 0.00025 | BI8: =IF(BB8="","",IF(BG8<BB8,BE8,BF8)) -> 0.117625 | BJ8: =IF(BB8="","",(BH8+BI8)/2) -> 0.0589375 | BK8: =IF(OR(T8="",P8="",BJ8="",T8<=0,BJ8<=0),"",(1/Inputs!$B$9)*((T8^2/8)*((2*ACOS(1-2*BJ8/T8))-SIN((2*ACOS(1-2*BJ8/T8)))))*((((T8^2/8)*((2*ACOS(1-2*BJ8/T8))-SIN((2*ACOS(1-2*BJ8/T8)))))/((T8/2)*((2*ACOS(1-2*BJ8/T8)))))^(2/3))*SQRT(P8)) -> 0.007248528 | BL8: =IF(BB8="","",IF(BK8<BB8,BJ8,BH8)) -> 0.0589375 | BM8: =IF(BB8="","",IF(BK8<BB8,BI8,BJ8)) -> 0.117625 | BN8: =IF(BB8="","",(BL8+BM8)/2) -> 0.08828125 | BO8: =IF(OR(T8="",P8="",BN8="",T8<=0,BN8<=0),"",(1/Inputs!$B$9)*((T8^2/8)*((2*ACOS(1-2*BN8/T8))-SIN((2*ACOS(1-2*BN8/T8)))))*((((T8^2/8)*((2*ACOS(1-2*BN8/T8))-SIN((2*ACOS(1-2*BN8/T8)))))/((T8/2)*((2*ACOS(1-2*BN8/T8)))))^(2/3))*SQRT(P8)) -> 0.015900364 | BP8: =IF(BB8="","",IF(BO8<BB8,BN8,BL8)) -> 0.08828125 | BQ8: =IF(BB8="","",IF(BO8<BB8,BM8,BN8)) -> 0.117625 | BR8: =IF(BB8="","",(BP8+BQ8)/2) -> 0.10295312 | BS8: =IF(OR(T8="",P8="",BR8="",T8<=0,BR8<=0),"",(1/Inputs!$B$9)*((T8^2/8)*((2*ACOS(1-2*BR8/T8))-SIN((2*ACOS(1-2*BR8/T8)))))*((((T8^2/8)*((2*ACOS(1-2*BR8/T8))-SIN((2*ACOS(1-2*BR8/T8)))))/((T8/2)*((2*ACOS(1-2*BR8/T8)))))^(2/3))*SQRT(P8)) -> 0.021131198 | BT8: =IF(BB8="","",IF(BS8<BB8,BR8,BP8)) -> 0.08828125 | BU8: =IF(BB8="","",IF(BS8<BB8,BQ8,BR8)) -> 0.10295312 | BV8: =IF(BB8="","",(BT8+BU8)/2) -> 0.095617187 | BW8: =IF(OR(T8="",P8="",BV8="",T8<=0,BV8<=0),"",(1/Inputs!$B$9)*((T8^2/8)*((2*ACOS(1-2*BV8/T8))-SIN((2*ACOS(1-2*BV8/T8)))))*((((T8^2/8)*((2*ACOS(1-2*BV8/T8))-SIN((2*ACOS(1-2*BV8/T8)))))/((T8/2)*((2*ACOS(1-2*BV8/T8)))))^(2/3))*SQRT(P8)) -> 0.01845412 | BX8: =IF(BB8="","",IF(BW8<BB8,BV8,BT8)) -> 0.08828125 | BY8: =IF(BB8="","",IF(BW8<BB8,BU8,BV8)) -> 0.095617187 | BZ8: =IF(BB8="","",(BX8+BY8)/2) -> 0.091949219 | CA8: =IF(OR(T8="",P8="",BZ8="",T8<=0,BZ8<=0),"",(1/Inputs!$B$9)*((T8^2/8)*((2*ACOS(1-2*BZ8/T8))-SIN((2*ACOS(1-2*BZ8/T8)))))*((((T8^2/8)*((2*ACOS(1-2*BZ8/T8))-SIN((2*ACOS(1-2*BZ8/T8)))))/((T8/2)*((2*ACOS(1-2*BZ8/T8)))))^(2/3))*SQRT(P8)) -> 0.017160734 | CB8: =IF(BB8="","",IF(CA8<BB8,BZ8,BX8)) -> 0.091949219 | CC8: =IF(BB8="","",IF(CA8<BB8,BY8,BZ8)) -> 0.095617187 | CD8: =IF(BB8="","",(CB8+CC8)/2) -> 0.093783203 | CE8: =IF(OR(T8="",P8="",CD8="",T8<=0,CD8<=0),"",(1/Inputs!$B$9)*((T8^2/8)*((2*ACOS(1-2*CD8/T8))-SIN((2*ACOS(1-2*CD8/T8)))))*((((T8^2/8)*((2*ACOS(1-2*CD8/T8))-SIN((2*ACOS(1-2*CD8/T8)))))/((T8/2)*((2*ACOS(1-2*CD8/T8)))))^(2/3))*SQRT(P8)) -> 0.017803434 | CF8: =IF(BB8="","",IF(CE8<BB8,CD8,CB8)) -> 0.093783203 | CG8: =IF(BB8="","",IF(CE8<BB8,CC8,CD8)) -> 0.095617187 | CH8: =IF(BB8="","",(CF8+CG8)/2) -> 0.094700195
A9: L08_P06_P04 | B9: P06 | C9: P04 | D9: L09_P04_P01 | E9: 9.6 | G9: =SUMIFS(CB_plan!$G:$G,CB_plan!$F:$F,$A9) -> 147.9 | H9: =IF(F9="",G9,F9) -> 147.9 | K9: =IF(A9="","",Inputs!$B$13/((IF(AV9="",Inputs!$B$18,AV9)+Inputs!$B$14)^Inputs!$B$15)) -> 122.89465 | L9: =IF(A9="","",IF(H9="","",0.000000278*IF(I9<>"",I9,IFERROR(SUMIFS(CB_plan!$H:$H,CB_plan!$F:$F,$A9)/SUMIFS(CB_plan!$G:$G,CB_plan!$F:$F,$A9),Inputs!$B$17))*H9*K9)) -> 0.0034550775 | M9: =IF(A9="","",SUMIFS($N$4:$N$201,$D$4:$D$201,$A9)) -> 0.017954963 | N9: =IF(A9="","",(L9+M9)*Inputs!$B$16) -> 0.021410041 | P9: =IF(A9="","",IF(O9="",Inputs!$B$7,O9)) -> 0.01 | Q9: =IF(A9="","",IF(N9/Inputs!$B$10<=AG9,Inputs!$F$5,IF(N9/Inputs!$B$10>AP9,"OVERSIZE",INDEX(Inputs!$F$5:$F$14,MATCH(N9/Inputs!$B$10,AG9:AP9,1)+1)))) -> 200 | R9: 250 | S9: =IF(A9="","",IF(R9="",Q9,R9)) -> 250 | T9: =IF(OR(S9="",S9="OVERSIZE"),"",S9/1000) -> 0.25 | U9: =IF(T9="","",(1/Inputs!$B$9)*(PI()*T9^2/4)*((T9/4)^(2/3))*SQRT(P9)) -> 0.059467529 | V9: =IF(OR(U9="",N9=""),"",N9/(U9*Inputs!$B$10)) -> 0.45003637 | W9: =IF(OR(T9="",N9=""),"",4*N9/(PI()*T9^2)) -> 0.43616177 | Y9: =IF(A9="","",IF(A9=Inputs!$B$6,Inputs!$B$22,IF(D9="","",IFERROR(INDEX($Z$4:$Z$201,MATCH(D9,$A$4:$A$201,0))+IF(X9="",Inputs!$B$20,X9),"")))) | Z9: =IF(OR(Y9="",P9="",E9=""),"",Y9+P9*E9) | AA9: =IF(C9="","",IFERROR(INDEX(Noeuds_plan!$C$4:$C$200,MATCH(C9,Noeuds_plan!$A$4:$A$200,0)),"")) -> 17.28 | AB9: =IF(B9="","",IFERROR(INDEX(Noeuds_plan!$C$4:$C$200,MATCH(B9,Noeuds_plan!$A$4:$A$200,0)),"")) -> 17.14 | AC9: =IF(OR(AA9="",Y9=""),"",AA9-Y9) | AD9: =IF(OR(AB9="",Z9=""),"",AB9-Z9) | AE9: =IF(A9="","",IF(OR(V9>1,AND(AY9<>"",AY9<Inputs!$B$11),AND(AY9<>"",AY9>Inputs!$B$12),AC9<Inputs!$B$19,AD9<Inputs!$B$19,P9<Inputs!$B$7,P9>Inputs!$B$8),"CHECK","OK")) -> OK | AF9: Lower horizontal | AG9: =IF(A9="","",(1/Inputs!$B$9)*(PI()*(Inputs!$F$5/1000)^2/4)*((Inputs!$F$5/1000/4)^(2/3))*SQRT(P9)) -> 0.03279844 | AH9: =IF(A9="","",(1/Inputs!$B$9)*(PI()*(Inputs!$F$6/1000)^2/4)*((Inputs!$F$6/1000/4)^(2/3))*SQRT(P9)) -> 0.059467529 | AI9: =IF(A9="","",(1/Inputs!$B$9)*(PI()*(Inputs!$F$7/1000)^2/4)*((Inputs!$F$7/1000/4)^(2/3))*SQRT(P9)) -> 0.096700759 | AJ9: =IF(A9="","",(1/Inputs!$B$9)*(PI()*(Inputs!$F$8/1000)^2/4)*((Inputs!$F$8/1000/4)^(2/3))*SQRT(P9)) -> 0.17533014 | AK9: =IF(A9="","",(1/Inputs!$B$9)*(PI()*(Inputs!$F$9/1000)^2/4)*((Inputs!$F$9/1000/4)^(2/3))*SQRT(P9)) -> 0.28510614 | AL9: =IF(A9="","",(1/Inputs!$B$9)*(PI()*(Inputs!$F$10/1000)^2/4)*((Inputs!$F$10/1000/4)^(2/3))*SQRT(P9)) -> 0.43006227 | AM9: =IF(A9="","",(1/Inputs!$B$9)*(PI()*(Inputs!$F$11/1000)^2/4)*((Inputs!$F$11/1000/4)^(2/3))*SQRT(P9)) -> 0.61401154 | AN9: =IF(A9="","",(1/Inputs!$B$9)*(PI()*(Inputs!$F$12/1000)^2/4)*((Inputs!$F$12/1000/4)^(2/3))*SQRT(P9)) -> 0.84058815 | AO9: =IF(A9="","",(1/Inputs!$B$9)*(PI()*(Inputs!$F$13/1000)^2/4)*((Inputs!$F$13/1000/4)^(2/3))*SQRT(P9)) -> 1.113277 | AP9: =IF(A9="","",(1/Inputs!$B$9)*(PI()*(Inputs!$F$14/1000)^2/4)*((Inputs!$F$14/1000/4)^(2/3))*SQRT(P9)) -> 1.8103112 | AQ9: =IF(A9="","",COUNTIF($D$4:$D$201,$A9)) -> 1 | AR9: =IF(A9="","",IF(AQ9=0,"START","CONTINUOUS")) -> CONTINUOUS | AS9: =IF(A9="","",IF(J9="",Inputs!$B$18,J9)) -> 6 | AT9: =IF(A9="","",IFERROR(_xludf.maxifs($AV$4:$AV$201,$D$4:$D$201,$A9),"")) | AU9: =IF(A9="","",IF(OR(E9="",Inputs!$B$23=""),"",E9/(Inputs!$B$23*60))) -> 0.16 | AV9: =IF(A9="","",IF(AQ9=0,AS9+AU9,IF(AT9="",AS9+AU9,AT9+AU9))) -> 6.16 | AW9: =IF(A9="","",W9) -> 0.43616177 | AX9: =IF(OR(T9="",P9=""),"",(1/Inputs!$B$9)*((T9/4)^(2/3))*SQRT(P9)) -> 1.2114625 | AY9: =IF(A9="","",IF(AND(AW9="",AX9="",BA9=""),"",IF(OR(UPPER(TRIM(Inputs!$B$24))="MANNING",UPPER(TRIM(Inputs!$B$24))="M"),AX9,IF(OR(UPPER(TRIM(Inputs!$B$24))="PARTIAL",UPPER(TRIM(Inputs!$B$24))="P"),BA9,IF(OR(UPPER(TRIM(Inputs!$B$24))="MAX",UPPER(TRIM(Inputs!$B$24))="X"),MAX(IF(AW9="",0,AW9),IF(AX9="",0,AX9),IF(BA9="",0,BA9)),AW9))))) -> 1.2114625 | AZ9: =IF(BB9="","",CH9) -> 0.10387012 | BA9: =IF(OR(BB9="",AZ9="",T9="",T9<=0,AZ9<=0),"",BB9/((T9^2/8)*(2*ACOS(1-2*AZ9/T9)-SIN(2*ACOS(1-2*AZ9/T9))))) -> 1.1101057 | BB9: =IF(OR(N9="",BC9=""),"",MIN(N9,BC9)) -> 0.021410041 | BC9: =IF(OR(N9="",T9="",P9=""),"",IF(OR(T9="",P9="",(0.94*T9)="",T9<=0,(0.94*T9)<=0),"",(1/Inputs!$B$9)*((T9^2/8)*((2*ACOS(1-2*(0.94*T9)/T9))-SIN((2*ACOS(1-2*(0.94*T9)/T9)))))*((((T9^2/8)*((2*ACOS(1-2*(0.94*T9)/T9))-SIN((2*ACOS(1-2*(0.94*T9)/T9)))))/((T9/2)*((2*ACOS(1-2*(0.94*T9)/T9)))))^(2/3))*SQRT(P9))) -> 0.063967998 | BD9: =IF(BB9="","",0.001*T9) -> 0.00025 | BE9: =IF(BB9="","",0.94*T9) -> 0.235 | BF9: =IF(BB9="","",(BD9+BE9)/2) -> 0.117625 | BG9: =IF(OR(T9="",P9="",BF9="",T9<=0,BF9<=0),"",(1/Inputs!$B$9)*((T9^2/8)*((2*ACOS(1-2*BF9/T9))-SIN((2*ACOS(1-2*BF9/T9)))))*((((T9^2/8)*((2*ACOS(1-2*BF9/T9))-SIN((2*ACOS(1-2*BF9/T9)))))/((T9/2)*((2*ACOS(1-2*BF9/T9)))))^(2/3))*SQRT(P9)) -> 0.026782415 | BH9: =IF(BB9="","",IF(BG9<BB9,BF9,BD9)) -> 0.00025 | BI9: =IF(BB9="","",IF(BG9<BB9,BE9,BF9)) -> 0.117625 | BJ9: =IF(BB9="","",(BH9+BI9)/2) -> 0.0589375 | BK9: =IF(OR(T9="",P9="",BJ9="",T9<=0,BJ9<=0),"",(1/Inputs!$B$9)*((T9^2/8)*((2*ACOS(1-2*BJ9/T9))-SIN((2*ACOS(1-2*BJ9/T9)))))*((((T9^2/8)*((2*ACOS(1-2*BJ9/T9))-SIN((2*ACOS(1-2*BJ9/T9)))))/((T9/2)*((2*ACOS(1-2*BJ9/T9)))))^(2/3))*SQRT(P9)) -> 0.007248528 | BL9: =IF(BB9="","",IF(BK9<BB9,BJ9,BH9)) -> 0.0589375 | BM9: =IF(BB9="","",IF(BK9<BB9,BI9,BJ9)) -> 0.117625 | BN9: =IF(BB9="","",(BL9+BM9)/2) -> 0.08828125 | BO9: =IF(OR(T9="",P9="",BN9="",T9<=0,BN9<=0),"",(1/Inputs!$B$9)*((T9^2/8)*((2*ACOS(1-2*BN9/T9))-SIN((2*ACOS(1-2*BN9/T9)))))*((((T9^2/8)*((2*ACOS(1-2*BN9/T9))-SIN((2*ACOS(1-2*BN9/T9)))))/((T9/2)*((2*ACOS(1-2*BN9/T9)))))^(2/3))*SQRT(P9)) -> 0.015900364 | BP9: =IF(BB9="","",IF(BO9<BB9,BN9,BL9)) -> 0.08828125 | BQ9: =IF(BB9="","",IF(BO9<BB9,BM9,BN9)) -> 0.117625 | BR9: =IF(BB9="","",(BP9+BQ9)/2) -> 0.10295312 | BS9: =IF(OR(T9="",P9="",BR9="",T9<=0,BR9<=0),"",(1/Inputs!$B$9)*((T9^2/8)*((2*ACOS(1-2*BR9/T9))-SIN((2*ACOS(1-2*BR9/T9)))))*((((T9^2/8)*((2*ACOS(1-2*BR9/T9))-SIN((2*ACOS(1-2*BR9/T9)))))/((T9/2)*((2*ACOS(1-2*BR9/T9)))))^(2/3))*SQRT(P9)) -> 0.021131198 | BT9: =IF(BB9="","",IF(BS9<BB9,BR9,BP9)) -> 0.10295312 | BU9: =IF(BB9="","",IF(BS9<BB9,BQ9,BR9)) -> 0.117625 | BV9: =IF(BB9="","",(BT9+BU9)/2) -> 0.11028906 | BW9: =IF(OR(T9="",P9="",BV9="",T9<=0,BV9<=0),"",(1/Inputs!$B$9)*((T9^2/8)*((2*ACOS(1-2*BV9/T9))-SIN((2*ACOS(1-2*BV9/T9)))))*((((T9^2/8)*((2*ACOS(1-2*BV9/T9))-SIN((2*ACOS(1-2*BV9/T9)))))/((T9/2)*((2*ACOS(1-2*BV9/T9)))))^(2/3))*SQRT(P9)) -> 0.023913582 | BX9: =IF(BB9="","",IF(BW9<BB9,BV9,BT9)) -> 0.10295312 | BY9: =IF(BB9="","",IF(BW9<BB9,BU9,BV9)) -> 0.11028906 | BZ9: =IF(BB9="","",(BX9+BY9)/2) -> 0.10662109 | CA9: =IF(OR(T9="",P9="",BZ9="",T9<=0,BZ9<=0),"",(1/Inputs!$B$9)*((T9^2/8)*((2*ACOS(1-2*BZ9/T9))-SIN((2*ACOS(1-2*BZ9/T9)))))*((((T9^2/8)*((2*ACOS(1-2*BZ9/T9))-SIN((2*ACOS(1-2*BZ9/T9)))))/((T9/2)*((2*ACOS(1-2*BZ9/T9)))))^(2/3))*SQRT(P9)) -> 0.022510386 | CB9: =IF(BB9="","",IF(CA9<BB9,BZ9,BX9)) -> 0.10295312 | CC9: =IF(BB9="","",IF(CA9<BB9,BY9,BZ9)) -> 0.10662109 | CD9: =IF(BB9="","",(CB9+CC9)/2) -> 0.10478711 | CE9: =IF(OR(T9="",P9="",CD9="",T9<=0,CD9<=0),"",(1/Inputs!$B$9)*((T9^2/8)*((2*ACOS(1-2*CD9/T9))-SIN((2*ACOS(1-2*CD9/T9)))))*((((T9^2/8)*((2*ACOS(1-2*CD9/T9))-SIN((2*ACOS(1-2*CD9/T9)))))/((T9/2)*((2*ACOS(1-2*CD9/T9)))))^(2/3))*SQRT(P9)) -> 0.021817644 | CF9: =IF(BB9="","",IF(CE9<BB9,CD9,CB9)) -> 0.10295312 | CG9: =IF(BB9="","",IF(CE9<BB9,CC9,CD9)) -> 0.10478711 | CH9: =IF(BB9="","",(CF9+CG9)/2) -> 0.10387012
A10: L09_P04_P01 | B10: P04 | C10: P01 | D10: L01_P01_P02 | E10: 13.5 | G10: =SUMIFS(CB_plan!$G:$G,CB_plan!$F:$F,$A10) -> 94.5 | H10: =IF(F10="",G10,F10) -> 94.5 | K10: =IF(A10="","",Inputs!$B$13/((IF(AV10="",Inputs!$B$18,AV10)+Inputs!$B$14)^Inputs!$B$15)) -> 122.33017 | L10: =IF(A10="","",IF(H10="","",0.000000278*IF(I10<>"",I10,IFERROR(SUMIFS(CB_plan!$H:$H,CB_plan!$F:$F,$A10)/SUMIFS(CB_plan!$G:$G,CB_plan!$F:$F,$A10),Inputs!$B$17))*H10*K10)) -> 0.0017583726 | M10: =IF(A10="","",SUMIFS($N$4:$N$201,$D$4:$D$201,$A10)) -> 0.021410041 | N10: =IF(A10="","",(L10+M10)*Inputs!$B$16) -> 0.023168413 | P10: =IF(A10="","",IF(O10="",Inputs!$B$7,O10)) -> 0.01 | Q10: =IF(A10="","",IF(N10/Inputs!$B$10<=AG10,Inputs!$F$5,IF(N10/Inputs!$B$10>AP10,"OVERSIZE",INDEX(Inputs!$F$5:$F$14,MATCH(N10/Inputs!$B$10,AG10:AP10,1)+1)))) -> 200 | R10: 250 | S10: =IF(A10="","",IF(R10="",Q10,R10)) -> 250 | T10: =IF(OR(S10="",S10="OVERSIZE"),"",S10/1000) -> 0.25 | U10: =IF(T10="","",(1/Inputs!$B$9)*(PI()*T10^2/4)*((T10/4)^(2/3))*SQRT(P10)) -> 0.059467529 | V10: =IF(OR(U10="",N10=""),"",N10/(U10*Inputs!$B$10)) -> 0.48699714 | W10: =IF(OR(T10="",N10=""),"",4*N10/(PI()*T10^2)) -> 0.47198304 | Y10: =IF(A10="","",IF(A10=Inputs!$B$6,Inputs!$B$22,IF(D10="","",IFERROR(INDEX($Z$4:$Z$201,MATCH(D10,$A$4:$A$201,0))+IF(X10="",Inputs!$B$20,X10),"")))) | Z10: =IF(OR(Y10="",P10="",E10=""),"",Y10+P10*E10) | AA10: =IF(C10="","",IFERROR(INDEX(Noeuds_plan!$C$4:$C$200,MATCH(C10,Noeuds_plan!$A$4:$A$200,0)),"")) -> 17.237 | AB10: =IF(B10="","",IFERROR(INDEX(Noeuds_plan!$C$4:$C$200,MATCH(B10,Noeuds_plan!$A$4:$A$200,0)),"")) -> 17.28 | AC10: =IF(OR(AA10="",Y10=""),"",AA10-Y10) | AD10: =IF(OR(AB10="",Z10=""),"",AB10-Z10) | AE10: =IF(A10="","",IF(OR(V10>1,AND(AY10<>"",AY10<Inputs!$B$11),AND(AY10<>"",AY10>Inputs!$B$12),AC10<Inputs!$B$19,AD10<Inputs!$B$19,P10<Inputs!$B$7,P10>Inputs!$B$8),"CHECK","OK")) -> OK | AF10: Vertical/right connector (fill length) | AG10: =IF(A10="","",(1/Inputs!$B$9)*(PI()*(Inputs!$F$5/1000)^2/4)*((Inputs!$F$5/1000/4)^(2/3))*SQRT(P10)) -> 0.03279844 | AH10: =IF(A10="","",(1/Inputs!$B$9)*(PI()*(Inputs!$F$6/1000)^2/4)*((Inputs!$F$6/1000/4)^(2/3))*SQRT(P10)) -> 0.059467529 | AI10: =IF(A10="","",(1/Inputs!$B$9)*(PI()*(Inputs!$F$7/1000)^2/4)*((Inputs!$F$7/1000/4)^(2/3))*SQRT(P10)) -> 0.096700759 | AJ10: =IF(A10="","",(1/Inputs!$B$9)*(PI()*(Inputs!$F$8/1000)^2/4)*((Inputs!$F$8/1000/4)^(2/3))*SQRT(P10)) -> 0.17533014 | AK10: =IF(A10="","",(1/Inputs!$B$9)*(PI()*(Inputs!$F$9/1000)^2/4)*((Inputs!$F$9/1000/4)^(2/3))*SQRT(P10)) -> 0.28510614 | AL10: =IF(A10="","",(1/Inputs!$B$9)*(PI()*(Inputs!$F$10/1000)^2/4)*((Inputs!$F$10/1000/4)^(2/3))*SQRT(P10)) -> 0.43006227 | AM10: =IF(A10="","",(1/Inputs!$B$9)*(PI()*(Inputs!$F$11/1000)^2/4)*((Inputs!$F$11/1000/4)^(2/3))*SQRT(P10)) -> 0.61401154 | AN10: =IF(A10="","",(1/Inputs!$B$9)*(PI()*(Inputs!$F$12/1000)^2/4)*((Inputs!$F$12/1000/4)^(2/3))*SQRT(P10)) -> 0.84058815 | AO10: =IF(A10="","",(1/Inputs!$B$9)*(PI()*(Inputs!$F$13/1000)^2/4)*((Inputs!$F$13/1000/4)^(2/3))*SQRT(P10)) -> 1.113277 | AP10: =IF(A10="","",(1/Inputs!$B$9)*(PI()*(Inputs!$F$14/1000)^2/4)*((Inputs!$F$14/1000/4)^(2/3))*SQRT(P10)) -> 1.8103112 | AQ10: =IF(A10="","",COUNTIF($D$4:$D$201,$A10)) -> 1 | AR10: =IF(A10="","",IF(AQ10=0,"START","CONTINUOUS")) -> CONTINUOUS | AS10: =IF(A10="","",IF(J10="",Inputs!$B$18,J10)) -> 6 | AT10: =IF(A10="","",IFERROR(_xludf.maxifs($AV$4:$AV$201,$D$4:$D$201,$A10),"")) | AU10: =IF(A10="","",IF(OR(E10="",Inputs!$B$23=""),"",E10/(Inputs!$B$23*60))) -> 0.225 | AV10: =IF(A10="","",IF(AQ10=0,AS10+AU10,IF(AT10="",AS10+AU10,AT10+AU10))) -> 6.225 | AW10: =IF(A10="","",W10) -> 0.47198304 | AX10: =IF(OR(T10="",P10=""),"",(1/Inputs!$B$9)*((T10/4)^(2/3))*SQRT(P10)) -> 1.2114625 | AY10: =IF(A10="","",IF(AND(AW10="",AX10="",BA10=""),"",IF(OR(UPPER(TRIM(Inputs!$B$24))="MANNING",UPPER(TRIM(Inputs!$B$24))="M"),AX10,IF(OR(UPPER(TRIM(Inputs!$B$24))="PARTIAL",UPPER(TRIM(Inputs!$B$24))="P"),BA10,IF(OR(UPPER(TRIM(Inputs!$B$24))="MAX",UPPER(TRIM(Inputs!$B$24))="X"),MAX(IF(AW10="",0,AW10),IF(AX10="",0,AX10),IF(BA10="",0,BA10)),AW10))))) -> 1.2114625 | AZ10: =IF(BB10="","",CH10) -> 0.10753809 | BA10: =IF(OR(BB10="",AZ10="",T10="",T10<=0,AZ10<=0),"",BB10/((T10^2/8)*(2*ACOS(1-2*AZ10/T10)-SIN(2*ACOS(1-2*AZ10/T10))))) -> 1.1473797 | BB10: =IF(OR(N10="",BC10=""),"",MIN(N10,BC10)) -> 0.023168413 | BC10: =IF(OR(N10="",T10="",P10=""),"",IF(OR(T10="",P10="",(0.94*T10)="",T10<=0,(0.94*T10)<=0),"",(1/Inputs!$B$9)*((T10^2/8)*((2*ACOS(1-2*(0.94*T10)/T10))-SIN((2*ACOS(1-2*(0.94*T10)/T10)))))*((((T10^2/8)*((2*ACOS(1-2*(0.94*T10)/T10))-SIN((2*ACOS(1-2*(0.94*T10)/T10)))))/((T10/2)*((2*ACOS(1-2*(0.94*T10)/T10)))))^(2/3))*SQRT(P10))) -> 0.063967998 | BD10: =IF(BB10="","",0.001*T10) -> 0.00025 | BE10: =IF(BB10="","",0.94*T10) -> 0.235 | BF10: =IF(BB10="","",(BD10+BE10)/2) -> 0.117625 | BG10: =IF(OR(T10="",P10="",BF10="",T10<=0,BF10<=0),"",(1/Inputs!$B$9)*((T10^2/8)*((2*ACOS(1-2*BF10/T10))-SIN((2*ACOS(1-2*BF10/T10)))))*((((T10^2/8)*((2*ACOS(1-2*BF10/T10))-SIN((2*ACOS(1-2*BF10/T10)))))/((T10/2)*((2*ACOS(1-2*BF10/T10)))))^(2/3))*SQRT(P10)) -> 0.026782415 | BH10: =IF(BB10="","",IF(BG10<BB10,BF10,BD10)) -> 0.00025 | BI10: =IF(BB10="","",IF(BG10<BB10,BE10,BF10)) -> 0.117625 | BJ10: =IF(BB10="","",(BH10+BI10)/2) -> 0.0589375 | BK10: =IF(OR(T10="",P10="",BJ10="",T10<=0,BJ10<=0),"",(1/Inputs!$B$9)*((T10^2/8)*((2*ACOS(1-2*BJ10/T10))-SIN((2*ACOS(1-2*BJ10/T10)))))*((((T10^2/8)*((2*ACOS(1-2*BJ10/T10))-SIN((2*ACOS(1-2*BJ10/T10)))))/((T10/2)*((2*ACOS(1-2*BJ10/T10)))))^(2/3))*SQRT(P10)) -> 0.007248528 | BL10: =IF(BB10="","",IF(BK10<BB10,BJ10,BH10)) -> 0.0589375 | BM10: =IF(BB10="","",IF(BK10<BB10,BI10,BJ10)) -> 0.117625 | BN10: =IF(BB10="","",(BL10+BM10)/2) -> 0.08828125 | BO10: =IF(OR(T10="",P10="",BN10="",T10<=0,BN10<=0),"",(1/Inputs!$B$9)*((T10^2/8)*((2*ACOS(1-2*BN10/T10))-SIN((2*ACOS(1-2*BN10/T10)))))*((((T10^2/8)*((2*ACOS(1-2*BN10/T10))-SIN((2*ACOS(1-2*BN10/T10)))))/((T10/2)*((2*ACOS(1-2*BN10/T10)))))^(2/3))*SQRT(P10)) -> 0.015900364 | BP10: =IF(BB10="","",IF(BO10<BB10,BN10,BL10)) -> 0.08828125 | BQ10: =IF(BB10="","",IF(BO10<BB10,BM10,BN10)) -> 0.117625 | BR10: =IF(BB10="","",(BP10+BQ10)/2) -> 0.10295312 | BS10: =IF(OR(T10="",P10="",BR10="",T10<=0,BR10<=0),"",(1/Inputs!$B$9)*((T10^2/8)*((2*ACOS(1-2*BR10/T10))-SIN((2*ACOS(1-2*BR10/T10)))))*((((T10^2/8)*((2*ACOS(1-2*BR10/T10))-SIN((2*ACOS(1-2*BR10/T10)))))/((T10/2)*((2*ACOS(1-2*BR10/T10)))))^(2/3))*SQRT(P10)) -> 0.021131198 | BT10: =IF(BB10="","",IF(BS10<BB10,BR10,BP10)) -> 0.10295312 | BU10: =IF(BB10="","",IF(BS10<BB10,BQ10,BR10)) -> 0.117625 | BV10: =IF(BB10="","",(BT10+BU10)/2) -> 0.11028906 | BW10: =IF(OR(T10="",P10="",BV10="",T10<=0,BV10<=0),"",(1/Inputs!$B$9)*((T10^2/8)*((2*ACOS(1-2*BV10/T10))-SIN((2*ACOS(1-2*BV10/T10)))))*((((T10^2/8)*((2*ACOS(1-2*BV10/T10))-SIN((2*ACOS(1-2*BV10/T10)))))/((T10/2)*((2*ACOS(1-2*BV10/T10)))))^(2/3))*SQRT(P10)) -> 0.023913582 | BX10: =IF(BB10="","",IF(BW10<BB10,BV10,BT10)) -> 0.10295312 | BY10: =IF(BB10="","",IF(BW10<BB10,BU10,BV10)) -> 0.11028906 | BZ10: =IF(BB10="","",(BX10+BY10)/2) -> 0.10662109 | CA10: =IF(OR(T10="",P10="",BZ10="",T10<=0,BZ10<=0),"",(1/Inputs!$B$9)*((T10^2/8)*((2*ACOS(1-2*BZ10/T10))-SIN((2*ACOS(1-2*BZ10/T10)))))*((((T10^2/8)*((2*ACOS(1-2*BZ10/T10))-SIN((2*ACOS(1-2*BZ10/T10)))))/((T10/2)*((2*ACOS(1-2*BZ10/T10)))))^(2/3))*SQRT(P10)) -> 0.022510386 | CB10: =IF(BB10="","",IF(CA10<BB10,BZ10,BX10)) -> 0.10662109 | CC10: =IF(BB10="","",IF(CA10<BB10,BY10,BZ10)) -> 0.11028906 | CD10: =IF(BB10="","",(CB10+CC10)/2) -> 0.10845508 | CE10: =IF(OR(T10="",P10="",CD10="",T10<=0,CD10<=0),"",(1/Inputs!$B$9)*((T10^2/8)*((2*ACOS(1-2*CD10/T10))-SIN((2*ACOS(1-2*CD10/T10)))))*((((T10^2/8)*((2*ACOS(1-2*CD10/T10))-SIN((2*ACOS(1-2*CD10/T10)))))/((T10/2)*((2*ACOS(1-2*CD10/T10)))))^(2/3))*SQRT(P10)) -> 0.02320913 | CF10: =IF(BB10="","",IF(CE10<BB10,CD10,CB10)) -> 0.10662109 | CG10: =IF(BB10="","",IF(CE10<BB10,CC10,CD10)) -> 0.10845508 | CH10: =IF(BB10="","",(CF10+CG10)/2) -> 0.10753809
A11: L10_P10_P11 | B11: P10 | C11: P11 | D11: L11_P11_P12 | E11: 14.5 | G11: =SUMIFS(CB_plan!$G:$G,CB_plan!$F:$F,$A11) -> 903 | H11: =IF(F11="",G11,F11) -> 903 | K11: =IF(A11="","",Inputs!$B$13/((IF(AV11="",Inputs!$B$18,AV11)+Inputs!$B$14)^Inputs!$B$15)) -> 122.18649 | L11: =IF(A11="","",IF(H11="","",0.000000278*IF(I11<>"",I11,IFERROR(SUMIFS(CB_plan!$H:$H,CB_plan!$F:$F,$A11)/SUMIFS(CB_plan!$G:$G,CB_plan!$F:$F,$A11),Inputs!$B$17))*H11*K11)) -> 0.029139316 | M11: =IF(A11="","",SUMIFS($N$4:$N$201,$D$4:$D$201,$A11)) -> 0.038948912 | N11: =IF(A11="","",(L11+M11)*Inputs!$B$16) -> 0.068088229 | P11: =IF(A11="","",IF(O11="",Inputs!$B$7,O11)) -> 0.01 | Q11: =IF(A11="","",IF(N11/Inputs!$B$10<=AG11,Inputs!$F$5,IF(N11/Inputs!$B$10>AP11,"OVERSIZE",INDEX(Inputs!$F$5:$F$14,MATCH(N11/Inputs!$B$10,AG11:AP11,1)+1)))) -> 300 | S11: =IF(A11="","",IF(R11="",Q11,R11)) -> 300 | T11: =IF(OR(S11="",S11="OVERSIZE"),"",S11/1000) -> 0.3 | U11: =IF(T11="","",(1/Inputs!$B$9)*(PI()*T11^2/4)*((T11/4)^(2/3))*SQRT(P11)) -> 0.096700759 | V11: =IF(OR(U11="",N11=""),"",N11/(U11*Inputs!$B$10)) -> 0.88014083 | W11: =IF(OR(T11="",N11=""),"",4*N11/(PI()*T11^2)) -> 0.96325139 | Y11: =IF(A11="","",IF(A11=Inputs!$B$6,Inputs!$B$22,IF(D11="","",IFERROR(INDEX($Z$4:$Z$201,MATCH(D11,$A$4:$A$201,0))+IF(X11="",Inputs!$B$20,X11),"")))) | Z11: =IF(OR(Y11="",P11="",E11=""),"",Y11+P11*E11) | AA11: =IF(C11="","",IFERROR(INDEX(Noeuds_plan!$C$4:$C$200,MATCH(C11,Noeuds_plan!$A$4:$A$200,0)),"")) -> 16.874 | AB11: =IF(B11="","",IFERROR(INDEX(Noeuds_plan!$C$4:$C$200,MATCH(B11,Noeuds_plan!$A$4:$A$200,0)),"")) -> 16.965 | AC11: =IF(OR(AA11="",Y11=""),"",AA11-Y11) | AD11: =IF(OR(AB11="",Z11=""),"",AB11-Z11) | AE11: =IF(A11="","",IF(OR(V11>1,AND(AY11<>"",AY11<Inputs!$B$11),AND(AY11<>"",AY11>Inputs!$B$12),AC11<Inputs!$B$19,AD11<Inputs!$B$19,P11<Inputs!$B$7,P11>Inputs!$B$8),"CHECK","OK")) -> OK | AF11: P010 to P07 connection (fill length); Length updated from red dimension labels (2026-06-30 image). | AG11: =IF(A11="","",(1/Inputs!$B$9)*(PI()*(Inputs!$F$5/1000)^2/4)*((Inputs!$F$5/1000/4)^(2/3))*SQRT(P11)) -> 0.03279844 | AH11: =IF(A11="","",(1/Inputs!$B$9)*(PI()*(Inputs!$F$6/1000)^2/4)*((Inputs!$F$6/1000/4)^(2/3))*SQRT(P11)) -> 0.059467529 | AI11: =IF(A11="","",(1/Inputs!$B$9)*(PI()*(Inputs!$F$7/1000)^2/4)*((Inputs!$F$7/1000/4)^(2/3))*SQRT(P11)) -> 0.096700759 | AJ11: =IF(A11="","",(1/Inputs!$B$9)*(PI()*(Inputs!$F$8/1000)^2/4)*((Inputs!$F$8/1000/4)^(2/3))*SQRT(P11)) -> 0.17533014 | AK11: =IF(A11="","",(1/Inputs!$B$9)*(PI()*(Inputs!$F$9/1000)^2/4)*((Inputs!$F$9/1000/4)^(2/3))*SQRT(P11)) -> 0.28510614 | AL11: =IF(A11="","",(1/Inputs!$B$9)*(PI()*(Inputs!$F$10/1000)^2/4)*((Inputs!$F$10/1000/4)^(2/3))*SQRT(P11)) -> 0.43006227 | AM11: =IF(A11="","",(1/Inputs!$B$9)*(PI()*(Inputs!$F$11/1000)^2/4)*((Inputs!$F$11/1000/4)^(2/3))*SQRT(P11)) -> 0.61401154 | AN11: =IF(A11="","",(1/Inputs!$B$9)*(PI()*(Inputs!$F$12/1000)^2/4)*((Inputs!$F$12/1000/4)^(2/3))*SQRT(P11)) -> 0.84058815 | AO11: =IF(A11="","",(1/Inputs!$B$9)*(PI()*(Inputs!$F$13/1000)^2/4)*((Inputs!$F$13/1000/4)^(2/3))*SQRT(P11)) -> 1.113277 | AP11: =IF(A11="","",(1/Inputs!$B$9)*(PI()*(Inputs!$F$14/1000)^2/4)*((Inputs!$F$14/1000/4)^(2/3))*SQRT(P11)) -> 1.8103112 | AQ11: =IF(A11="","",COUNTIF($D$4:$D$201,$A11)) -> 1 | AR11: =IF(A11="","",IF(AQ11=0,"START","CONTINUOUS")) -> CONTINUOUS | AS11: =IF(A11="","",IF(J11="",Inputs!$B$18,J11)) -> 6 | AT11: =IF(A11="","",IFERROR(_xludf.maxifs($AV$4:$AV$201,$D$4:$D$201,$A11),"")) | AU11: =IF(A11="","",IF(OR(E11="",Inputs!$B$23=""),"",E11/(Inputs!$B$23*60))) -> 0.24166667 | AV11: =IF(A11="","",IF(AQ11=0,AS11+AU11,IF(AT11="",AS11+AU11,AT11+AU11))) -> 6.2416667 | AW11: =IF(A11="","",W11) -> 0.96325139 | AX11: =IF(OR(T11="",P11=""),"",(1/Inputs!$B$9)*((T11/4)^(2/3))*SQRT(P11)) -> 1.3680359 | AY11: =IF(A11="","",IF(AND(AW11="",AX11="",BA11=""),"",IF(OR(UPPER(TRIM(Inputs!$B$24))="MANNING",UPPER(TRIM(Inputs!$B$24))="M"),AX11,IF(OR(UPPER(TRIM(Inputs!$B$24))="PARTIAL",UPPER(TRIM(Inputs!$B$24))="P"),BA11,IF(OR(UPPER(TRIM(Inputs!$B$24))="MAX",UPPER(TRIM(Inputs!$B$24))="X"),MAX(IF(AW11="",0,AW11),IF(AX11="",0,AX11),IF(BA11="",0,BA11)),AW11))))) -> 1.4764628 | AZ11: =IF(BB11="","",CH11) -> 0.18626602 | BA11: =IF(OR(BB11="",AZ11="",T11="",T11<=0,AZ11<=0),"",BB11/((T11^2/8)*(2*ACOS(1-2*AZ11/T11)-SIN(2*ACOS(1-2*AZ11/T11))))) -> 1.4764628 | BB11: =IF(OR(N11="",BC11=""),"",MIN(N11,BC11)) -> 0.068088229 | BC11: =IF(OR(N11="",T11="",P11=""),"",IF(OR(T11="",P11="",(0.94*T11)="",T11<=0,(0.94*T11)<=0),"",(1/Inputs!$B$9)*((T11^2/8)*((2*ACOS(1-2*(0.94*T11)/T11))-SIN((2*ACOS(1-2*(0.94*T11)/T11)))))*((((T11^2/8)*((2*ACOS(1-2*(0.94*T11)/T11))-SIN((2*ACOS(1-2*(0.94*T11)/T11)))))/((T11/2)*((2*ACOS(1-2*(0.94*T11)/T11)))))^(2/3))*SQRT(P11))) -> 0.10401902 | BD11: =IF(BB11="","",0.001*T11) -> 0.0003 | BE11: =IF(BB11="","",0.94*T11) -> 0.282 | BF11: =IF(BB11="","",(BD11+BE11)/2) -> 0.14115 | BG11: =IF(OR(T11="",P11="",BF11="",T11<=0,BF11<=0),"",(1/Inputs!$B$9)*((T11^2/8)*((2*ACOS(1-2*BF11/T11))-SIN((2*ACOS(1-2*BF11/T11)))))*((((T11^2/8)*((2*ACOS(1-2*BF11/T11))-SIN((2*ACOS(1-2*BF11/T11)))))/((T11/2)*((2*ACOS(1-2*BF11/T11)))))^(2/3))*SQRT(P11)) -> 0.04355116 | BH11: =IF(BB11="","",IF(BG11<BB11,BF11,BD11)) -> 0.14115 | BI11: =IF(BB11="","",IF(BG11<BB11,BE11,BF11)) -> 0.282 | BJ11: =IF(BB11="","",(BH11+BI11)/2) -> 0.211575 | BK11: =IF(OR(T11="",P11="",BJ11="",T11<=0,BJ11<=0),"",(1/Inputs!$B$9)*((T11^2/8)*((2*ACOS(1-2*BJ11/T11))-SIN((2*ACOS(1-2*BJ11/T11)))))*((((T11^2/8)*((2*ACOS(1-2*BJ11/T11))-SIN((2*ACOS(1-2*BJ11/T11)))))/((T11/2)*((2*ACOS(1-2*BJ11/T11)))))^(2/3))*SQRT(P11)) -> 0.081751902 | BL11: =IF(BB11="","",IF(BK11<BB11,BJ11,BH11)) -> 0.14115 | BM11: =IF(BB11="","",IF(BK11<BB11,BI11,BJ11)) -> 0.211575 | BN11: =IF(BB11="","",(BL11+BM11)/2) -> 0.1763625 | BO11: =IF(OR(T11="",P11="",BN11="",T11<=0,BN11<=0),"",(1/Inputs!$B$9)*((T11^2/8)*((2*ACOS(1-2*BN11/T11))-SIN((2*ACOS(1-2*BN11/T11)))))*((((T11^2/8)*((2*ACOS(1-2*BN11/T11))-SIN((2*ACOS(1-2*BN11/T11)))))/((T11/2)*((2*ACOS(1-2*BN11/T11)))))^(2/3))*SQRT(P11)) -> 0.062954032 | BP11: =IF(BB11="","",IF(BO11<BB11,BN11,BL11)) -> 0.1763625 | BQ11: =IF(BB11="","",IF(BO11<BB11,BM11,BN11)) -> 0.211575 | BR11: =IF(BB11="","",(BP11+BQ11)/2) -> 0.19396875 | BS11: =IF(OR(T11="",P11="",BR11="",T11<=0,BR11<=0),"",(1/Inputs!$B$9)*((T11^2/8)*((2*ACOS(1-2*BR11/T11))-SIN((2*ACOS(1-2*BR11/T11)))))*((((T11^2/8)*((2*ACOS(1-2*BR11/T11))-SIN((2*ACOS(1-2*BR11/T11)))))/((T11/2)*((2*ACOS(1-2*BR11/T11)))))^(2/3))*SQRT(P11)) -> 0.072592092 | BT11: =IF(BB11="","",IF(BS11<BB11,BR11,BP11)) -> 0.1763625 | BU11: =IF(BB11="","",IF(BS11<BB11,BQ11,BR11)) -> 0.19396875 | BV11: =IF(BB11="","",(BT11+BU11)/2) -> 0.18516562 | BW11: =IF(OR(T11="",P11="",BV11="",T11<=0,BV11<=0),"",(1/Inputs!$B$9)*((T11^2/8)*((2*ACOS(1-2*BV11/T11))-SIN((2*ACOS(1-2*BV11/T11)))))*((((T11^2/8)*((2*ACOS(1-2*BV11/T11))-SIN((2*ACOS(1-2*BV11/T11)))))/((T11/2)*((2*ACOS(1-2*BV11/T11)))))^(2/3))*SQRT(P11)) -> 0.067810932 | BX11: =IF(BB11="","",IF(BW11<BB11,BV11,BT11)) -> 0.18516562 | BY11: =IF(BB11="","",IF(BW11<BB11,BU11,BV11)) -> 0.19396875 | BZ11: =IF(BB11="","",(BX11+BY11)/2) -> 0.18956719 | CA11: =IF(OR(T11="",P11="",BZ11="",T11<=0,BZ11<=0),"",(1/Inputs!$B$9)*((T11^2/8)*((2*ACOS(1-2*BZ11/T11))-SIN((2*ACOS(1-2*BZ11/T11)))))*((((T11^2/8)*((2*ACOS(1-2*BZ11/T11))-SIN((2*ACOS(1-2*BZ11/T11)))))/((T11/2)*((2*ACOS(1-2*BZ11/T11)))))^(2/3))*SQRT(P11)) -> 0.070213609 | CB11: =IF(BB11="","",IF(CA11<BB11,BZ11,BX11)) -> 0.18516562 | CC11: =IF(BB11="","",IF(CA11<BB11,BY11,BZ11)) -> 0.18956719 | CD11: =IF(BB11="","",(CB11+CC11)/2) -> 0.18736641 | CE11: =IF(OR(T11="",P11="",CD11="",T11<=0,CD11<=0),"",(1/Inputs!$B$9)*((T11^2/8)*((2*ACOS(1-2*CD11/T11))-SIN((2*ACOS(1-2*CD11/T11)))))*((((T11^2/8)*((2*ACOS(1-2*CD11/T11))-SIN((2*ACOS(1-2*CD11/T11)))))/((T11/2)*((2*ACOS(1-2*CD11/T11)))))^(2/3))*SQRT(P11)) -> 0.06901496 | CF11: =IF(BB11="","",IF(CE11<BB11,CD11,CB11)) -> 0.18516562 | CG11: =IF(BB11="","",IF(CE11<BB11,CC11,CD11)) -> 0.18736641 | CH11: =IF(BB11="","",(CF11+CG11)/2) -> 0.18626602
A12: L11_P11_P12 | B12: P11 | C12: P12 | D12: PUB | E12: 11.7 | G12: =SUMIFS(CB_plan!$G:$G,CB_plan!$F:$F,$A12) -> 497.61 | H12: =IF(F12="",G12,F12) -> 497.61 | K12: =IF(A12="","",Inputs!$B$13/((IF(AV12="",Inputs!$B$18,AV12)+Inputs!$B$14)^Inputs!$B$15)) -> 122.58988 | L12: =IF(A12="","",IF(H12="","",0.000000278*IF(I12<>"",I12,IFERROR(SUMIFS(CB_plan!$H:$H,CB_plan!$F:$F,$A12)/SUMIFS(CB_plan!$G:$G,CB_plan!$F:$F,$A12),Inputs!$B$17))*H12*K12)) -> 0.0056750845 | M12: =IF(A12="","",SUMIFS($N$4:$N$201,$D$4:$D$201,$A12)) -> 0.068088229 | N12: =IF(A12="","",(L12+M12)*Inputs!$B$16) -> 0.073763313 | P12: =IF(A12="","",IF(O12="",Inputs!$B$7,O12)) -> 0.01 | Q12: =IF(A12="","",IF(N12/Inputs!$B$10<=AG12,Inputs!$F$5,IF(N12/Inputs!$B$10>AP12,"OVERSIZE",INDEX(Inputs!$F$5:$F$14,MATCH(N12/Inputs!$B$10,AG12:AP12,1)+1)))) -> 300 | R12: 450 | S12: =IF(A12="","",IF(R12="",Q12,R12)) -> 450 | T12: =IF(OR(S12="",S12="OVERSIZE"),"",S12/1000) -> 0.45 | U12: =IF(T12="","",(1/Inputs!$B$9)*(PI()*T12^2/4)*((T12/4)^(2/3))*SQRT(P12)) -> 0.28510614 | V12: =IF(OR(U12="",N12=""),"",N12/(U12*Inputs!$B$10)) -> 0.32340286 | W12: =IF(OR(T12="",N12=""),"",4*N12/(PI()*T12^2)) -> 0.46379441 | Y12: =IF(A12="","",IF(A12=Inputs!$B$6,Inputs!$B$22,IF(D12="","",IFERROR(INDEX($Z$4:$Z$201,MATCH(D12,$A$4:$A$201,0))+IF(X12="",Inputs!$B$20,X12),"")))) | Z12: =IF(OR(Y12="",P12="",E12=""),"",Y12+P12*E12) | AA12: =IF(C12="","",IFERROR(INDEX(Noeuds_plan!$C$4:$C$200,MATCH(C12,Noeuds_plan!$A$4:$A$200,0)),"")) -> 16.73 | AB12: =IF(B12="","",IFERROR(INDEX(Noeuds_plan!$C$4:$C$200,MATCH(B12,Noeuds_plan!$A$4:$A$200,0)),"")) -> 16.874 | AC12: =IF(OR(AA12="",Y12=""),"",AA12-Y12) | AD12: =IF(OR(AB12="",Z12=""),"",AB12-Z12) | AE12: =IF(A12="","",IF(OR(V12>1,AND(AY12<>"",AY12<Inputs!$B$11),AND(AY12<>"",AY12>Inputs!$B$12),AC12<Inputs!$B$19,AD12<Inputs!$B$19,P12<Inputs!$B$7,P12>Inputs!$B$8),"CHECK","OK")) -> OK | AF12: P10 to public network | AG12: =IF(A12="","",(1/Inputs!$B$9)*(PI()*(Inputs!$F$5/1000)^2/4)*((Inputs!$F$5/1000/4)^(2/3))*SQRT(P12)) -> 0.03279844 | AH12: =IF(A12="","",(1/Inputs!$B$9)*(PI()*(Inputs!$F$6/1000)^2/4)*((Inputs!$F$6/1000/4)^(2/3))*SQRT(P12)) -> 0.059467529 | AI12: =IF(A12="","",(1/Inputs!$B$9)*(PI()*(Inputs!$F$7/1000)^2/4)*((Inputs!$F$7/1000/4)^(2/3))*SQRT(P12)) -> 0.096700759 | AJ12: =IF(A12="","",(1/Inputs!$B$9)*(PI()*(Inputs!$F$8/1000)^2/4)*((Inputs!$F$8/1000/4)^(2/3))*SQRT(P12)) -> 0.17533014 | AK12: =IF(A12="","",(1/Inputs!$B$9)*(PI()*(Inputs!$F$9/1000)^2/4)*((Inputs!$F$9/1000/4)^(2/3))*SQRT(P12)) -> 0.28510614 | AL12: =IF(A12="","",(1/Inputs!$B$9)*(PI()*(Inputs!$F$10/1000)^2/4)*((Inputs!$F$10/1000/4)^(2/3))*SQRT(P12)) -> 0.43006227 | AM12: =IF(A12="","",(1/Inputs!$B$9)*(PI()*(Inputs!$F$11/1000)^2/4)*((Inputs!$F$11/1000/4)^(2/3))*SQRT(P12)) -> 0.61401154 | AN12: =IF(A12="","",(1/Inputs!$B$9)*(PI()*(Inputs!$F$12/1000)^2/4)*((Inputs!$F$12/1000/4)^(2/3))*SQRT(P12)) -> 0.84058815 | AO12: =IF(A12="","",(1/Inputs!$B$9)*(PI()*(Inputs!$F$13/1000)^2/4)*((Inputs!$F$13/1000/4)^(2/3))*SQRT(P12)) -> 1.113277 | AP12: =IF(A12="","",(1/Inputs!$B$9)*(PI()*(Inputs!$F$14/1000)^2/4)*((Inputs!$F$14/1000/4)^(2/3))*SQRT(P12)) -> 1.8103112 | AQ12: =IF(A12="","",COUNTIF($D$4:$D$201,$A12)) -> 1 | AR12: =IF(A12="","",IF(AQ12=0,"START","CONTINUOUS")) -> CONTINUOUS | AS12: =IF(A12="","",IF(J12="",Inputs!$B$18,J12)) -> 6 | AT12: =IF(A12="","",IFERROR(_xludf.maxifs($AV$4:$AV$201,$D$4:$D$201,$A12),"")) | AU12: =IF(A12="","",IF(OR(E12="",Inputs!$B$23=""),"",E12/(Inputs!$B$23*60))) -> 0.195 | AV12: =IF(A12="","",IF(AQ12=0,AS12+AU12,IF(AT12="",AS12+AU12,AT12+AU12))) -> 6.195 | AW12: =IF(A12="","",W12) -> 0.46379441 | AX12: =IF(OR(T12="",P12=""),"",(1/Inputs!$B$9)*((T12/4)^(2/3))*SQRT(P12)) -> 1.7926341 | AY12: =IF(A12="","",IF(AND(AW12="",AX12="",BA12=""),"",IF(OR(UPPER(TRIM(Inputs!$B$24))="MANNING",UPPER(TRIM(Inputs!$B$24))="M"),AX12,IF(OR(UPPER(TRIM(Inputs!$B$24))="PARTIAL",UPPER(TRIM(Inputs!$B$24))="P"),BA12,IF(OR(UPPER(TRIM(Inputs!$B$24))="MAX",UPPER(TRIM(Inputs!$B$24))="X"),MAX(IF(AW12="",0,AW12),IF(AX12="",0,AX12),IF(BA12="",0,BA12)),AW12))))) -> 1.7926341 | AZ12: =IF(BB12="","",CH12) -> 0.15725566 | BA12: =IF(OR(BB12="",AZ12="",T12="",T12<=0,AZ12<=0),"",BB12/((T12^2/8)*(2*ACOS(1-2*AZ12/T12)-SIN(2*ACOS(1-2*AZ12/T12))))) -> 1.4900572 | BB12: =IF(OR(N12="",BC12=""),"",MIN(N12,BC12)) -> 0.073763313 | BC12: =IF(OR(N12="",T12="",P12=""),"",IF(OR(T12="",P12="",(0.94*T12)="",T12<=0,(0.94*T12)<=0),"",(1/Inputs!$B$9)*((T12^2/8)*((2*ACOS(1-2*(0.94*T12)/T12))-SIN((2*ACOS(1-2*(0.94*T12)/T12)))))*((((T12^2/8)*((2*ACOS(1-2*(0.94*T12)/T12))-SIN((2*ACOS(1-2*(0.94*T12)/T12)))))/((T12/2)*((2*ACOS(1-2*(0.94*T12)/T12)))))^(2/3))*SQRT(P12))) -> 0.30668281 | BD12: =IF(BB12="","",0.001*T12) -> 0.00045 | BE12: =IF(BB12="","",0.94*T12) -> 0.423 | BF12: =IF(BB12="","",(BD12+BE12)/2) -> 0.211725 | BG12: =IF(OR(T12="",P12="",BF12="",T12<=0,BF12<=0),"",(1/Inputs!$B$9)*((T12^2/8)*((2*ACOS(1-2*BF12/T12))-SIN((2*ACOS(1-2*BF12/T12)))))*((((T12^2/8)*((2*ACOS(1-2*BF12/T12))-SIN((2*ACOS(1-2*BF12/T12)))))/((T12/2)*((2*ACOS(1-2*BF12/T12)))))^(2/3))*SQRT(P12)) -> 0.12840337 | BH12: =IF(BB12="","",IF(BG12<BB12,BF12,BD12)) -> 0.00045 | BI12: =IF(BB12="","",IF(BG12<BB12,BE12,BF12)) -> 0.211725 | BJ12: =IF(BB12="","",(BH12+BI12)/2) -> 0.1060875 | BK12: =IF(OR(T12="",P12="",BJ12="",T12<=0,BJ12<=0),"",(1/Inputs!$B$9)*((T12^2/8)*((2*ACOS(1-2*BJ12/T12))-SIN((2*ACOS(1-2*BJ12/T12)))))*((((T12^2/8)*((2*ACOS(1-2*BJ12/T12))-SIN((2*ACOS(1-2*BJ12/T12)))))/((T12/2)*((2*ACOS(1-2*BJ12/T12)))))^(2/3))*SQRT(P12)) -> 0.034751736 | BL12: =IF(BB12="","",IF(BK12<BB12,BJ12,BH12)) -> 0.1060875 | BM12: =IF(BB12="","",IF(BK12<BB12,BI12,BJ12)) -> 0.211725 | BN12: =IF(BB12="","",(BL12+BM12)/2) -> 0.15890625 | BO12: =IF(OR(T12="",P12="",BN12="",T12<=0,BN12<=0),"",(1/Inputs!$B$9)*((T12^2/8)*((2*ACOS(1-2*BN12/T12))-SIN((2*ACOS(1-2*BN12/T12)))))*((((T12^2/8)*((2*ACOS(1-2*BN12/T12))-SIN((2*ACOS(1-2*BN12/T12)))))/((T12/2)*((2*ACOS(1-2*BN12/T12)))))^(2/3))*SQRT(P12)) -> 0.076231373 | BP12: =IF(BB12="","",IF(BO12<BB12,BN12,BL12)) -> 0.1060875 | BQ12: =IF(BB12="","",IF(BO12<BB12,BM12,BN12)) -> 0.15890625 | BR12: =IF(BB12="","",(BP12+BQ12)/2) -> 0.13249688 | BS12: =IF(OR(T12="",P12="",BR12="",T12<=0,BR12<=0),"",(1/Inputs!$B$9)*((T12^2/8)*((2*ACOS(1-2*BR12/T12))-SIN((2*ACOS(1-2*BR12/T12)))))*((((T12^2/8)*((2*ACOS(1-2*BR12/T12))-SIN((2*ACOS(1-2*BR12/T12)))))/((T12/2)*((2*ACOS(1-2*BR12/T12)))))^(2/3))*SQRT(P12)) -> 0.053843147 | BT12: =IF(BB12="","",IF(BS12<BB12,BR12,BP12)) -> 0.13249688 | BU12: =IF(BB12="","",IF(BS12<BB12,BQ12,BR12)) -> 0.15890625 | BV12: =IF(BB12="","",(BT12+BU12)/2) -> 0.14570156 | BW12: =IF(OR(T12="",P12="",BV12="",T12<=0,BV12<=0),"",(1/Inputs!$B$9)*((T12^2/8)*((2*ACOS(1-2*BV12/T12))-SIN((2*ACOS(1-2*BV12/T12)))))*((((T12^2/8)*((2*ACOS(1-2*BV12/T12))-SIN((2*ACOS(1-2*BV12/T12)))))/((T12/2)*((2*ACOS(1-2*BV12/T12)))))^(2/3))*SQRT(P12)) -> 0.064661417 | BX12: =IF(BB12="","",IF(BW12<BB12,BV12,BT12)) -> 0.14570156 | BY12: =IF(BB12="","",IF(BW12<BB12,BU12,BV12)) -> 0.15890625 | BZ12: =IF(BB12="","",(BX12+BY12)/2) -> 0.15230391 | CA12: =IF(OR(T12="",P12="",BZ12="",T12<=0,BZ12<=0),"",(1/Inputs!$B$9)*((T12^2/8)*((2*ACOS(1-2*BZ12/T12))-SIN((2*ACOS(1-2*BZ12/T12)))))*((((T12^2/8)*((2*ACOS(1-2*BZ12/T12))-SIN((2*ACOS(1-2*BZ12/T12)))))/((T12/2)*((2*ACOS(1-2*BZ12/T12)))))^(2/3))*SQRT(P12)) -> 0.070357217 | CB12: =IF(BB12="","",IF(CA12<BB12,BZ12,BX12)) -> 0.15230391 | CC12: =IF(BB12="","",IF(CA12<BB12,BY12,BZ12)) -> 0.15890625 | CD12: =IF(BB12="","",(CB12+CC12)/2) -> 0.15560508 | CE12: =IF(OR(T12="",P12="",CD12="",T12<=0,CD12<=0),"",(1/Inputs!$B$9)*((T12^2/8)*((2*ACOS(1-2*CD12/T12))-SIN((2*ACOS(1-2*CD12/T12)))))*((((T12^2/8)*((2*ACOS(1-2*CD12/T12))-SIN((2*ACOS(1-2*CD12/T12)))))/((T12/2)*((2*ACOS(1-2*CD12/T12)))))^(2/3))*SQRT(P12)) -> 0.073272613 | CF12: =IF(BB12="","",IF(CE12<BB12,CD12,CB12)) -> 0.15560508 | CG12: =IF(BB12="","",IF(CE12<BB12,CC12,CD12)) -> 0.15890625 | CH12: =IF(BB12="","",(CF12+CG12)/2) -> 0.15725566
G13: =SUMIFS(CB_plan!$G:$G,CB_plan!$F:$F,$A13) -> 0 | H13: =IF(F13="",G13,F13) -> 0 | K13: =IF(A13="","",Inputs!$B$13/((IF(AV13="",Inputs!$B$18,AV13)+Inputs!$B$14)^Inputs!$B$15)) | L13: =IF(A13="","",IF(H13="","",0.000000278*IF(I13<>"",I13,IFERROR(SUMIFS(CB_plan!$H:$H,CB_plan!$F:$F,$A13)/SUMIFS(CB_plan!$G:$G,CB_plan!$F:$F,$A13),Inputs!$B$17))*H13*K13)) | M13: =IF(A13="","",SUMIFS($N$4:$N$201,$D$4:$D$201,$A13)) | N13: =IF(A13="","",(L13+M13)*Inputs!$B$16) | P13: =IF(A13="","",IF(O13="",Inputs!$B$7,O13)) | Q13: =IF(A13="","",IF(N13/Inputs!$B$10<=AG13,Inputs!$F$5,IF(N13/Inputs!$B$10>AP13,"OVERSIZE",INDEX(Inputs!$F$5:$F$14,MATCH(N13/Inputs!$B$10,AG13:AP13,1)+1)))) | S13: =IF(A13="","",IF(R13="",Q13,R13)) | T13: =IF(OR(S13="",S13="OVERSIZE"),"",S13/1000) | U13: =IF(T13="","",(1/Inputs!$B$9)*(PI()*T13^2/4)*((T13/4)^(2/3))*SQRT(P13)) | V13: =IF(OR(U13="",N13=""),"",N13/(U13*Inputs!$B$10)) | W13: =IF(OR(T13="",N13=""),"",4*N13/(PI()*T13^2)) | Y13: =IF(A13="","",IF(A13=Inputs!$B$6,Inputs!$B$22,IF(D13="","",IFERROR(INDEX($Z$4:$Z$201,MATCH(D13,$A$4:$A$201,0))+IF(X13="",Inputs!$B$20,X13),"")))) | Z13: =IF(OR(Y13="",P13="",E13=""),"",Y13+P13*E13) | AA13: =IF(C13="","",IFERROR(INDEX(Noeuds_plan!$C$4:$C$200,MATCH(C13,Noeuds_plan!$A$4:$A$200,0)),"")) | AB13: =IF(B13="","",IFERROR(INDEX(Noeuds_plan!$C$4:$C$200,MATCH(B13,Noeuds_plan!$A$4:$A$200,0)),"")) | AC13: =IF(OR(AA13="",Y13=""),"",AA13-Y13) | AD13: =IF(OR(AB13="",Z13=""),"",AB13-Z13) | AE13: =IF(A13="","",IF(OR(V13>1,AND(AY13<>"",AY13<Inputs!$B$11),AND(AY13<>"",AY13>Inputs!$B$12),AC13<Inputs!$B$19,AD13<Inputs!$B$19,P13<Inputs!$B$7,P13>Inputs!$B$8),"CHECK","OK")) | AG13: =IF(A13="","",(1/Inputs!$B$9)*(PI()*(Inputs!$F$5/1000)^2/4)*((Inputs!$F$5/1000/4)^(2/3))*SQRT(P13)) | AH13: =IF(A13="","",(1/Inputs!$B$9)*(PI()*(Inputs!$F$6/1000)^2/4)*((Inputs!$F$6/1000/4)^(2/3))*SQRT(P13)) | AI13: =IF(A13="","",(1/Inputs!$B$9)*(PI()*(Inputs!$F$7/1000)^2/4)*((Inputs!$F$7/1000/4)^(2/3))*SQRT(P13)) | AJ13: =IF(A13="","",(1/Inputs!$B$9)*(PI()*(Inputs!$F$8/1000)^2/4)*((Inputs!$F$8/1000/4)^(2/3))*SQRT(P13)) | AK13: =IF(A13="","",(1/Inputs!$B$9)*(PI()*(Inputs!$F$9/1000)^2/4)*((Inputs!$F$9/1000/4)^(2/3))*SQRT(P13)) | AL13: =IF(A13="","",(1/Inputs!$B$9)*(PI()*(Inputs!$F$10/1000)^2/4)*((Inputs!$F$10/1000/4)^(2/3))*SQRT(P13)) | AM13: =IF(A13="","",(1/Inputs!$B$9)*(PI()*(Inputs!$F$11/1000)^2/4)*((Inputs!$F$11/1000/4)^(2/3))*SQRT(P13)) | AN13: =IF(A13="","",(1/Inputs!$B$9)*(PI()*(Inputs!$F$12/1000)^2/4)*((Inputs!$F$12/1000/4)^(2/3))*SQRT(P13)) | AO13: =IF(A13="","",(1/Inputs!$B$9)*(PI()*(Inputs!$F$13/1000)^2/4)*((Inputs!$F$13/1000/4)^(2/3))*SQRT(P13)) | AP13: =IF(A13="","",(1/Inputs!$B$9)*(PI()*(Inputs!$F$14/1000)^2/4)*((Inputs!$F$14/1000/4)^(2/3))*SQRT(P13)) | AQ13: =IF(A13="","",COUNTIF($D$4:$D$201,$A13)) | AR13: =IF(A13="","",IF(AQ13=0,"START","CONTINUOUS")) | AS13: =IF(A13="","",IF(J13="",Inputs!$B$18,J13)) | AT13: =IF(A13="","",IFERROR(_xludf.maxifs($AV$4:$AV$201,$D$4:$D$201,$A13),"")) | AU13: =IF(A13="","",IF(OR(E13="",Inputs!$B$23=""),"",E13/(Inputs!$B$23*60))) | AV13: =IF(A13="","",IF(AQ13=0,AS13+AU13,IF(AT13="",AS13+AU13,AT13+AU13))) | AW13: =IF(A13="","",W13) | AX13: =IF(OR(T13="",P13=""),"",(1/Inputs!$B$9)*((T13/4)^(2/3))*SQRT(P13)) | AY13: =IF(A13="","",IF(AND(AW13="",AX13="",BA13=""),"",IF(OR(UPPER(TRIM(Inputs!$B$24))="MANNING",UPPER(TRIM(Inputs!$B$24))="M"),AX13,IF(OR(UPPER(TRIM(Inputs!$B$24))="PARTIAL",UPPER(TRIM(Inputs!$B$24))="P"),BA13,IF(OR(UPPER(TRIM(Inputs!$B$24))="MAX",UPPER(TRIM(Inputs!$B$24))="X"),MAX(IF(AW13="",0,AW13),IF(AX13="",0,AX13),IF(BA13="",0,BA13)),AW13))))) | AZ13: =IF(BB13="","",CH13) | BA13: =IF(OR(BB13="",AZ13="",T13="",T13<=0,AZ13<=0),"",BB13/((T13^2/8)*(2*ACOS(1-2*AZ13/T13)-SIN(2*ACOS(1-2*AZ13/T13))))) | BB13: =IF(OR(N13="",BC13=""),"",MIN(N13,BC13)) | BC13: =IF(OR(N13="",T13="",P13=""),"",IF(OR(T13="",P13="",(0.94*T13)="",T13<=0,(0.94*T13)<=0),"",(1/Inputs!$B$9)*((T13^2/8)*((2*ACOS(1-2*(0.94*T13)/T13))-SIN((2*ACOS(1-2*(0.94*T13)/T13)))))*((((T13^2/8)*((2*ACOS(1-2*(0.94*T13)/T13))-SIN((2*ACOS(1-2*(0.94*T13)/T13)))))/((T13/2)*((2*ACOS(1-2*(0.94*T13)/T13)))))^(2/3))*SQRT(P13))) | BD13: =IF(BB13="","",0.001*T13) | BE13: =IF(BB13="","",0.94*T13) | BF13: =IF(BB13="","",(BD13+BE13)/2) | BG13: =IF(OR(T13="",P13="",BF13="",T13<=0,BF13<=0),"",(1/Inputs!$B$9)*((T13^2/8)*((2*ACOS(1-2*BF13/T13))-SIN((2*ACOS(1-2*BF13/T13)))))*((((T13^2/8)*((2*ACOS(1-2*BF13/T13))-SIN((2*ACOS(1-2*BF13/T13)))))/((T13/2)*((2*ACOS(1-2*BF13/T13)))))^(2/3))*SQRT(P13)) | BH13: =IF(BB13="","",IF(BG13<BB13,BF13,BD13)) | BI13: =IF(BB13="","",IF(BG13<BB13,BE13,BF13)) | BJ13: =IF(BB13="","",(BH13+BI13)/2) | BK13: =IF(OR(T13="",P13="",BJ13="",T13<=0,BJ13<=0),"",(1/Inputs!$B$9)*((T13^2/8)*((2*ACOS(1-2*BJ13/T13))-SIN((2*ACOS(1-2*BJ13/T13)))))*((((T13^2/8)*((2*ACOS(1-2*BJ13/T13))-SIN((2*ACOS(1-2*BJ13/T13)))))/((T13/2)*((2*ACOS(1-2*BJ13/T13)))))^(2/3))*SQRT(P13)) | BL13: =IF(BB13="","",IF(BK13<BB13,BJ13,BH13)) | BM13: =IF(BB13="","",IF(BK13<BB13,BI13,BJ13)) | BN13: =IF(BB13="","",(BL13+BM13)/2) | BO13: =IF(OR(T13="",P13="",BN13="",T13<=0,BN13<=0),"",(1/Inputs!$B$9)*((T13^2/8)*((2*ACOS(1-2*BN13/T13))-SIN((2*ACOS(1-2*BN13/T13)))))*((((T13^2/8)*((2*ACOS(1-2*BN13/T13))-SIN((2*ACOS(1-2*BN13/T13)))))/((T13/2)*((2*ACOS(1-2*BN13/T13)))))^(2/3))*SQRT(P13)) | BP13: =IF(BB13="","",IF(BO13<BB13,BN13,BL13)) | BQ13: =IF(BB13="","",IF(BO13<BB13,BM13,BN13)) | BR13: =IF(BB13="","",(BP13+BQ13)/2) | BS13: =IF(OR(T13="",P13="",BR13="",T13<=0,BR13<=0),"",(1/Inputs!$B$9)*((T13^2/8)*((2*ACOS(1-2*BR13/T13))-SIN((2*ACOS(1-2*BR13/T13)))))*((((T13^2/8)*((2*ACOS(1-2*BR13/T13))-SIN((2*ACOS(1-2*BR13/T13)))))/((T13/2)*((2*ACOS(1-2*BR13/T13)))))^(2/3))*SQRT(P13)) | BT13: =IF(BB13="","",IF(BS13<BB13,BR13,BP13)) | BU13: =IF(BB13="","",IF(BS13<BB13,BQ13,BR13)) | BV13: =IF(BB13="","",(BT13+BU13)/2) | BW13: =IF(OR(T13="",P13="",BV13="",T13<=0,BV13<=0),"",(1/Inputs!$B$9)*((T13^2/8)*((2*ACOS(1-2*BV13/T13))-SIN((2*ACOS(1-2*BV13/T13)))))*((((T13^2/8)*((2*ACOS(1-2*BV13/T13))-SIN((2*ACOS(1-2*BV13/T13)))))/((T13/2)*((2*ACOS(1-2*BV13/T13)))))^(2/3))*SQRT(P13)) | BX13: =IF(BB13="","",IF(BW13<BB13,BV13,BT13)) | BY13: =IF(BB13="","",IF(BW13<BB13,BU13,BV13)) | BZ13: =IF(BB13="","",(BX13+BY13)/2) | CA13: =IF(OR(T13="",P13="",BZ13="",T13<=0,BZ13<=0),"",(1/Inputs!$B$9)*((T13^2/8)*((2*ACOS(1-2*BZ13/T13))-SIN((2*ACOS(1-2*BZ13/T13)))))*((((T13^2/8)*((2*ACOS(1-2*BZ13/T13))-SIN((2*ACOS(1-2*BZ13/T13)))))/((T13/2)*((2*ACOS(1-2*BZ13/T13)))))^(2/3))*SQRT(P13)) | CB13: =IF(BB13="","",IF(CA13<BB13,BZ13,BX13)) | CC13: =IF(BB13="","",IF(CA13<BB13,BY13,BZ13)) | CD13: =IF(BB13="","",(CB13+CC13)/2) | CE13: =IF(OR(T13="",P13="",CD13="",T13<=0,CD13<=0),"",(1/Inputs!$B$9)*((T13^2/8)*((2*ACOS(1-2*CD13/T13))-SIN((2*ACOS(1-2*CD13/T13)))))*((((T13^2/8)*((2*ACOS(1-2*CD13/T13))-SIN((2*ACOS(1-2*CD13/T13)))))/((T13/2)*((2*ACOS(1-2*CD13/T13)))))^(2/3))*SQRT(P13)) | CF13: =IF(BB13="","",IF(CE13<BB13,CD13,CB13)) | CG13: =IF(BB13="","",IF(CE13<BB13,CC13,CD13)) | CH13: =IF(BB13="","",(CF13+CG13)/2)
G14: =SUMIFS(CB_plan!$G:$G,CB_plan!$F:$F,$A14) -> 0 | H14: =IF(F14="",G14,F14) -> 0 | K14: =IF(A14="","",Inputs!$B$13/((IF(AV14="",Inputs!$B$18,AV14)+Inputs!$B$14)^Inputs!$B$15)) | L14: =IF(A14="","",IF(H14="","",0.000000278*IF(I14<>"",I14,IFERROR(SUMIFS(CB_plan!$H:$H,CB_plan!$F:$F,$A14)/SUMIFS(CB_plan!$G:$G,CB_plan!$F:$F,$A14),Inputs!$B$17))*H14*K14)) | M14: =IF(A14="","",SUMIFS($N$4:$N$201,$D$4:$D$201,$A14)) | N14: =IF(A14="","",(L14+M14)*Inputs!$B$16) | P14: =IF(A14="","",IF(O14="",Inputs!$B$7,O14)) | Q14: =IF(A14="","",IF(N14/Inputs!$B$10<=AG14,Inputs!$F$5,IF(N14/Inputs!$B$10>AP14,"OVERSIZE",INDEX(Inputs!$F$5:$F$14,MATCH(N14/Inputs!$B$10,AG14:AP14,1)+1)))) | S14: =IF(A14="","",IF(R14="",Q14,R14)) | T14: =IF(OR(S14="",S14="OVERSIZE"),"",S14/1000) | U14: =IF(T14="","",(1/Inputs!$B$9)*(PI()*T14^2/4)*((T14/4)^(2/3))*SQRT(P14)) | V14: =IF(OR(U14="",N14=""),"",N14/(U14*Inputs!$B$10)) | W14: =IF(OR(T14="",N14=""),"",4*N14/(PI()*T14^2)) | Y14: =IF(A14="","",IF(A14=Inputs!$B$6,Inputs!$B$22,IF(D14="","",IFERROR(INDEX($Z$4:$Z$201,MATCH(D14,$A$4:$A$201,0))+IF(X14="",Inputs!$B$20,X14),"")))) | Z14: =IF(OR(Y14="",P14="",E14=""),"",Y14+P14*E14) | AA14: =IF(C14="","",IFERROR(INDEX(Noeuds_plan!$C$4:$C$200,MATCH(C14,Noeuds_plan!$A$4:$A$200,0)),"")) | AB14: =IF(B14="","",IFERROR(INDEX(Noeuds_plan!$C$4:$C$200,MATCH(B14,Noeuds_plan!$A$4:$A$200,0)),"")) | AC14: =IF(OR(AA14="",Y14=""),"",AA14-Y14) | AD14: =IF(OR(AB14="",Z14=""),"",AB14-Z14) | AE14: =IF(A14="","",IF(OR(V14>1,AND(AY14<>"",AY14<Inputs!$B$11),AND(AY14<>"",AY14>Inputs!$B$12),AC14<Inputs!$B$19,AD14<Inputs!$B$19,P14<Inputs!$B$7,P14>Inputs!$B$8),"CHECK","OK")) | AG14: =IF(A14="","",(1/Inputs!$B$9)*(PI()*(Inputs!$F$5/1000)^2/4)*((Inputs!$F$5/1000/4)^(2/3))*SQRT(P14)) | AH14: =IF(A14="","",(1/Inputs!$B$9)*(PI()*(Inputs!$F$6/1000)^2/4)*((Inputs!$F$6/1000/4)^(2/3))*SQRT(P14)) | AI14: =IF(A14="","",(1/Inputs!$B$9)*(PI()*(Inputs!$F$7/1000)^2/4)*((Inputs!$F$7/1000/4)^(2/3))*SQRT(P14)) | AJ14: =IF(A14="","",(1/Inputs!$B$9)*(PI()*(Inputs!$F$8/1000)^2/4)*((Inputs!$F$8/1000/4)^(2/3))*SQRT(P14)) | AK14: =IF(A14="","",(1/Inputs!$B$9)*(PI()*(Inputs!$F$9/1000)^2/4)*((Inputs!$F$9/1000/4)^(2/3))*SQRT(P14)) | AL14: =IF(A14="","",(1/Inputs!$B$9)*(PI()*(Inputs!$F$10/1000)^2/4)*((Inputs!$F$10/1000/4)^(2/3))*SQRT(P14)) | AM14: =IF(A14="","",(1/Inputs!$B$9)*(PI()*(Inputs!$F$11/1000)^2/4)*((Inputs!$F$11/1000/4)^(2/3))*SQRT(P14)) | AN14: =IF(A14="","",(1/Inputs!$B$9)*(PI()*(Inputs!$F$12/1000)^2/4)*((Inputs!$F$12/1000/4)^(2/3))*SQRT(P14)) | AO14: =IF(A14="","",(1/Inputs!$B$9)*(PI()*(Inputs!$F$13/1000)^2/4)*((Inputs!$F$13/1000/4)^(2/3))*SQRT(P14)) | AP14: =IF(A14="","",(1/Inputs!$B$9)*(PI()*(Inputs!$F$14/1000)^2/4)*((Inputs!$F$14/1000/4)^(2/3))*SQRT(P14)) | AQ14: =IF(A14="","",COUNTIF($D$4:$D$201,$A14)) | AR14: =IF(A14="","",IF(AQ14=0,"START","CONTINUOUS")) | AS14: =IF(A14="","",IF(J14="",Inputs!$B$18,J14)) | AT14: =IF(A14="","",IFERROR(_xludf.maxifs($AV$4:$AV$201,$D$4:$D$201,$A14),"")) | AU14: =IF(A14="","",IF(OR(E14="",Inputs!$B$23=""),"",E14/(Inputs!$B$23*60))) | AV14: =IF(A14="","",IF(AQ14=0,AS14+AU14,IF(AT14="",AS14+AU14,AT14+AU14))) | AW14: =IF(A14="","",W14) | AX14: =IF(OR(T14="",P14=""),"",(1/Inputs!$B$9)*((T14/4)^(2/3))*SQRT(P14)) | AY14: =IF(A14="","",IF(AND(AW14="",AX14="",BA14=""),"",IF(OR(UPPER(TRIM(Inputs!$B$24))="MANNING",UPPER(TRIM(Inputs!$B$24))="M"),AX14,IF(OR(UPPER(TRIM(Inputs!$B$24))="PARTIAL",UPPER(TRIM(Inputs!$B$24))="P"),BA14,IF(OR(UPPER(TRIM(Inputs!$B$24))="MAX",UPPER(TRIM(Inputs!$B$24))="X"),MAX(IF(AW14="",0,AW14),IF(AX14="",0,AX14),IF(BA14="",0,BA14)),AW14))))) | AZ14: =IF(BB14="","",CH14) | BA14: =IF(OR(BB14="",AZ14="",T14="",T14<=0,AZ14<=0),"",BB14/((T14^2/8)*(2*ACOS(1-2*AZ14/T14)-SIN(2*ACOS(1-2*AZ14/T14))))) | BB14: =IF(OR(N14="",BC14=""),"",MIN(N14,BC14)) | BC14: =IF(OR(N14="",T14="",P14=""),"",IF(OR(T14="",P14="",(0.94*T14)="",T14<=0,(0.94*T14)<=0),"",(1/Inputs!$B$9)*((T14^2/8)*((2*ACOS(1-2*(0.94*T14)/T14))-SIN((2*ACOS(1-2*(0.94*T14)/T14)))))*((((T14^2/8)*((2*ACOS(1-2*(0.94*T14)/T14))-SIN((2*ACOS(1-2*(0.94*T14)/T14)))))/((T14/2)*((2*ACOS(1-2*(0.94*T14)/T14)))))^(2/3))*SQRT(P14))) | BD14: =IF(BB14="","",0.001*T14) | BE14: =IF(BB14="","",0.94*T14) | BF14: =IF(BB14="","",(BD14+BE14)/2) | BG14: =IF(OR(T14="",P14="",BF14="",T14<=0,BF14<=0),"",(1/Inputs!$B$9)*((T14^2/8)*((2*ACOS(1-2*BF14/T14))-SIN((2*ACOS(1-2*BF14/T14)))))*((((T14^2/8)*((2*ACOS(1-2*BF14/T14))-SIN((2*ACOS(1-2*BF14/T14)))))/((T14/2)*((2*ACOS(1-2*BF14/T14)))))^(2/3))*SQRT(P14)) | BH14: =IF(BB14="","",IF(BG14<BB14,BF14,BD14)) | BI14: =IF(BB14="","",IF(BG14<BB14,BE14,BF14)) | BJ14: =IF(BB14="","",(BH14+BI14)/2) | BK14: =IF(OR(T14="",P14="",BJ14="",T14<=0,BJ14<=0),"",(1/Inputs!$B$9)*((T14^2/8)*((2*ACOS(1-2*BJ14/T14))-SIN((2*ACOS(1-2*BJ14/T14)))))*((((T14^2/8)*((2*ACOS(1-2*BJ14/T14))-SIN((2*ACOS(1-2*BJ14/T14)))))/((T14/2)*((2*ACOS(1-2*BJ14/T14)))))^(2/3))*SQRT(P14)) | BL14: =IF(BB14="","",IF(BK14<BB14,BJ14,BH14)) | BM14: =IF(BB14="","",IF(BK14<BB14,BI14,BJ14)) | BN14: =IF(BB14="","",(BL14+BM14)/2) | BO14: =IF(OR(T14="",P14="",BN14="",T14<=0,BN14<=0),"",(1/Inputs!$B$9)*((T14^2/8)*((2*ACOS(1-2*BN14/T14))-SIN((2*ACOS(1-2*BN14/T14)))))*((((T14^2/8)*((2*ACOS(1-2*BN14/T14))-SIN((2*ACOS(1-2*BN14/T14)))))/((T14/2)*((2*ACOS(1-2*BN14/T14)))))^(2/3))*SQRT(P14)) | BP14: =IF(BB14="","",IF(BO14<BB14,BN14,BL14)) | BQ14: =IF(BB14="","",IF(BO14<BB14,BM14,BN14)) | BR14: =IF(BB14="","",(BP14+BQ14)/2) | BS14: =IF(OR(T14="",P14="",BR14="",T14<=0,BR14<=0),"",(1/Inputs!$B$9)*((T14^2/8)*((2*ACOS(1-2*BR14/T14))-SIN((2*ACOS(1-2*BR14/T14)))))*((((T14^2/8)*((2*ACOS(1-2*BR14/T14))-SIN((2*ACOS(1-2*BR14/T14)))))/((T14/2)*((2*ACOS(1-2*BR14/T14)))))^(2/3))*SQRT(P14)) | BT14: =IF(BB14="","",IF(BS14<BB14,BR14,BP14)) | BU14: =IF(BB14="","",IF(BS14<BB14,BQ14,BR14)) | BV14: =IF(BB14="","",(BT14+BU14)/2) | BW14: =IF(OR(T14="",P14="",BV14="",T14<=0,BV14<=0),"",(1/Inputs!$B$9)*((T14^2/8)*((2*ACOS(1-2*BV14/T14))-SIN((2*ACOS(1-2*BV14/T14)))))*((((T14^2/8)*((2*ACOS(1-2*BV14/T14))-SIN((2*ACOS(1-2*BV14/T14)))))/((T14/2)*((2*ACOS(1-2*BV14/T14)))))^(2/3))*SQRT(P14)) | BX14: =IF(BB14="","",IF(BW14<BB14,BV14,BT14)) | BY14: =IF(BB14="","",IF(BW14<BB14,BU14,BV14)) | BZ14: =IF(BB14="","",(BX14+BY14)/2) | CA14: =IF(OR(T14="",P14="",BZ14="",T14<=0,BZ14<=0),"",(1/Inputs!$B$9)*((T14^2/8)*((2*ACOS(1-2*BZ14/T14))-SIN((2*ACOS(1-2*BZ14/T14)))))*((((T14^2/8)*((2*ACOS(1-2*BZ14/T14))-SIN((2*ACOS(1-2*BZ14/T14)))))/((T14/2)*((2*ACOS(1-2*BZ14/T14)))))^(2/3))*SQRT(P14)) | CB14: =IF(BB14="","",IF(CA14<BB14,BZ14,BX14)) | CC14: =IF(BB14="","",IF(CA14<BB14,BY14,BZ14)) | CD14: =IF(BB14="","",(CB14+CC14)/2) | CE14: =IF(OR(T14="",P14="",CD14="",T14<=0,CD14<=0),"",(1/Inputs!$B$9)*((T14^2/8)*((2*ACOS(1-2*CD14/T14))-SIN((2*ACOS(1-2*CD14/T14)))))*((((T14^2/8)*((2*ACOS(1-2*CD14/T14))-SIN((2*ACOS(1-2*CD14/T14)))))/((T14/2)*((2*ACOS(1-2*CD14/T14)))))^(2/3))*SQRT(P14)) | CF14: =IF(BB14="","",IF(CE14<BB14,CD14,CB14)) | CG14: =IF(BB14="","",IF(CE14<BB14,CC14,CD14)) | CH14: =IF(BB14="","",(CF14+CG14)/2)
G15: =SUMIFS(CB_plan!$G:$G,CB_plan!$F:$F,$A15) -> 0 | H15: =IF(F15="",G15,F15) -> 0 | K15: =IF(A15="","",Inputs!$B$13/((IF(AV15="",Inputs!$B$18,AV15)+Inputs!$B$14)^Inputs!$B$15)) | L15: =IF(A15="","",IF(H15="","",0.000000278*IF(I15<>"",I15,IFERROR(SUMIFS(CB_plan!$H:$H,CB_plan!$F:$F,$A15)/SUMIFS(CB_plan!$G:$G,CB_plan!$F:$F,$A15),Inputs!$B$17))*H15*K15)) | M15: =IF(A15="","",SUMIFS($N$4:$N$201,$D$4:$D$201,$A15)) | N15: =IF(A15="","",(L15+M15)*Inputs!$B$16) | P15: =IF(A15="","",IF(O15="",Inputs!$B$7,O15)) | Q15: =IF(A15="","",IF(N15/Inputs!$B$10<=AG15,Inputs!$F$5,IF(N15/Inputs!$B$10>AP15,"OVERSIZE",INDEX(Inputs!$F$5:$F$14,MATCH(N15/Inputs!$B$10,AG15:AP15,1)+1)))) | S15: =IF(A15="","",IF(R15="",Q15,R15)) | T15: =IF(OR(S15="",S15="OVERSIZE"),"",S15/1000) | U15: =IF(T15="","",(1/Inputs!$B$9)*(PI()*T15^2/4)*((T15/4)^(2/3))*SQRT(P15)) | V15: =IF(OR(U15="",N15=""),"",N15/(U15*Inputs!$B$10)) | W15: =IF(OR(T15="",N15=""),"",4*N15/(PI()*T15^2)) | Y15: =IF(A15="","",IF(A15=Inputs!$B$6,Inputs!$B$22,IF(D15="","",IFERROR(INDEX($Z$4:$Z$201,MATCH(D15,$A$4:$A$201,0))+IF(X15="",Inputs!$B$20,X15),"")))) | Z15: =IF(OR(Y15="",P15="",E15=""),"",Y15+P15*E15) | AA15: =IF(C15="","",IFERROR(INDEX(Noeuds_plan!$C$4:$C$200,MATCH(C15,Noeuds_plan!$A$4:$A$200,0)),"")) | AB15: =IF(B15="","",IFERROR(INDEX(Noeuds_plan!$C$4:$C$200,MATCH(B15,Noeuds_plan!$A$4:$A$200,0)),"")) | AC15: =IF(OR(AA15="",Y15=""),"",AA15-Y15) | AD15: =IF(OR(AB15="",Z15=""),"",AB15-Z15) | AE15: =IF(A15="","",IF(OR(V15>1,AND(AY15<>"",AY15<Inputs!$B$11),AND(AY15<>"",AY15>Inputs!$B$12),AC15<Inputs!$B$19,AD15<Inputs!$B$19,P15<Inputs!$B$7,P15>Inputs!$B$8),"CHECK","OK")) | AG15: =IF(A15="","",(1/Inputs!$B$9)*(PI()*(Inputs!$F$5/1000)^2/4)*((Inputs!$F$5/1000/4)^(2/3))*SQRT(P15)) | AH15: =IF(A15="","",(1/Inputs!$B$9)*(PI()*(Inputs!$F$6/1000)^2/4)*((Inputs!$F$6/1000/4)^(2/3))*SQRT(P15)) | AI15: =IF(A15="","",(1/Inputs!$B$9)*(PI()*(Inputs!$F$7/1000)^2/4)*((Inputs!$F$7/1000/4)^(2/3))*SQRT(P15)) | AJ15: =IF(A15="","",(1/Inputs!$B$9)*(PI()*(Inputs!$F$8/1000)^2/4)*((Inputs!$F$8/1000/4)^(2/3))*SQRT(P15)) | AK15: =IF(A15="","",(1/Inputs!$B$9)*(PI()*(Inputs!$F$9/1000)^2/4)*((Inputs!$F$9/1000/4)^(2/3))*SQRT(P15)) | AL15: =IF(A15="","",(1/Inputs!$B$9)*(PI()*(Inputs!$F$10/1000)^2/4)*((Inputs!$F$10/1000/4)^(2/3))*SQRT(P15)) | AM15: =IF(A15="","",(1/Inputs!$B$9)*(PI()*(Inputs!$F$11/1000)^2/4)*((Inputs!$F$11/1000/4)^(2/3))*SQRT(P15)) | AN15: =IF(A15="","",(1/Inputs!$B$9)*(PI()*(Inputs!$F$12/1000)^2/4)*((Inputs!$F$12/1000/4)^(2/3))*SQRT(P15)) | AO15: =IF(A15="","",(1/Inputs!$B$9)*(PI()*(Inputs!$F$13/1000)^2/4)*((Inputs!$F$13/1000/4)^(2/3))*SQRT(P15)) | AP15: =IF(A15="","",(1/Inputs!$B$9)*(PI()*(Inputs!$F$14/1000)^2/4)*((Inputs!$F$14/1000/4)^(2/3))*SQRT(P15)) | AQ15: =IF(A15="","",COUNTIF($D$4:$D$201,$A15)) | AR15: =IF(A15="","",IF(AQ15=0,"START","CONTINUOUS")) | AS15: =IF(A15="","",IF(J15="",Inputs!$B$18,J15)) | AT15: =IF(A15="","",IFERROR(_xludf.maxifs($AV$4:$AV$201,$D$4:$D$201,$A15),"")) | AU15: =IF(A15="","",IF(OR(E15="",Inputs!$B$23=""),"",E15/(Inputs!$B$23*60))) | AV15: =IF(A15="","",IF(AQ15=0,AS15+AU15,IF(AT15="",AS15+AU15,AT15+AU15))) | AW15: =IF(A15="","",W15) | AX15: =IF(OR(T15="",P15=""),"",(1/Inputs!$B$9)*((T15/4)^(2/3))*SQRT(P15)) | AY15: =IF(A15="","",IF(AND(AW15="",AX15="",BA15=""),"",IF(OR(UPPER(TRIM(Inputs!$B$24))="MANNING",UPPER(TRIM(Inputs!$B$24))="M"),AX15,IF(OR(UPPER(TRIM(Inputs!$B$24))="PARTIAL",UPPER(TRIM(Inputs!$B$24))="P"),BA15,IF(OR(UPPER(TRIM(Inputs!$B$24))="MAX",UPPER(TRIM(Inputs!$B$24))="X"),MAX(IF(AW15="",0,AW15),IF(AX15="",0,AX15),IF(BA15="",0,BA15)),AW15))))) | AZ15: =IF(BB15="","",CH15) | BA15: =IF(OR(BB15="",AZ15="",T15="",T15<=0,AZ15<=0),"",BB15/((T15^2/8)*(2*ACOS(1-2*AZ15/T15)-SIN(2*ACOS(1-2*AZ15/T15))))) | BB15: =IF(OR(N15="",BC15=""),"",MIN(N15,BC15)) | BC15: =IF(OR(N15="",T15="",P15=""),"",IF(OR(T15="",P15="",(0.94*T15)="",T15<=0,(0.94*T15)<=0),"",(1/Inputs!$B$9)*((T15^2/8)*((2*ACOS(1-2*(0.94*T15)/T15))-SIN((2*ACOS(1-2*(0.94*T15)/T15)))))*((((T15^2/8)*((2*ACOS(1-2*(0.94*T15)/T15))-SIN((2*ACOS(1-2*(0.94*T15)/T15)))))/((T15/2)*((2*ACOS(1-2*(0.94*T15)/T15)))))^(2/3))*SQRT(P15))) | BD15: =IF(BB15="","",0.001*T15) | BE15: =IF(BB15="","",0.94*T15) | BF15: =IF(BB15="","",(BD15+BE15)/2) | BG15: =IF(OR(T15="",P15="",BF15="",T15<=0,BF15<=0),"",(1/Inputs!$B$9)*((T15^2/8)*((2*ACOS(1-2*BF15/T15))-SIN((2*ACOS(1-2*BF15/T15)))))*((((T15^2/8)*((2*ACOS(1-2*BF15/T15))-SIN((2*ACOS(1-2*BF15/T15)))))/((T15/2)*((2*ACOS(1-2*BF15/T15)))))^(2/3))*SQRT(P15)) | BH15: =IF(BB15="","",IF(BG15<BB15,BF15,BD15)) | BI15: =IF(BB15="","",IF(BG15<BB15,BE15,BF15)) | BJ15: =IF(BB15="","",(BH15+BI15)/2) | BK15: =IF(OR(T15="",P15="",BJ15="",T15<=0,BJ15<=0),"",(1/Inputs!$B$9)*((T15^2/8)*((2*ACOS(1-2*BJ15/T15))-SIN((2*ACOS(1-2*BJ15/T15)))))*((((T15^2/8)*((2*ACOS(1-2*BJ15/T15))-SIN((2*ACOS(1-2*BJ15/T15)))))/((T15/2)*((2*ACOS(1-2*BJ15/T15)))))^(2/3))*SQRT(P15)) | BL15: =IF(BB15="","",IF(BK15<BB15,BJ15,BH15)) | BM15: =IF(BB15="","",IF(BK15<BB15,BI15,BJ15)) | BN15: =IF(BB15="","",(BL15+BM15)/2) | BO15: =IF(OR(T15="",P15="",BN15="",T15<=0,BN15<=0),"",(1/Inputs!$B$9)*((T15^2/8)*((2*ACOS(1-2*BN15/T15))-SIN((2*ACOS(1-2*BN15/T15)))))*((((T15^2/8)*((2*ACOS(1-2*BN15/T15))-SIN((2*ACOS(1-2*BN15/T15)))))/((T15/2)*((2*ACOS(1-2*BN15/T15)))))^(2/3))*SQRT(P15)) | BP15: =IF(BB15="","",IF(BO15<BB15,BN15,BL15)) | BQ15: =IF(BB15="","",IF(BO15<BB15,BM15,BN15)) | BR15: =IF(BB15="","",(BP15+BQ15)/2) | BS15: =IF(OR(T15="",P15="",BR15="",T15<=0,BR15<=0),"",(1/Inputs!$B$9)*((T15^2/8)*((2*ACOS(1-2*BR15/T15))-SIN((2*ACOS(1-2*BR15/T15)))))*((((T15^2/8)*((2*ACOS(1-2*BR15/T15))-SIN((2*ACOS(1-2*BR15/T15)))))/((T15/2)*((2*ACOS(1-2*BR15/T15)))))^(2/3))*SQRT(P15)) | BT15: =IF(BB15="","",IF(BS15<BB15,BR15,BP15)) | BU15: =IF(BB15="","",IF(BS15<BB15,BQ15,BR15)) | BV15: =IF(BB15="","",(BT15+BU15)/2) | BW15: =IF(OR(T15="",P15="",BV15="",T15<=0,BV15<=0),"",(1/Inputs!$B$9)*((T15^2/8)*((2*ACOS(1-2*BV15/T15))-SIN((2*ACOS(1-2*BV15/T15)))))*((((T15^2/8)*((2*ACOS(1-2*BV15/T15))-SIN((2*ACOS(1-2*BV15/T15)))))/((T15/2)*((2*ACOS(1-2*BV15/T15)))))^(2/3))*SQRT(P15)) | BX15: =IF(BB15="","",IF(BW15<BB15,BV15,BT15)) | BY15: =IF(BB15="","",IF(BW15<BB15,BU15,BV15)) | BZ15: =IF(BB15="","",(BX15+BY15)/2) | CA15: =IF(OR(T15="",P15="",BZ15="",T15<=0,BZ15<=0),"",(1/Inputs!$B$9)*((T15^2/8)*((2*ACOS(1-2*BZ15/T15))-SIN((2*ACOS(1-2*BZ15/T15)))))*((((T15^2/8)*((2*ACOS(1-2*BZ15/T15))-SIN((2*ACOS(1-2*BZ15/T15)))))/((T15/2)*((2*ACOS(1-2*BZ15/T15)))))^(2/3))*SQRT(P15)) | CB15: =IF(BB15="","",IF(CA15<BB15,BZ15,BX15)) | CC15: =IF(BB15="","",IF(CA15<BB15,BY15,BZ15)) | CD15: =IF(BB15="","",(CB15+CC15)/2) | CE15: =IF(OR(T15="",P15="",CD15="",T15<=0,CD15<=0),"",(1/Inputs!$B$9)*((T15^2/8)*((2*ACOS(1-2*CD15/T15))-SIN((2*ACOS(1-2*CD15/T15)))))*((((T15^2/8)*((2*ACOS(1-2*CD15/T15))-SIN((2*ACOS(1-2*CD15/T15)))))/((T15/2)*((2*ACOS(1-2*CD15/T15)))))^(2/3))*SQRT(P15)) | CF15: =IF(BB15="","",IF(CE15<BB15,CD15,CB15)) | CG15: =IF(BB15="","",IF(CE15<BB15,CC15,CD15)) | CH15: =IF(BB15="","",(CF15+CG15)/2)
G16: =SUMIFS(CB_plan!$G:$G,CB_plan!$F:$F,$A16) -> 0 | H16: =IF(F16="",G16,F16) -> 0 | K16: =IF(A16="","",Inputs!$B$13/((IF(AV16="",Inputs!$B$18,AV16)+Inputs!$B$14)^Inputs!$B$15)) | L16: =IF(A16="","",IF(H16="","",0.000000278*IF(I16<>"",I16,IFERROR(SUMIFS(CB_plan!$H:$H,CB_plan!$F:$F,$A16)/SUMIFS(CB_plan!$G:$G,CB_plan!$F:$F,$A16),Inputs!$B$17))*H16*K16)) | M16: =IF(A16="","",SUMIFS($N$4:$N$201,$D$4:$D$201,$A16)) | N16: =IF(A16="","",(L16+M16)*Inputs!$B$16) | P16: =IF(A16="","",IF(O16="",Inputs!$B$7,O16)) | Q16: =IF(A16="","",IF(N16/Inputs!$B$10<=AG16,Inputs!$F$5,IF(N16/Inputs!$B$10>AP16,"OVERSIZE",INDEX(Inputs!$F$5:$F$14,MATCH(N16/Inputs!$B$10,AG16:AP16,1)+1)))) | S16: =IF(A16="","",IF(R16="",Q16,R16)) | T16: =IF(OR(S16="",S16="OVERSIZE"),"",S16/1000) | U16: =IF(T16="","",(1/Inputs!$B$9)*(PI()*T16^2/4)*((T16/4)^(2/3))*SQRT(P16)) | V16: =IF(OR(U16="",N16=""),"",N16/(U16*Inputs!$B$10)) | W16: =IF(OR(T16="",N16=""),"",4*N16/(PI()*T16^2)) | Y16: =IF(A16="","",IF(A16=Inputs!$B$6,Inputs!$B$22,IF(D16="","",IFERROR(INDEX($Z$4:$Z$201,MATCH(D16,$A$4:$A$201,0))+IF(X16="",Inputs!$B$20,X16),"")))) | Z16: =IF(OR(Y16="",P16="",E16=""),"",Y16+P16*E16) | AA16: =IF(C16="","",IFERROR(INDEX(Noeuds_plan!$C$4:$C$200,MATCH(C16,Noeuds_plan!$A$4:$A$200,0)),"")) | AB16: =IF(B16="","",IFERROR(INDEX(Noeuds_plan!$C$4:$C$200,MATCH(B16,Noeuds_plan!$A$4:$A$200,0)),"")) | AC16: =IF(OR(AA16="",Y16=""),"",AA16-Y16) | AD16: =IF(OR(AB16="",Z16=""),"",AB16-Z16) | AE16: =IF(A16="","",IF(OR(V16>1,AND(AY16<>"",AY16<Inputs!$B$11),AND(AY16<>"",AY16>Inputs!$B$12),AC16<Inputs!$B$19,AD16<Inputs!$B$19,P16<Inputs!$B$7,P16>Inputs!$B$8),"CHECK","OK")) | AG16: =IF(A16="","",(1/Inputs!$B$9)*(PI()*(Inputs!$F$5/1000)^2/4)*((Inputs!$F$5/1000/4)^(2/3))*SQRT(P16)) | AH16: =IF(A16="","",(1/Inputs!$B$9)*(PI()*(Inputs!$F$6/1000)^2/4)*((Inputs!$F$6/1000/4)^(2/3))*SQRT(P16)) | AI16: =IF(A16="","",(1/Inputs!$B$9)*(PI()*(Inputs!$F$7/1000)^2/4)*((Inputs!$F$7/1000/4)^(2/3))*SQRT(P16)) | AJ16: =IF(A16="","",(1/Inputs!$B$9)*(PI()*(Inputs!$F$8/1000)^2/4)*((Inputs!$F$8/1000/4)^(2/3))*SQRT(P16)) | AK16: =IF(A16="","",(1/Inputs!$B$9)*(PI()*(Inputs!$F$9/1000)^2/4)*((Inputs!$F$9/1000/4)^(2/3))*SQRT(P16)) | AL16: =IF(A16="","",(1/Inputs!$B$9)*(PI()*(Inputs!$F$10/1000)^2/4)*((Inputs!$F$10/1000/4)^(2/3))*SQRT(P16)) | AM16: =IF(A16="","",(1/Inputs!$B$9)*(PI()*(Inputs!$F$11/1000)^2/4)*((Inputs!$F$11/1000/4)^(2/3))*SQRT(P16)) | AN16: =IF(A16="","",(1/Inputs!$B$9)*(PI()*(Inputs!$F$12/1000)^2/4)*((Inputs!$F$12/1000/4)^(2/3))*SQRT(P16)) | AO16: =IF(A16="","",(1/Inputs!$B$9)*(PI()*(Inputs!$F$13/1000)^2/4)*((Inputs!$F$13/1000/4)^(2/3))*SQRT(P16)) | AP16: =IF(A16="","",(1/Inputs!$B$9)*(PI()*(Inputs!$F$14/1000)^2/4)*((Inputs!$F$14/1000/4)^(2/3))*SQRT(P16)) | AQ16: =IF(A16="","",COUNTIF($D$4:$D$201,$A16)) | AR16: =IF(A16="","",IF(AQ16=0,"START","CONTINUOUS")) | AS16: =IF(A16="","",IF(J16="",Inputs!$B$18,J16)) | AT16: =IF(A16="","",IFERROR(_xludf.maxifs($AV$4:$AV$201,$D$4:$D$201,$A16),"")) | AU16: =IF(A16="","",IF(OR(E16="",Inputs!$B$23=""),"",E16/(Inputs!$B$23*60))) | AV16: =IF(A16="","",IF(AQ16=0,AS16+AU16,IF(AT16="",AS16+AU16,AT16+AU16))) | AW16: =IF(A16="","",W16) | AX16: =IF(OR(T16="",P16=""),"",(1/Inputs!$B$9)*((T16/4)^(2/3))*SQRT(P16)) | AY16: =IF(A16="","",IF(AND(AW16="",AX16="",BA16=""),"",IF(OR(UPPER(TRIM(Inputs!$B$24))="MANNING",UPPER(TRIM(Inputs!$B$24))="M"),AX16,IF(OR(UPPER(TRIM(Inputs!$B$24))="PARTIAL",UPPER(TRIM(Inputs!$B$24))="P"),BA16,IF(OR(UPPER(TRIM(Inputs!$B$24))="MAX",UPPER(TRIM(Inputs!$B$24))="X"),MAX(IF(AW16="",0,AW16),IF(AX16="",0,AX16),IF(BA16="",0,BA16)),AW16))))) | AZ16: =IF(BB16="","",CH16) | BA16: =IF(OR(BB16="",AZ16="",T16="",T16<=0,AZ16<=0),"",BB16/((T16^2/8)*(2*ACOS(1-2*AZ16/T16)-SIN(2*ACOS(1-2*AZ16/T16))))) | BB16: =IF(OR(N16="",BC16=""),"",MIN(N16,BC16)) | BC16: =IF(OR(N16="",T16="",P16=""),"",IF(OR(T16="",P16="",(0.94*T16)="",T16<=0,(0.94*T16)<=0),"",(1/Inputs!$B$9)*((T16^2/8)*((2*ACOS(1-2*(0.94*T16)/T16))-SIN((2*ACOS(1-2*(0.94*T16)/T16)))))*((((T16^2/8)*((2*ACOS(1-2*(0.94*T16)/T16))-SIN((2*ACOS(1-2*(0.94*T16)/T16)))))/((T16/2)*((2*ACOS(1-2*(0.94*T16)/T16)))))^(2/3))*SQRT(P16))) | BD16: =IF(BB16="","",0.001*T16) | BE16: =IF(BB16="","",0.94*T16) | BF16: =IF(BB16="","",(BD16+BE16)/2) | BG16: =IF(OR(T16="",P16="",BF16="",T16<=0,BF16<=0),"",(1/Inputs!$B$9)*((T16^2/8)*((2*ACOS(1-2*BF16/T16))-SIN((2*ACOS(1-2*BF16/T16)))))*((((T16^2/8)*((2*ACOS(1-2*BF16/T16))-SIN((2*ACOS(1-2*BF16/T16)))))/((T16/2)*((2*ACOS(1-2*BF16/T16)))))^(2/3))*SQRT(P16)) | BH16: =IF(BB16="","",IF(BG16<BB16,BF16,BD16)) | BI16: =IF(BB16="","",IF(BG16<BB16,BE16,BF16)) | BJ16: =IF(BB16="","",(BH16+BI16)/2) | BK16: =IF(OR(T16="",P16="",BJ16="",T16<=0,BJ16<=0),"",(1/Inputs!$B$9)*((T16^2/8)*((2*ACOS(1-2*BJ16/T16))-SIN((2*ACOS(1-2*BJ16/T16)))))*((((T16^2/8)*((2*ACOS(1-2*BJ16/T16))-SIN((2*ACOS(1-2*BJ16/T16)))))/((T16/2)*((2*ACOS(1-2*BJ16/T16)))))^(2/3))*SQRT(P16)) | BL16: =IF(BB16="","",IF(BK16<BB16,BJ16,BH16)) | BM16: =IF(BB16="","",IF(BK16<BB16,BI16,BJ16)) | BN16: =IF(BB16="","",(BL16+BM16)/2) | BO16: =IF(OR(T16="",P16="",BN16="",T16<=0,BN16<=0),"",(1/Inputs!$B$9)*((T16^2/8)*((2*ACOS(1-2*BN16/T16))-SIN((2*ACOS(1-2*BN16/T16)))))*((((T16^2/8)*((2*ACOS(1-2*BN16/T16))-SIN((2*ACOS(1-2*BN16/T16)))))/((T16/2)*((2*ACOS(1-2*BN16/T16)))))^(2/3))*SQRT(P16)) | BP16: =IF(BB16="","",IF(BO16<BB16,BN16,BL16)) | BQ16: =IF(BB16="","",IF(BO16<BB16,BM16,BN16)) | BR16: =IF(BB16="","",(BP16+BQ16)/2) | BS16: =IF(OR(T16="",P16="",BR16="",T16<=0,BR16<=0),"",(1/Inputs!$B$9)*((T16^2/8)*((2*ACOS(1-2*BR16/T16))-SIN((2*ACOS(1-2*BR16/T16)))))*((((T16^2/8)*((2*ACOS(1-2*BR16/T16))-SIN((2*ACOS(1-2*BR16/T16)))))/((T16/2)*((2*ACOS(1-2*BR16/T16)))))^(2/3))*SQRT(P16)) | BT16: =IF(BB16="","",IF(BS16<BB16,BR16,BP16)) | BU16: =IF(BB16="","",IF(BS16<BB16,BQ16,BR16)) | BV16: =IF(BB16="","",(BT16+BU16)/2) | BW16: =IF(OR(T16="",P16="",BV16="",T16<=0,BV16<=0),"",(1/Inputs!$B$9)*((T16^2/8)*((2*ACOS(1-2*BV16/T16))-SIN((2*ACOS(1-2*BV16/T16)))))*((((T16^2/8)*((2*ACOS(1-2*BV16/T16))-SIN((2*ACOS(1-2*BV16/T16)))))/((T16/2)*((2*ACOS(1-2*BV16/T16)))))^(2/3))*SQRT(P16)) | BX16: =IF(BB16="","",IF(BW16<BB16,BV16,BT16)) | BY16: =IF(BB16="","",IF(BW16<BB16,BU16,BV16)) | BZ16: =IF(BB16="","",(BX16+BY16)/2) | CA16: =IF(OR(T16="",P16="",BZ16="",T16<=0,BZ16<=0),"",(1/Inputs!$B$9)*((T16^2/8)*((2*ACOS(1-2*BZ16/T16))-SIN((2*ACOS(1-2*BZ16/T16)))))*((((T16^2/8)*((2*ACOS(1-2*BZ16/T16))-SIN((2*ACOS(1-2*BZ16/T16)))))/((T16/2)*((2*ACOS(1-2*BZ16/T16)))))^(2/3))*SQRT(P16)) | CB16: =IF(BB16="","",IF(CA16<BB16,BZ16,BX16)) | CC16: =IF(BB16="","",IF(CA16<BB16,BY16,BZ16)) | CD16: =IF(BB16="","",(CB16+CC16)/2) | CE16: =IF(OR(T16="",P16="",CD16="",T16<=0,CD16<=0),"",(1/Inputs!$B$9)*((T16^2/8)*((2*ACOS(1-2*CD16/T16))-SIN((2*ACOS(1-2*CD16/T16)))))*((((T16^2/8)*((2*ACOS(1-2*CD16/T16))-SIN((2*ACOS(1-2*CD16/T16)))))/((T16/2)*((2*ACOS(1-2*CD16/T16)))))^(2/3))*SQRT(P16)) | CF16: =IF(BB16="","",IF(CE16<BB16,CD16,CB16)) | CG16: =IF(BB16="","",IF(CE16<BB16,CC16,CD16)) | CH16: =IF(BB16="","",(CF16+CG16)/2)
G17: =SUMIFS(CB_plan!$G:$G,CB_plan!$F:$F,$A17) -> 0 | H17: =IF(F17="",G17,F17) -> 0 | K17: =IF(A17="","",Inputs!$B$13/((IF(AV17="",Inputs!$B$18,AV17)+Inputs!$B$14)^Inputs!$B$15)) | L17: =IF(A17="","",IF(H17="","",0.000000278*IF(I17<>"",I17,IFERROR(SUMIFS(CB_plan!$H:$H,CB_plan!$F:$F,$A17)/SUMIFS(CB_plan!$G:$G,CB_plan!$F:$F,$A17),Inputs!$B$17))*H17*K17)) | M17: =IF(A17="","",SUMIFS($N$4:$N$201,$D$4:$D$201,$A17)) | N17: =IF(A17="","",(L17+M17)*Inputs!$B$16) | P17: =IF(A17="","",IF(O17="",Inputs!$B$7,O17)) | Q17: =IF(A17="","",IF(N17/Inputs!$B$10<=AG17,Inputs!$F$5,IF(N17/Inputs!$B$10>AP17,"OVERSIZE",INDEX(Inputs!$F$5:$F$14,MATCH(N17/Inputs!$B$10,AG17:AP17,1)+1)))) | S17: =IF(A17="","",IF(R17="",Q17,R17)) | T17: =IF(OR(S17="",S17="OVERSIZE"),"",S17/1000) | U17: =IF(T17="","",(1/Inputs!$B$9)*(PI()*T17^2/4)*((T17/4)^(2/3))*SQRT(P17)) | V17: =IF(OR(U17="",N17=""),"",N17/(U17*Inputs!$B$10)) | W17: =IF(OR(T17="",N17=""),"",4*N17/(PI()*T17^2)) | Y17: =IF(A17="","",IF(A17=Inputs!$B$6,Inputs!$B$22,IF(D17="","",IFERROR(INDEX($Z$4:$Z$201,MATCH(D17,$A$4:$A$201,0))+IF(X17="",Inputs!$B$20,X17),"")))) | Z17: =IF(OR(Y17="",P17="",E17=""),"",Y17+P17*E17) | AA17: =IF(C17="","",IFERROR(INDEX(Noeuds_plan!$C$4:$C$200,MATCH(C17,Noeuds_plan!$A$4:$A$200,0)),"")) | AB17: =IF(B17="","",IFERROR(INDEX(Noeuds_plan!$C$4:$C$200,MATCH(B17,Noeuds_plan!$A$4:$A$200,0)),"")) | AC17: =IF(OR(AA17="",Y17=""),"",AA17-Y17) | AD17: =IF(OR(AB17="",Z17=""),"",AB17-Z17) | AE17: =IF(A17="","",IF(OR(V17>1,AND(AY17<>"",AY17<Inputs!$B$11),AND(AY17<>"",AY17>Inputs!$B$12),AC17<Inputs!$B$19,AD17<Inputs!$B$19,P17<Inputs!$B$7,P17>Inputs!$B$8),"CHECK","OK")) | AG17: =IF(A17="","",(1/Inputs!$B$9)*(PI()*(Inputs!$F$5/1000)^2/4)*((Inputs!$F$5/1000/4)^(2/3))*SQRT(P17)) | AH17: =IF(A17="","",(1/Inputs!$B$9)*(PI()*(Inputs!$F$6/1000)^2/4)*((Inputs!$F$6/1000/4)^(2/3))*SQRT(P17)) | AI17: =IF(A17="","",(1/Inputs!$B$9)*(PI()*(Inputs!$F$7/1000)^2/4)*((Inputs!$F$7/1000/4)^(2/3))*SQRT(P17)) | AJ17: =IF(A17="","",(1/Inputs!$B$9)*(PI()*(Inputs!$F$8/1000)^2/4)*((Inputs!$F$8/1000/4)^(2/3))*SQRT(P17)) | AK17: =IF(A17="","",(1/Inputs!$B$9)*(PI()*(Inputs!$F$9/1000)^2/4)*((Inputs!$F$9/1000/4)^(2/3))*SQRT(P17)) | AL17: =IF(A17="","",(1/Inputs!$B$9)*(PI()*(Inputs!$F$10/1000)^2/4)*((Inputs!$F$10/1000/4)^(2/3))*SQRT(P17)) | AM17: =IF(A17="","",(1/Inputs!$B$9)*(PI()*(Inputs!$F$11/1000)^2/4)*((Inputs!$F$11/1000/4)^(2/3))*SQRT(P17)) | AN17: =IF(A17="","",(1/Inputs!$B$9)*(PI()*(Inputs!$F$12/1000)^2/4)*((Inputs!$F$12/1000/4)^(2/3))*SQRT(P17)) | AO17: =IF(A17="","",(1/Inputs!$B$9)*(PI()*(Inputs!$F$13/1000)^2/4)*((Inputs!$F$13/1000/4)^(2/3))*SQRT(P17)) | AP17: =IF(A17="","",(1/Inputs!$B$9)*(PI()*(Inputs!$F$14/1000)^2/4)*((Inputs!$F$14/1000/4)^(2/3))*SQRT(P17)) | AQ17: =IF(A17="","",COUNTIF($D$4:$D$201,$A17)) | AR17: =IF(A17="","",IF(AQ17=0,"START","CONTINUOUS")) | AS17: =IF(A17="","",IF(J17="",Inputs!$B$18,J17)) | AT17: =IF(A17="","",IFERROR(_xludf.maxifs($AV$4:$AV$201,$D$4:$D$201,$A17),"")) | AU17: =IF(A17="","",IF(OR(E17="",Inputs!$B$23=""),"",E17/(Inputs!$B$23*60))) | AV17: =IF(A17="","",IF(AQ17=0,AS17+AU17,IF(AT17="",AS17+AU17,AT17+AU17))) | AW17: =IF(A17="","",W17) | AX17: =IF(OR(T17="",P17=""),"",(1/Inputs!$B$9)*((T17/4)^(2/3))*SQRT(P17)) | AY17: =IF(A17="","",IF(AND(AW17="",AX17="",BA17=""),"",IF(OR(UPPER(TRIM(Inputs!$B$24))="MANNING",UPPER(TRIM(Inputs!$B$24))="M"),AX17,IF(OR(UPPER(TRIM(Inputs!$B$24))="PARTIAL",UPPER(TRIM(Inputs!$B$24))="P"),BA17,IF(OR(UPPER(TRIM(Inputs!$B$24))="MAX",UPPER(TRIM(Inputs!$B$24))="X"),MAX(IF(AW17="",0,AW17),IF(AX17="",0,AX17),IF(BA17="",0,BA17)),AW17))))) | AZ17: =IF(BB17="","",CH17) | BA17: =IF(OR(BB17="",AZ17="",T17="",T17<=0,AZ17<=0),"",BB17/((T17^2/8)*(2*ACOS(1-2*AZ17/T17)-SIN(2*ACOS(1-2*AZ17/T17))))) | BB17: =IF(OR(N17="",BC17=""),"",MIN(N17,BC17)) | BC17: =IF(OR(N17="",T17="",P17=""),"",IF(OR(T17="",P17="",(0.94*T17)="",T17<=0,(0.94*T17)<=0),"",(1/Inputs!$B$9)*((T17^2/8)*((2*ACOS(1-2*(0.94*T17)/T17))-SIN((2*ACOS(1-2*(0.94*T17)/T17)))))*((((T17^2/8)*((2*ACOS(1-2*(0.94*T17)/T17))-SIN((2*ACOS(1-2*(0.94*T17)/T17)))))/((T17/2)*((2*ACOS(1-2*(0.94*T17)/T17)))))^(2/3))*SQRT(P17))) | BD17: =IF(BB17="","",0.001*T17) | BE17: =IF(BB17="","",0.94*T17) | BF17: =IF(BB17="","",(BD17+BE17)/2) | BG17: =IF(OR(T17="",P17="",BF17="",T17<=0,BF17<=0),"",(1/Inputs!$B$9)*((T17^2/8)*((2*ACOS(1-2*BF17/T17))-SIN((2*ACOS(1-2*BF17/T17)))))*((((T17^2/8)*((2*ACOS(1-2*BF17/T17))-SIN((2*ACOS(1-2*BF17/T17)))))/((T17/2)*((2*ACOS(1-2*BF17/T17)))))^(2/3))*SQRT(P17)) | BH17: =IF(BB17="","",IF(BG17<BB17,BF17,BD17)) | BI17: =IF(BB17="","",IF(BG17<BB17,BE17,BF17)) | BJ17: =IF(BB17="","",(BH17+BI17)/2) | BK17: =IF(OR(T17="",P17="",BJ17="",T17<=0,BJ17<=0),"",(1/Inputs!$B$9)*((T17^2/8)*((2*ACOS(1-2*BJ17/T17))-SIN((2*ACOS(1-2*BJ17/T17)))))*((((T17^2/8)*((2*ACOS(1-2*BJ17/T17))-SIN((2*ACOS(1-2*BJ17/T17)))))/((T17/2)*((2*ACOS(1-2*BJ17/T17)))))^(2/3))*SQRT(P17)) | BL17: =IF(BB17="","",IF(BK17<BB17,BJ17,BH17)) | BM17: =IF(BB17="","",IF(BK17<BB17,BI17,BJ17)) | BN17: =IF(BB17="","",(BL17+BM17)/2) | BO17: =IF(OR(T17="",P17="",BN17="",T17<=0,BN17<=0),"",(1/Inputs!$B$9)*((T17^2/8)*((2*ACOS(1-2*BN17/T17))-SIN((2*ACOS(1-2*BN17/T17)))))*((((T17^2/8)*((2*ACOS(1-2*BN17/T17))-SIN((2*ACOS(1-2*BN17/T17)))))/((T17/2)*((2*ACOS(1-2*BN17/T17)))))^(2/3))*SQRT(P17)) | BP17: =IF(BB17="","",IF(BO17<BB17,BN17,BL17)) | BQ17: =IF(BB17="","",IF(BO17<BB17,BM17,BN17)) | BR17: =IF(BB17="","",(BP17+BQ17)/2) | BS17: =IF(OR(T17="",P17="",BR17="",T17<=0,BR17<=0),"",(1/Inputs!$B$9)*((T17^2/8)*((2*ACOS(1-2*BR17/T17))-SIN((2*ACOS(1-2*BR17/T17)))))*((((T17^2/8)*((2*ACOS(1-2*BR17/T17))-SIN((2*ACOS(1-2*BR17/T17)))))/((T17/2)*((2*ACOS(1-2*BR17/T17)))))^(2/3))*SQRT(P17)) | BT17: =IF(BB17="","",IF(BS17<BB17,BR17,BP17)) | BU17: =IF(BB17="","",IF(BS17<BB17,BQ17,BR17)) | BV17: =IF(BB17="","",(BT17+BU17)/2) | BW17: =IF(OR(T17="",P17="",BV17="",T17<=0,BV17<=0),"",(1/Inputs!$B$9)*((T17^2/8)*((2*ACOS(1-2*BV17/T17))-SIN((2*ACOS(1-2*BV17/T17)))))*((((T17^2/8)*((2*ACOS(1-2*BV17/T17))-SIN((2*ACOS(1-2*BV17/T17)))))/((T17/2)*((2*ACOS(1-2*BV17/T17)))))^(2/3))*SQRT(P17)) | BX17: =IF(BB17="","",IF(BW17<BB17,BV17,BT17)) | BY17: =IF(BB17="","",IF(BW17<BB17,BU17,BV17)) | BZ17: =IF(BB17="","",(BX17+BY17)/2) | CA17: =IF(OR(T17="",P17="",BZ17="",T17<=0,BZ17<=0),"",(1/Inputs!$B$9)*((T17^2/8)*((2*ACOS(1-2*BZ17/T17))-SIN((2*ACOS(1-2*BZ17/T17)))))*((((T17^2/8)*((2*ACOS(1-2*BZ17/T17))-SIN((2*ACOS(1-2*BZ17/T17)))))/((T17/2)*((2*ACOS(1-2*BZ17/T17)))))^(2/3))*SQRT(P17)) | CB17: =IF(BB17="","",IF(CA17<BB17,BZ17,BX17)) | CC17: =IF(BB17="","",IF(CA17<BB17,BY17,BZ17)) | CD17: =IF(BB17="","",(CB17+CC17)/2) | CE17: =IF(OR(T17="",P17="",CD17="",T17<=0,CD17<=0),"",(1/Inputs!$B$9)*((T17^2/8)*((2*ACOS(1-2*CD17/T17))-SIN((2*ACOS(1-2*CD17/T17)))))*((((T17^2/8)*((2*ACOS(1-2*CD17/T17))-SIN((2*ACOS(1-2*CD17/T17)))))/((T17/2)*((2*ACOS(1-2*CD17/T17)))))^(2/3))*SQRT(P17)) | CF17: =IF(BB17="","",IF(CE17<BB17,CD17,CB17)) | CG17: =IF(BB17="","",IF(CE17<BB17,CC17,CD17)) | CH17: =IF(BB17="","",(CF17+CG17)/2)
G18: =SUMIFS(CB_plan!$G:$G,CB_plan!$F:$F,$A18) -> 0 | H18: =IF(F18="",G18,F18) -> 0 | K18: =IF(A18="","",Inputs!$B$13/((IF(AV18="",Inputs!$B$18,AV18)+Inputs!$B$14)^Inputs!$B$15)) | L18: =IF(A18="","",IF(H18="","",0.000000278*IF(I18<>"",I18,IFERROR(SUMIFS(CB_plan!$H:$H,CB_plan!$F:$F,$A18)/SUMIFS(CB_plan!$G:$G,CB_plan!$F:$F,$A18),Inputs!$B$17))*H18*K18)) | M18: =IF(A18="","",SUMIFS($N$4:$N$201,$D$4:$D$201,$A18)) | N18: =IF(A18="","",(L18+M18)*Inputs!$B$16) | P18: =IF(A18="","",IF(O18="",Inputs!$B$7,O18)) | Q18: =IF(A18="","",IF(N18/Inputs!$B$10<=AG18,Inputs!$F$5,IF(N18/Inputs!$B$10>AP18,"OVERSIZE",INDEX(Inputs!$F$5:$F$14,MATCH(N18/Inputs!$B$10,AG18:AP18,1)+1)))) | S18: =IF(A18="","",IF(R18="",Q18,R18)) | T18: =IF(OR(S18="",S18="OVERSIZE"),"",S18/1000) | U18: =IF(T18="","",(1/Inputs!$B$9)*(PI()*T18^2/4)*((T18/4)^(2/3))*SQRT(P18)) | V18: =IF(OR(U18="",N18=""),"",N18/(U18*Inputs!$B$10)) | W18: =IF(OR(T18="",N18=""),"",4*N18/(PI()*T18^2)) | Y18: =IF(A18="","",IF(A18=Inputs!$B$6,Inputs!$B$22,IF(D18="","",IFERROR(INDEX($Z$4:$Z$201,MATCH(D18,$A$4:$A$201,0))+IF(X18="",Inputs!$B$20,X18),"")))) | Z18: =IF(OR(Y18="",P18="",E18=""),"",Y18+P18*E18) | AA18: =IF(C18="","",IFERROR(INDEX(Noeuds_plan!$C$4:$C$200,MATCH(C18,Noeuds_plan!$A$4:$A$200,0)),"")) | AB18: =IF(B18="","",IFERROR(INDEX(Noeuds_plan!$C$4:$C$200,MATCH(B18,Noeuds_plan!$A$4:$A$200,0)),"")) | AC18: =IF(OR(AA18="",Y18=""),"",AA18-Y18) | AD18: =IF(OR(AB18="",Z18=""),"",AB18-Z18) | AE18: =IF(A18="","",IF(OR(V18>1,AND(AY18<>"",AY18<Inputs!$B$11),AND(AY18<>"",AY18>Inputs!$B$12),AC18<Inputs!$B$19,AD18<Inputs!$B$19,P18<Inputs!$B$7,P18>Inputs!$B$8),"CHECK","OK")) | AG18: =IF(A18="","",(1/Inputs!$B$9)*(PI()*(Inputs!$F$5/1000)^2/4)*((Inputs!$F$5/1000/4)^(2/3))*SQRT(P18)) | AH18: =IF(A18="","",(1/Inputs!$B$9)*(PI()*(Inputs!$F$6/1000)^2/4)*((Inputs!$F$6/1000/4)^(2/3))*SQRT(P18)) | AI18: =IF(A18="","",(1/Inputs!$B$9)*(PI()*(Inputs!$F$7/1000)^2/4)*((Inputs!$F$7/1000/4)^(2/3))*SQRT(P18)) | AJ18: =IF(A18="","",(1/Inputs!$B$9)*(PI()*(Inputs!$F$8/1000)^2/4)*((Inputs!$F$8/1000/4)^(2/3))*SQRT(P18)) | AK18: =IF(A18="","",(1/Inputs!$B$9)*(PI()*(Inputs!$F$9/1000)^2/4)*((Inputs!$F$9/1000/4)^(2/3))*SQRT(P18)) | AL18: =IF(A18="","",(1/Inputs!$B$9)*(PI()*(Inputs!$F$10/1000)^2/4)*((Inputs!$F$10/1000/4)^(2/3))*SQRT(P18)) | AM18: =IF(A18="","",(1/Inputs!$B$9)*(PI()*(Inputs!$F$11/1000)^2/4)*((Inputs!$F$11/1000/4)^(2/3))*SQRT(P18)) | AN18: =IF(A18="","",(1/Inputs!$B$9)*(PI()*(Inputs!$F$12/1000)^2/4)*((Inputs!$F$12/1000/4)^(2/3))*SQRT(P18)) | AO18: =IF(A18="","",(1/Inputs!$B$9)*(PI()*(Inputs!$F$13/1000)^2/4)*((Inputs!$F$13/1000/4)^(2/3))*SQRT(P18)) | AP18: =IF(A18="","",(1/Inputs!$B$9)*(PI()*(Inputs!$F$14/1000)^2/4)*((Inputs!$F$14/1000/4)^(2/3))*SQRT(P18)) | AQ18: =IF(A18="","",COUNTIF($D$4:$D$201,$A18)) | AR18: =IF(A18="","",IF(AQ18=0,"START","CONTINUOUS")) | AS18: =IF(A18="","",IF(J18="",Inputs!$B$18,J18)) | AT18: =IF(A18="","",IFERROR(_xludf.maxifs($AV$4:$AV$201,$D$4:$D$201,$A18),"")) | AU18: =IF(A18="","",IF(OR(E18="",Inputs!$B$23=""),"",E18/(Inputs!$B$23*60))) | AV18: =IF(A18="","",IF(AQ18=0,AS18+AU18,IF(AT18="",AS18+AU18,AT18+AU18))) | AW18: =IF(A18="","",W18) | AX18: =IF(OR(T18="",P18=""),"",(1/Inputs!$B$9)*((T18/4)^(2/3))*SQRT(P18)) | AY18: =IF(A18="","",IF(AND(AW18="",AX18="",BA18=""),"",IF(OR(UPPER(TRIM(Inputs!$B$24))="MANNING",UPPER(TRIM(Inputs!$B$24))="M"),AX18,IF(OR(UPPER(TRIM(Inputs!$B$24))="PARTIAL",UPPER(TRIM(Inputs!$B$24))="P"),BA18,IF(OR(UPPER(TRIM(Inputs!$B$24))="MAX",UPPER(TRIM(Inputs!$B$24))="X"),MAX(IF(AW18="",0,AW18),IF(AX18="",0,AX18),IF(BA18="",0,BA18)),AW18))))) | AZ18: =IF(BB18="","",CH18) | BA18: =IF(OR(BB18="",AZ18="",T18="",T18<=0,AZ18<=0),"",BB18/((T18^2/8)*(2*ACOS(1-2*AZ18/T18)-SIN(2*ACOS(1-2*AZ18/T18))))) | BB18: =IF(OR(N18="",BC18=""),"",MIN(N18,BC18)) | BC18: =IF(OR(N18="",T18="",P18=""),"",IF(OR(T18="",P18="",(0.94*T18)="",T18<=0,(0.94*T18)<=0),"",(1/Inputs!$B$9)*((T18^2/8)*((2*ACOS(1-2*(0.94*T18)/T18))-SIN((2*ACOS(1-2*(0.94*T18)/T18)))))*((((T18^2/8)*((2*ACOS(1-2*(0.94*T18)/T18))-SIN((2*ACOS(1-2*(0.94*T18)/T18)))))/((T18/2)*((2*ACOS(1-2*(0.94*T18)/T18)))))^(2/3))*SQRT(P18))) | BD18: =IF(BB18="","",0.001*T18) | BE18: =IF(BB18="","",0.94*T18) | BF18: =IF(BB18="","",(BD18+BE18)/2) | BG18: =IF(OR(T18="",P18="",BF18="",T18<=0,BF18<=0),"",(1/Inputs!$B$9)*((T18^2/8)*((2*ACOS(1-2*BF18/T18))-SIN((2*ACOS(1-2*BF18/T18)))))*((((T18^2/8)*((2*ACOS(1-2*BF18/T18))-SIN((2*ACOS(1-2*BF18/T18)))))/((T18/2)*((2*ACOS(1-2*BF18/T18)))))^(2/3))*SQRT(P18)) | BH18: =IF(BB18="","",IF(BG18<BB18,BF18,BD18)) | BI18: =IF(BB18="","",IF(BG18<BB18,BE18,BF18)) | BJ18: =IF(BB18="","",(BH18+BI18)/2) | BK18: =IF(OR(T18="",P18="",BJ18="",T18<=0,BJ18<=0),"",(1/Inputs!$B$9)*((T18^2/8)*((2*ACOS(1-2*BJ18/T18))-SIN((2*ACOS(1-2*BJ18/T18)))))*((((T18^2/8)*((2*ACOS(1-2*BJ18/T18))-SIN((2*ACOS(1-2*BJ18/T18)))))/((T18/2)*((2*ACOS(1-2*BJ18/T18)))))^(2/3))*SQRT(P18)) | BL18: =IF(BB18="","",IF(BK18<BB18,BJ18,BH18)) | BM18: =IF(BB18="","",IF(BK18<BB18,BI18,BJ18)) | BN18: =IF(BB18="","",(BL18+BM18)/2) | BO18: =IF(OR(T18="",P18="",BN18="",T18<=0,BN18<=0),"",(1/Inputs!$B$9)*((T18^2/8)*((2*ACOS(1-2*BN18/T18))-SIN((2*ACOS(1-2*BN18/T18)))))*((((T18^2/8)*((2*ACOS(1-2*BN18/T18))-SIN((2*ACOS(1-2*BN18/T18)))))/((T18/2)*((2*ACOS(1-2*BN18/T18)))))^(2/3))*SQRT(P18)) | BP18: =IF(BB18="","",IF(BO18<BB18,BN18,BL18)) | BQ18: =IF(BB18="","",IF(BO18<BB18,BM18,BN18)) | BR18: =IF(BB18="","",(BP18+BQ18)/2) | BS18: =IF(OR(T18="",P18="",BR18="",T18<=0,BR18<=0),"",(1/Inputs!$B$9)*((T18^2/8)*((2*ACOS(1-2*BR18/T18))-SIN((2*ACOS(1-2*BR18/T18)))))*((((T18^2/8)*((2*ACOS(1-2*BR18/T18))-SIN((2*ACOS(1-2*BR18/T18)))))/((T18/2)*((2*ACOS(1-2*BR18/T18)))))^(2/3))*SQRT(P18)) | BT18: =IF(BB18="","",IF(BS18<BB18,BR18,BP18)) | BU18: =IF(BB18="","",IF(BS18<BB18,BQ18,BR18)) | BV18: =IF(BB18="","",(BT18+BU18)/2) | BW18: =IF(OR(T18="",P18="",BV18="",T18<=0,BV18<=0),"",(1/Inputs!$B$9)*((T18^2/8)*((2*ACOS(1-2*BV18/T18))-SIN((2*ACOS(1-2*BV18/T18)))))*((((T18^2/8)*((2*ACOS(1-2*BV18/T18))-SIN((2*ACOS(1-2*BV18/T18)))))/((T18/2)*((2*ACOS(1-2*BV18/T18)))))^(2/3))*SQRT(P18)) | BX18: =IF(BB18="","",IF(BW18<BB18,BV18,BT18)) | BY18: =IF(BB18="","",IF(BW18<BB18,BU18,BV18)) | BZ18: =IF(BB18="","",(BX18+BY18)/2) | CA18: =IF(OR(T18="",P18="",BZ18="",T18<=0,BZ18<=0),"",(1/Inputs!$B$9)*((T18^2/8)*((2*ACOS(1-2*BZ18/T18))-SIN((2*ACOS(1-2*BZ18/T18)))))*((((T18^2/8)*((2*ACOS(1-2*BZ18/T18))-SIN((2*ACOS(1-2*BZ18/T18)))))/((T18/2)*((2*ACOS(1-2*BZ18/T18)))))^(2/3))*SQRT(P18)) | CB18: =IF(BB18="","",IF(CA18<BB18,BZ18,BX18)) | CC18: =IF(BB18="","",IF(CA18<BB18,BY18,BZ18)) | CD18: =IF(BB18="","",(CB18+CC18)/2) | CE18: =IF(OR(T18="",P18="",CD18="",T18<=0,CD18<=0),"",(1/Inputs!$B$9)*((T18^2/8)*((2*ACOS(1-2*CD18/T18))-SIN((2*ACOS(1-2*CD18/T18)))))*((((T18^2/8)*((2*ACOS(1-2*CD18/T18))-SIN((2*ACOS(1-2*CD18/T18)))))/((T18/2)*((2*ACOS(1-2*CD18/T18)))))^(2/3))*SQRT(P18)) | CF18: =IF(BB18="","",IF(CE18<BB18,CD18,CB18)) | CG18: =IF(BB18="","",IF(CE18<BB18,CC18,CD18)) | CH18: =IF(BB18="","",(CF18+CG18)/2)
G19: =SUMIFS(CB_plan!$G:$G,CB_plan!$F:$F,$A19) -> 0 | H19: =IF(F19="",G19,F19) -> 0 | K19: =IF(A19="","",Inputs!$B$13/((IF(AV19="",Inputs!$B$18,AV19)+Inputs!$B$14)^Inputs!$B$15)) | L19: =IF(A19="","",IF(H19="","",0.000000278*IF(I19<>"",I19,IFERROR(SUMIFS(CB_plan!$H:$H,CB_plan!$F:$F,$A19)/SUMIFS(CB_plan!$G:$G,CB_plan!$F:$F,$A19),Inputs!$B$17))*H19*K19)) | M19: =IF(A19="","",SUMIFS($N$4:$N$201,$D$4:$D$201,$A19)) | N19: =IF(A19="","",(L19+M19)*Inputs!$B$16) | P19: =IF(A19="","",IF(O19="",Inputs!$B$7,O19)) | Q19: =IF(A19="","",IF(N19/Inputs!$B$10<=AG19,Inputs!$F$5,IF(N19/Inputs!$B$10>AP19,"OVERSIZE",INDEX(Inputs!$F$5:$F$14,MATCH(N19/Inputs!$B$10,AG19:AP19,1)+1)))) | S19: =IF(A19="","",IF(R19="",Q19,R19)) | T19: =IF(OR(S19="",S19="OVERSIZE"),"",S19/1000) | U19: =IF(T19="","",(1/Inputs!$B$9)*(PI()*T19^2/4)*((T19/4)^(2/3))*SQRT(P19)) | V19: =IF(OR(U19="",N19=""),"",N19/(U19*Inputs!$B$10)) | W19: =IF(OR(T19="",N19=""),"",4*N19/(PI()*T19^2)) | Y19: =IF(A19="","",IF(A19=Inputs!$B$6,Inputs!$B$22,IF(D19="","",IFERROR(INDEX($Z$4:$Z$201,MATCH(D19,$A$4:$A$201,0))+IF(X19="",Inputs!$B$20,X19),"")))) | Z19: =IF(OR(Y19="",P19="",E19=""),"",Y19+P19*E19) | AA19: =IF(C19="","",IFERROR(INDEX(Noeuds_plan!$C$4:$C$200,MATCH(C19,Noeuds_plan!$A$4:$A$200,0)),"")) | AB19: =IF(B19="","",IFERROR(INDEX(Noeuds_plan!$C$4:$C$200,MATCH(B19,Noeuds_plan!$A$4:$A$200,0)),"")) | AC19: =IF(OR(AA19="",Y19=""),"",AA19-Y19) | AD19: =IF(OR(AB19="",Z19=""),"",AB19-Z19) | AE19: =IF(A19="","",IF(OR(V19>1,AND(AY19<>"",AY19<Inputs!$B$11),AND(AY19<>"",AY19>Inputs!$B$12),AC19<Inputs!$B$19,AD19<Inputs!$B$19,P19<Inputs!$B$7,P19>Inputs!$B$8),"CHECK","OK")) | AG19: =IF(A19="","",(1/Inputs!$B$9)*(PI()*(Inputs!$F$5/1000)^2/4)*((Inputs!$F$5/1000/4)^(2/3))*SQRT(P19)) | AH19: =IF(A19="","",(1/Inputs!$B$9)*(PI()*(Inputs!$F$6/1000)^2/4)*((Inputs!$F$6/1000/4)^(2/3))*SQRT(P19)) | AI19: =IF(A19="","",(1/Inputs!$B$9)*(PI()*(Inputs!$F$7/1000)^2/4)*((Inputs!$F$7/1000/4)^(2/3))*SQRT(P19)) | AJ19: =IF(A19="","",(1/Inputs!$B$9)*(PI()*(Inputs!$F$8/1000)^2/4)*((Inputs!$F$8/1000/4)^(2/3))*SQRT(P19)) | AK19: =IF(A19="","",(1/Inputs!$B$9)*(PI()*(Inputs!$F$9/1000)^2/4)*((Inputs!$F$9/1000/4)^(2/3))*SQRT(P19)) | AL19: =IF(A19="","",(1/Inputs!$B$9)*(PI()*(Inputs!$F$10/1000)^2/4)*((Inputs!$F$10/1000/4)^(2/3))*SQRT(P19)) | AM19: =IF(A19="","",(1/Inputs!$B$9)*(PI()*(Inputs!$F$11/1000)^2/4)*((Inputs!$F$11/1000/4)^(2/3))*SQRT(P19)) | AN19: =IF(A19="","",(1/Inputs!$B$9)*(PI()*(Inputs!$F$12/1000)^2/4)*((Inputs!$F$12/1000/4)^(2/3))*SQRT(P19)) | AO19: =IF(A19="","",(1/Inputs!$B$9)*(PI()*(Inputs!$F$13/1000)^2/4)*((Inputs!$F$13/1000/4)^(2/3))*SQRT(P19)) | AP19: =IF(A19="","",(1/Inputs!$B$9)*(PI()*(Inputs!$F$14/1000)^2/4)*((Inputs!$F$14/1000/4)^(2/3))*SQRT(P19)) | AQ19: =IF(A19="","",COUNTIF($D$4:$D$201,$A19)) | AR19: =IF(A19="","",IF(AQ19=0,"START","CONTINUOUS")) | AS19: =IF(A19="","",IF(J19="",Inputs!$B$18,J19)) | AT19: =IF(A19="","",IFERROR(_xludf.maxifs($AV$4:$AV$201,$D$4:$D$201,$A19),"")) | AU19: =IF(A19="","",IF(OR(E19="",Inputs!$B$23=""),"",E19/(Inputs!$B$23*60))) | AV19: =IF(A19="","",IF(AQ19=0,AS19+AU19,IF(AT19="",AS19+AU19,AT19+AU19))) | AW19: =IF(A19="","",W19) | AX19: =IF(OR(T19="",P19=""),"",(1/Inputs!$B$9)*((T19/4)^(2/3))*SQRT(P19)) | AY19: =IF(A19="","",IF(AND(AW19="",AX19="",BA19=""),"",IF(OR(UPPER(TRIM(Inputs!$B$24))="MANNING",UPPER(TRIM(Inputs!$B$24))="M"),AX19,IF(OR(UPPER(TRIM(Inputs!$B$24))="PARTIAL",UPPER(TRIM(Inputs!$B$24))="P"),BA19,IF(OR(UPPER(TRIM(Inputs!$B$24))="MAX",UPPER(TRIM(Inputs!$B$24))="X"),MAX(IF(AW19="",0,AW19),IF(AX19="",0,AX19),IF(BA19="",0,BA19)),AW19))))) | AZ19: =IF(BB19="","",CH19) | BA19: =IF(OR(BB19="",AZ19="",T19="",T19<=0,AZ19<=0),"",BB19/((T19^2/8)*(2*ACOS(1-2*AZ19/T19)-SIN(2*ACOS(1-2*AZ19/T19))))) | BB19: =IF(OR(N19="",BC19=""),"",MIN(N19,BC19)) | BC19: =IF(OR(N19="",T19="",P19=""),"",IF(OR(T19="",P19="",(0.94*T19)="",T19<=0,(0.94*T19)<=0),"",(1/Inputs!$B$9)*((T19^2/8)*((2*ACOS(1-2*(0.94*T19)/T19))-SIN((2*ACOS(1-2*(0.94*T19)/T19)))))*((((T19^2/8)*((2*ACOS(1-2*(0.94*T19)/T19))-SIN((2*ACOS(1-2*(0.94*T19)/T19)))))/((T19/2)*((2*ACOS(1-2*(0.94*T19)/T19)))))^(2/3))*SQRT(P19))) | BD19: =IF(BB19="","",0.001*T19) | BE19: =IF(BB19="","",0.94*T19) | BF19: =IF(BB19="","",(BD19+BE19)/2) | BG19: =IF(OR(T19="",P19="",BF19="",T19<=0,BF19<=0),"",(1/Inputs!$B$9)*((T19^2/8)*((2*ACOS(1-2*BF19/T19))-SIN((2*ACOS(1-2*BF19/T19)))))*((((T19^2/8)*((2*ACOS(1-2*BF19/T19))-SIN((2*ACOS(1-2*BF19/T19)))))/((T19/2)*((2*ACOS(1-2*BF19/T19)))))^(2/3))*SQRT(P19)) | BH19: =IF(BB19="","",IF(BG19<BB19,BF19,BD19)) | BI19: =IF(BB19="","",IF(BG19<BB19,BE19,BF19)) | BJ19: =IF(BB19="","",(BH19+BI19)/2) | BK19: =IF(OR(T19="",P19="",BJ19="",T19<=0,BJ19<=0),"",(1/Inputs!$B$9)*((T19^2/8)*((2*ACOS(1-2*BJ19/T19))-SIN((2*ACOS(1-2*BJ19/T19)))))*((((T19^2/8)*((2*ACOS(1-2*BJ19/T19))-SIN((2*ACOS(1-2*BJ19/T19)))))/((T19/2)*((2*ACOS(1-2*BJ19/T19)))))^(2/3))*SQRT(P19)) | BL19: =IF(BB19="","",IF(BK19<BB19,BJ19,BH19)) | BM19: =IF(BB19="","",IF(BK19<BB19,BI19,BJ19)) | BN19: =IF(BB19="","",(BL19+BM19)/2) | BO19: =IF(OR(T19="",P19="",BN19="",T19<=0,BN19<=0),"",(1/Inputs!$B$9)*((T19^2/8)*((2*ACOS(1-2*BN19/T19))-SIN((2*ACOS(1-2*BN19/T19)))))*((((T19^2/8)*((2*ACOS(1-2*BN19/T19))-SIN((2*ACOS(1-2*BN19/T19)))))/((T19/2)*((2*ACOS(1-2*BN19/T19)))))^(2/3))*SQRT(P19)) | BP19: =IF(BB19="","",IF(BO19<BB19,BN19,BL19)) | BQ19: =IF(BB19="","",IF(BO19<BB19,BM19,BN19)) | BR19: =IF(BB19="","",(BP19+BQ19)/2) | BS19: =IF(OR(T19="",P19="",BR19="",T19<=0,BR19<=0),"",(1/Inputs!$B$9)*((T19^2/8)*((2*ACOS(1-2*BR19/T19))-SIN((2*ACOS(1-2*BR19/T19)))))*((((T19^2/8)*((2*ACOS(1-2*BR19/T19))-SIN((2*ACOS(1-2*BR19/T19)))))/((T19/2)*((2*ACOS(1-2*BR19/T19)))))^(2/3))*SQRT(P19)) | BT19: =IF(BB19="","",IF(BS19<BB19,BR19,BP19)) | BU19: =IF(BB19="","",IF(BS19<BB19,BQ19,BR19)) | BV19: =IF(BB19="","",(BT19+BU19)/2) | BW19: =IF(OR(T19="",P19="",BV19="",T19<=0,BV19<=0),"",(1/Inputs!$B$9)*((T19^2/8)*((2*ACOS(1-2*BV19/T19))-SIN((2*ACOS(1-2*BV19/T19)))))*((((T19^2/8)*((2*ACOS(1-2*BV19/T19))-SIN((2*ACOS(1-2*BV19/T19)))))/((T19/2)*((2*ACOS(1-2*BV19/T19)))))^(2/3))*SQRT(P19)) | BX19: =IF(BB19="","",IF(BW19<BB19,BV19,BT19)) | BY19: =IF(BB19="","",IF(BW19<BB19,BU19,BV19)) | BZ19: =IF(BB19="","",(BX19+BY19)/2) | CA19: =IF(OR(T19="",P19="",BZ19="",T19<=0,BZ19<=0),"",(1/Inputs!$B$9)*((T19^2/8)*((2*ACOS(1-2*BZ19/T19))-SIN((2*ACOS(1-2*BZ19/T19)))))*((((T19^2/8)*((2*ACOS(1-2*BZ19/T19))-SIN((2*ACOS(1-2*BZ19/T19)))))/((T19/2)*((2*ACOS(1-2*BZ19/T19)))))^(2/3))*SQRT(P19)) | CB19: =IF(BB19="","",IF(CA19<BB19,BZ19,BX19)) | CC19: =IF(BB19="","",IF(CA19<BB19,BY19,BZ19)) | CD19: =IF(BB19="","",(CB19+CC19)/2) | CE19: =IF(OR(T19="",P19="",CD19="",T19<=0,CD19<=0),"",(1/Inputs!$B$9)*((T19^2/8)*((2*ACOS(1-2*CD19/T19))-SIN((2*ACOS(1-2*CD19/T19)))))*((((T19^2/8)*((2*ACOS(1-2*CD19/T19))-SIN((2*ACOS(1-2*CD19/T19)))))/((T19/2)*((2*ACOS(1-2*CD19/T19)))))^(2/3))*SQRT(P19)) | CF19: =IF(BB19="","",IF(CE19<BB19,CD19,CB19)) | CG19: =IF(BB19="","",IF(CE19<BB19,CC19,CD19)) | CH19: =IF(BB19="","",(CF19+CG19)/2)
G20: =SUMIFS(CB_plan!$G:$G,CB_plan!$F:$F,$A20) -> 0 | H20: =IF(F20="",G20,F20) -> 0 | K20: =IF(A20="","",Inputs!$B$13/((IF(AV20="",Inputs!$B$18,AV20)+Inputs!$B$14)^Inputs!$B$15)) | L20: =IF(A20="","",IF(H20="","",0.000000278*IF(I20<>"",I20,IFERROR(SUMIFS(CB_plan!$H:$H,CB_plan!$F:$F,$A20)/SUMIFS(CB_plan!$G:$G,CB_plan!$F:$F,$A20),Inputs!$B$17))*H20*K20)) | M20: =IF(A20="","",SUMIFS($N$4:$N$201,$D$4:$D$201,$A20)) | N20: =IF(A20="","",(L20+M20)*Inputs!$B$16) | P20: =IF(A20="","",IF(O20="",Inputs!$B$7,O20)) | Q20: =IF(A20="","",IF(N20/Inputs!$B$10<=AG20,Inputs!$F$5,IF(N20/Inputs!$B$10>AP20,"OVERSIZE",INDEX(Inputs!$F$5:$F$14,MATCH(N20/Inputs!$B$10,AG20:AP20,1)+1)))) | S20: =IF(A20="","",IF(R20="",Q20,R20)) | T20: =IF(OR(S20="",S20="OVERSIZE"),"",S20/1000) | U20: =IF(T20="","",(1/Inputs!$B$9)*(PI()*T20^2/4)*((T20/4)^(2/3))*SQRT(P20)) | V20: =IF(OR(U20="",N20=""),"",N20/(U20*Inputs!$B$10)) | W20: =IF(OR(T20="",N20=""),"",4*N20/(PI()*T20^2)) | Y20: =IF(A20="","",IF(A20=Inputs!$B$6,Inputs!$B$22,IF(D20="","",IFERROR(INDEX($Z$4:$Z$201,MATCH(D20,$A$4:$A$201,0))+IF(X20="",Inputs!$B$20,X20),"")))) | Z20: =IF(OR(Y20="",P20="",E20=""),"",Y20+P20*E20) | AA20: =IF(C20="","",IFERROR(INDEX(Noeuds_plan!$C$4:$C$200,MATCH(C20,Noeuds_plan!$A$4:$A$200,0)),"")) | AB20: =IF(B20="","",IFERROR(INDEX(Noeuds_plan!$C$4:$C$200,MATCH(B20,Noeuds_plan!$A$4:$A$200,0)),"")) | AC20: =IF(OR(AA20="",Y20=""),"",AA20-Y20) | AD20: =IF(OR(AB20="",Z20=""),"",AB20-Z20) | AE20: =IF(A20="","",IF(OR(V20>1,AND(AY20<>"",AY20<Inputs!$B$11),AND(AY20<>"",AY20>Inputs!$B$12),AC20<Inputs!$B$19,AD20<Inputs!$B$19,P20<Inputs!$B$7,P20>Inputs!$B$8),"CHECK","OK")) | AG20: =IF(A20="","",(1/Inputs!$B$9)*(PI()*(Inputs!$F$5/1000)^2/4)*((Inputs!$F$5/1000/4)^(2/3))*SQRT(P20)) | AH20: =IF(A20="","",(1/Inputs!$B$9)*(PI()*(Inputs!$F$6/1000)^2/4)*((Inputs!$F$6/1000/4)^(2/3))*SQRT(P20)) | AI20: =IF(A20="","",(1/Inputs!$B$9)*(PI()*(Inputs!$F$7/1000)^2/4)*((Inputs!$F$7/1000/4)^(2/3))*SQRT(P20)) | AJ20: =IF(A20="","",(1/Inputs!$B$9)*(PI()*(Inputs!$F$8/1000)^2/4)*((Inputs!$F$8/1000/4)^(2/3))*SQRT(P20)) | AK20: =IF(A20="","",(1/Inputs!$B$9)*(PI()*(Inputs!$F$9/1000)^2/4)*((Inputs!$F$9/1000/4)^(2/3))*SQRT(P20)) | AL20: =IF(A20="","",(1/Inputs!$B$9)*(PI()*(Inputs!$F$10/1000)^2/4)*((Inputs!$F$10/1000/4)^(2/3))*SQRT(P20)) | AM20: =IF(A20="","",(1/Inputs!$B$9)*(PI()*(Inputs!$F$11/1000)^2/4)*((Inputs!$F$11/1000/4)^(2/3))*SQRT(P20)) | AN20: =IF(A20="","",(1/Inputs!$B$9)*(PI()*(Inputs!$F$12/1000)^2/4)*((Inputs!$F$12/1000/4)^(2/3))*SQRT(P20)) | AO20: =IF(A20="","",(1/Inputs!$B$9)*(PI()*(Inputs!$F$13/1000)^2/4)*((Inputs!$F$13/1000/4)^(2/3))*SQRT(P20)) | AP20: =IF(A20="","",(1/Inputs!$B$9)*(PI()*(Inputs!$F$14/1000)^2/4)*((Inputs!$F$14/1000/4)^(2/3))*SQRT(P20)) | AQ20: =IF(A20="","",COUNTIF($D$4:$D$201,$A20)) | AR20: =IF(A20="","",IF(AQ20=0,"START","CONTINUOUS")) | AS20: =IF(A20="","",IF(J20="",Inputs!$B$18,J20)) | AT20: =IF(A20="","",IFERROR(_xludf.maxifs($AV$4:$AV$201,$D$4:$D$201,$A20),"")) | AU20: =IF(A20="","",IF(OR(E20="",Inputs!$B$23=""),"",E20/(Inputs!$B$23*60))) | AV20: =IF(A20="","",IF(AQ20=0,AS20+AU20,IF(AT20="",AS20+AU20,AT20+AU20))) | AW20: =IF(A20="","",W20) | AX20: =IF(OR(T20="",P20=""),"",(1/Inputs!$B$9)*((T20/4)^(2/3))*SQRT(P20)) | AY20: =IF(A20="","",IF(AND(AW20="",AX20="",BA20=""),"",IF(OR(UPPER(TRIM(Inputs!$B$24))="MANNING",UPPER(TRIM(Inputs!$B$24))="M"),AX20,IF(OR(UPPER(TRIM(Inputs!$B$24))="PARTIAL",UPPER(TRIM(Inputs!$B$24))="P"),BA20,IF(OR(UPPER(TRIM(Inputs!$B$24))="MAX",UPPER(TRIM(Inputs!$B$24))="X"),MAX(IF(AW20="",0,AW20),IF(AX20="",0,AX20),IF(BA20="",0,BA20)),AW20))))) | AZ20: =IF(BB20="","",CH20) | BA20: =IF(OR(BB20="",AZ20="",T20="",T20<=0,AZ20<=0),"",BB20/((T20^2/8)*(2*ACOS(1-2*AZ20/T20)-SIN(2*ACOS(1-2*AZ20/T20))))) | BB20: =IF(OR(N20="",BC20=""),"",MIN(N20,BC20)) | BC20: =IF(OR(N20="",T20="",P20=""),"",IF(OR(T20="",P20="",(0.94*T20)="",T20<=0,(0.94*T20)<=0),"",(1/Inputs!$B$9)*((T20^2/8)*((2*ACOS(1-2*(0.94*T20)/T20))-SIN((2*ACOS(1-2*(0.94*T20)/T20)))))*((((T20^2/8)*((2*ACOS(1-2*(0.94*T20)/T20))-SIN((2*ACOS(1-2*(0.94*T20)/T20)))))/((T20/2)*((2*ACOS(1-2*(0.94*T20)/T20)))))^(2/3))*SQRT(P20))) | BD20: =IF(BB20="","",0.001*T20) | BE20: =IF(BB20="","",0.94*T20) | BF20: =IF(BB20="","",(BD20+BE20)/2) | BG20: =IF(OR(T20="",P20="",BF20="",T20<=0,BF20<=0),"",(1/Inputs!$B$9)*((T20^2/8)*((2*ACOS(1-2*BF20/T20))-SIN((2*ACOS(1-2*BF20/T20)))))*((((T20^2/8)*((2*ACOS(1-2*BF20/T20))-SIN((2*ACOS(1-2*BF20/T20)))))/((T20/2)*((2*ACOS(1-2*BF20/T20)))))^(2/3))*SQRT(P20)) | BH20: =IF(BB20="","",IF(BG20<BB20,BF20,BD20)) | BI20: =IF(BB20="","",IF(BG20<BB20,BE20,BF20)) | BJ20: =IF(BB20="","",(BH20+BI20)/2) | BK20: =IF(OR(T20="",P20="",BJ20="",T20<=0,BJ20<=0),"",(1/Inputs!$B$9)*((T20^2/8)*((2*ACOS(1-2*BJ20/T20))-SIN((2*ACOS(1-2*BJ20/T20)))))*((((T20^2/8)*((2*ACOS(1-2*BJ20/T20))-SIN((2*ACOS(1-2*BJ20/T20)))))/((T20/2)*((2*ACOS(1-2*BJ20/T20)))))^(2/3))*SQRT(P20)) | BL20: =IF(BB20="","",IF(BK20<BB20,BJ20,BH20)) | BM20: =IF(BB20="","",IF(BK20<BB20,BI20,BJ20)) | BN20: =IF(BB20="","",(BL20+BM20)/2) | BO20: =IF(OR(T20="",P20="",BN20="",T20<=0,BN20<=0),"",(1/Inputs!$B$9)*((T20^2/8)*((2*ACOS(1-2*BN20/T20))-SIN((2*ACOS(1-2*BN20/T20)))))*((((T20^2/8)*((2*ACOS(1-2*BN20/T20))-SIN((2*ACOS(1-2*BN20/T20)))))/((T20/2)*((2*ACOS(1-2*BN20/T20)))))^(2/3))*SQRT(P20)) | BP20: =IF(BB20="","",IF(BO20<BB20,BN20,BL20)) | BQ20: =IF(BB20="","",IF(BO20<BB20,BM20,BN20)) | BR20: =IF(BB20="","",(BP20+BQ20)/2) | BS20: =IF(OR(T20="",P20="",BR20="",T20<=0,BR20<=0),"",(1/Inputs!$B$9)*((T20^2/8)*((2*ACOS(1-2*BR20/T20))-SIN((2*ACOS(1-2*BR20/T20)))))*((((T20^2/8)*((2*ACOS(1-2*BR20/T20))-SIN((2*ACOS(1-2*BR20/T20)))))/((T20/2)*((2*ACOS(1-2*BR20/T20)))))^(2/3))*SQRT(P20)) | BT20: =IF(BB20="","",IF(BS20<BB20,BR20,BP20)) | BU20: =IF(BB20="","",IF(BS20<BB20,BQ20,BR20)) | BV20: =IF(BB20="","",(BT20+BU20)/2) | BW20: =IF(OR(T20="",P20="",BV20="",T20<=0,BV20<=0),"",(1/Inputs!$B$9)*((T20^2/8)*((2*ACOS(1-2*BV20/T20))-SIN((2*ACOS(1-2*BV20/T20)))))*((((T20^2/8)*((2*ACOS(1-2*BV20/T20))-SIN((2*ACOS(1-2*BV20/T20)))))/((T20/2)*((2*ACOS(1-2*BV20/T20)))))^(2/3))*SQRT(P20)) | BX20: =IF(BB20="","",IF(BW20<BB20,BV20,BT20)) | BY20: =IF(BB20="","",IF(BW20<BB20,BU20,BV20)) | BZ20: =IF(BB20="","",(BX20+BY20)/2) | CA20: =IF(OR(T20="",P20="",BZ20="",T20<=0,BZ20<=0),"",(1/Inputs!$B$9)*((T20^2/8)*((2*ACOS(1-2*BZ20/T20))-SIN((2*ACOS(1-2*BZ20/T20)))))*((((T20^2/8)*((2*ACOS(1-2*BZ20/T20))-SIN((2*ACOS(1-2*BZ20/T20)))))/((T20/2)*((2*ACOS(1-2*BZ20/T20)))))^(2/3))*SQRT(P20)) | CB20: =IF(BB20="","",IF(CA20<BB20,BZ20,BX20)) | CC20: =IF(BB20="","",IF(CA20<BB20,BY20,BZ20)) | CD20: =IF(BB20="","",(CB20+CC20)/2) | CE20: =IF(OR(T20="",P20="",CD20="",T20<=0,CD20<=0),"",(1/Inputs!$B$9)*((T20^2/8)*((2*ACOS(1-2*CD20/T20))-SIN((2*ACOS(1-2*CD20/T20)))))*((((T20^2/8)*((2*ACOS(1-2*CD20/T20))-SIN((2*ACOS(1-2*CD20/T20)))))/((T20/2)*((2*ACOS(1-2*CD20/T20)))))^(2/3))*SQRT(P20)) | CF20: =IF(BB20="","",IF(CE20<BB20,CD20,CB20)) | CG20: =IF(BB20="","",IF(CE20<BB20,CC20,CD20)) | CH20: =IF(BB20="","",(CF20+CG20)/2)
G21: =SUMIFS(CB_plan!$G:$G,CB_plan!$F:$F,$A21) -> 0 | H21: =IF(F21="",G21,F21) -> 0 | K21: =IF(A21="","",Inputs!$B$13/((IF(AV21="",Inputs!$B$18,AV21)+Inputs!$B$14)^Inputs!$B$15)) | L21: =IF(A21="","",IF(H21="","",0.000000278*IF(I21<>"",I21,IFERROR(SUMIFS(CB_plan!$H:$H,CB_plan!$F:$F,$A21)/SUMIFS(CB_plan!$G:$G,CB_plan!$F:$F,$A21),Inputs!$B$17))*H21*K21)) | M21: =IF(A21="","",SUMIFS($N$4:$N$201,$D$4:$D$201,$A21)) | N21: =IF(A21="","",(L21+M21)*Inputs!$B$16) | P21: =IF(A21="","",IF(O21="",Inputs!$B$7,O21)) | Q21: =IF(A21="","",IF(N21/Inputs!$B$10<=AG21,Inputs!$F$5,IF(N21/Inputs!$B$10>AP21,"OVERSIZE",INDEX(Inputs!$F$5:$F$14,MATCH(N21/Inputs!$B$10,AG21:AP21,1)+1)))) | S21: =IF(A21="","",IF(R21="",Q21,R21)) | T21: =IF(OR(S21="",S21="OVERSIZE"),"",S21/1000) | U21: =IF(T21="","",(1/Inputs!$B$9)*(PI()*T21^2/4)*((T21/4)^(2/3))*SQRT(P21)) | V21: =IF(OR(U21="",N21=""),"",N21/(U21*Inputs!$B$10)) | W21: =IF(OR(T21="",N21=""),"",4*N21/(PI()*T21^2)) | Y21: =IF(A21="","",IF(A21=Inputs!$B$6,Inputs!$B$22,IF(D21="","",IFERROR(INDEX($Z$4:$Z$201,MATCH(D21,$A$4:$A$201,0))+IF(X21="",Inputs!$B$20,X21),"")))) | Z21: =IF(OR(Y21="",P21="",E21=""),"",Y21+P21*E21) | AA21: =IF(C21="","",IFERROR(INDEX(Noeuds_plan!$C$4:$C$200,MATCH(C21,Noeuds_plan!$A$4:$A$200,0)),"")) | AB21: =IF(B21="","",IFERROR(INDEX(Noeuds_plan!$C$4:$C$200,MATCH(B21,Noeuds_plan!$A$4:$A$200,0)),"")) | AC21: =IF(OR(AA21="",Y21=""),"",AA21-Y21) | AD21: =IF(OR(AB21="",Z21=""),"",AB21-Z21) | AE21: =IF(A21="","",IF(OR(V21>1,AND(AY21<>"",AY21<Inputs!$B$11),AND(AY21<>"",AY21>Inputs!$B$12),AC21<Inputs!$B$19,AD21<Inputs!$B$19,P21<Inputs!$B$7,P21>Inputs!$B$8),"CHECK","OK")) | AG21: =IF(A21="","",(1/Inputs!$B$9)*(PI()*(Inputs!$F$5/1000)^2/4)*((Inputs!$F$5/1000/4)^(2/3))*SQRT(P21)) | AH21: =IF(A21="","",(1/Inputs!$B$9)*(PI()*(Inputs!$F$6/1000)^2/4)*((Inputs!$F$6/1000/4)^(2/3))*SQRT(P21)) | AI21: =IF(A21="","",(1/Inputs!$B$9)*(PI()*(Inputs!$F$7/1000)^2/4)*((Inputs!$F$7/1000/4)^(2/3))*SQRT(P21)) | AJ21: =IF(A21="","",(1/Inputs!$B$9)*(PI()*(Inputs!$F$8/1000)^2/4)*((Inputs!$F$8/1000/4)^(2/3))*SQRT(P21)) | AK21: =IF(A21="","",(1/Inputs!$B$9)*(PI()*(Inputs!$F$9/1000)^2/4)*((Inputs!$F$9/1000/4)^(2/3))*SQRT(P21)) | AL21: =IF(A21="","",(1/Inputs!$B$9)*(PI()*(Inputs!$F$10/1000)^2/4)*((Inputs!$F$10/1000/4)^(2/3))*SQRT(P21)) | AM21: =IF(A21="","",(1/Inputs!$B$9)*(PI()*(Inputs!$F$11/1000)^2/4)*((Inputs!$F$11/1000/4)^(2/3))*SQRT(P21)) | AN21: =IF(A21="","",(1/Inputs!$B$9)*(PI()*(Inputs!$F$12/1000)^2/4)*((Inputs!$F$12/1000/4)^(2/3))*SQRT(P21)) | AO21: =IF(A21="","",(1/Inputs!$B$9)*(PI()*(Inputs!$F$13/1000)^2/4)*((Inputs!$F$13/1000/4)^(2/3))*SQRT(P21)) | AP21: =IF(A21="","",(1/Inputs!$B$9)*(PI()*(Inputs!$F$14/1000)^2/4)*((Inputs!$F$14/1000/4)^(2/3))*SQRT(P21)) | AQ21: =IF(A21="","",COUNTIF($D$4:$D$201,$A21)) | AR21: =IF(A21="","",IF(AQ21=0,"START","CONTINUOUS")) | AS21: =IF(A21="","",IF(J21="",Inputs!$B$18,J21)) | AT21: =IF(A21="","",IFERROR(_xludf.maxifs($AV$4:$AV$201,$D$4:$D$201,$A21),"")) | AU21: =IF(A21="","",IF(OR(E21="",Inputs!$B$23=""),"",E21/(Inputs!$B$23*60))) | AV21: =IF(A21="","",IF(AQ21=0,AS21+AU21,IF(AT21="",AS21+AU21,AT21+AU21))) | AW21: =IF(A21="","",W21) | AX21: =IF(OR(T21="",P21=""),"",(1/Inputs!$B$9)*((T21/4)^(2/3))*SQRT(P21)) | AY21: =IF(A21="","",IF(AND(AW21="",AX21="",BA21=""),"",IF(OR(UPPER(TRIM(Inputs!$B$24))="MANNING",UPPER(TRIM(Inputs!$B$24))="M"),AX21,IF(OR(UPPER(TRIM(Inputs!$B$24))="PARTIAL",UPPER(TRIM(Inputs!$B$24))="P"),BA21,IF(OR(UPPER(TRIM(Inputs!$B$24))="MAX",UPPER(TRIM(Inputs!$B$24))="X"),MAX(IF(AW21="",0,AW21),IF(AX21="",0,AX21),IF(BA21="",0,BA21)),AW21))))) | AZ21: =IF(BB21="","",CH21) | BA21: =IF(OR(BB21="",AZ21="",T21="",T21<=0,AZ21<=0),"",BB21/((T21^2/8)*(2*ACOS(1-2*AZ21/T21)-SIN(2*ACOS(1-2*AZ21/T21))))) | BB21: =IF(OR(N21="",BC21=""),"",MIN(N21,BC21)) | BC21: =IF(OR(N21="",T21="",P21=""),"",IF(OR(T21="",P21="",(0.94*T21)="",T21<=0,(0.94*T21)<=0),"",(1/Inputs!$B$9)*((T21^2/8)*((2*ACOS(1-2*(0.94*T21)/T21))-SIN((2*ACOS(1-2*(0.94*T21)/T21)))))*((((T21^2/8)*((2*ACOS(1-2*(0.94*T21)/T21))-SIN((2*ACOS(1-2*(0.94*T21)/T21)))))/((T21/2)*((2*ACOS(1-2*(0.94*T21)/T21)))))^(2/3))*SQRT(P21))) | BD21: =IF(BB21="","",0.001*T21) | BE21: =IF(BB21="","",0.94*T21) | BF21: =IF(BB21="","",(BD21+BE21)/2) | BG21: =IF(OR(T21="",P21="",BF21="",T21<=0,BF21<=0),"",(1/Inputs!$B$9)*((T21^2/8)*((2*ACOS(1-2*BF21/T21))-SIN((2*ACOS(1-2*BF21/T21)))))*((((T21^2/8)*((2*ACOS(1-2*BF21/T21))-SIN((2*ACOS(1-2*BF21/T21)))))/((T21/2)*((2*ACOS(1-2*BF21/T21)))))^(2/3))*SQRT(P21)) | BH21: =IF(BB21="","",IF(BG21<BB21,BF21,BD21)) | BI21: =IF(BB21="","",IF(BG21<BB21,BE21,BF21)) | BJ21: =IF(BB21="","",(BH21+BI21)/2) | BK21: =IF(OR(T21="",P21="",BJ21="",T21<=0,BJ21<=0),"",(1/Inputs!$B$9)*((T21^2/8)*((2*ACOS(1-2*BJ21/T21))-SIN((2*ACOS(1-2*BJ21/T21)))))*((((T21^2/8)*((2*ACOS(1-2*BJ21/T21))-SIN((2*ACOS(1-2*BJ21/T21)))))/((T21/2)*((2*ACOS(1-2*BJ21/T21)))))^(2/3))*SQRT(P21)) | BL21: =IF(BB21="","",IF(BK21<BB21,BJ21,BH21)) | BM21: =IF(BB21="","",IF(BK21<BB21,BI21,BJ21)) | BN21: =IF(BB21="","",(BL21+BM21)/2) | BO21: =IF(OR(T21="",P21="",BN21="",T21<=0,BN21<=0),"",(1/Inputs!$B$9)*((T21^2/8)*((2*ACOS(1-2*BN21/T21))-SIN((2*ACOS(1-2*BN21/T21)))))*((((T21^2/8)*((2*ACOS(1-2*BN21/T21))-SIN((2*ACOS(1-2*BN21/T21)))))/((T21/2)*((2*ACOS(1-2*BN21/T21)))))^(2/3))*SQRT(P21)) | BP21: =IF(BB21="","",IF(BO21<BB21,BN21,BL21)) | BQ21: =IF(BB21="","",IF(BO21<BB21,BM21,BN21)) | BR21: =IF(BB21="","",(BP21+BQ21)/2) | BS21: =IF(OR(T21="",P21="",BR21="",T21<=0,BR21<=0),"",(1/Inputs!$B$9)*((T21^2/8)*((2*ACOS(1-2*BR21/T21))-SIN((2*ACOS(1-2*BR21/T21)))))*((((T21^2/8)*((2*ACOS(1-2*BR21/T21))-SIN((2*ACOS(1-2*BR21/T21)))))/((T21/2)*((2*ACOS(1-2*BR21/T21)))))^(2/3))*SQRT(P21)) | BT21: =IF(BB21="","",IF(BS21<BB21,BR21,BP21)) | BU21: =IF(BB21="","",IF(BS21<BB21,BQ21,BR21)) | BV21: =IF(BB21="","",(BT21+BU21)/2) | BW21: =IF(OR(T21="",P21="",BV21="",T21<=0,BV21<=0),"",(1/Inputs!$B$9)*((T21^2/8)*((2*ACOS(1-2*BV21/T21))-SIN((2*ACOS(1-2*BV21/T21)))))*((((T21^2/8)*((2*ACOS(1-2*BV21/T21))-SIN((2*ACOS(1-2*BV21/T21)))))/((T21/2)*((2*ACOS(1-2*BV21/T21)))))^(2/3))*SQRT(P21)) | BX21: =IF(BB21="","",IF(BW21<BB21,BV21,BT21)) | BY21: =IF(BB21="","",IF(BW21<BB21,BU21,BV21)) | BZ21: =IF(BB21="","",(BX21+BY21)/2) | CA21: =IF(OR(T21="",P21="",BZ21="",T21<=0,BZ21<=0),"",(1/Inputs!$B$9)*((T21^2/8)*((2*ACOS(1-2*BZ21/T21))-SIN((2*ACOS(1-2*BZ21/T21)))))*((((T21^2/8)*((2*ACOS(1-2*BZ21/T21))-SIN((2*ACOS(1-2*BZ21/T21)))))/((T21/2)*((2*ACOS(1-2*BZ21/T21)))))^(2/3))*SQRT(P21)) | CB21: =IF(BB21="","",IF(CA21<BB21,BZ21,BX21)) | CC21: =IF(BB21="","",IF(CA21<BB21,BY21,BZ21)) | CD21: =IF(BB21="","",(CB21+CC21)/2) | CE21: =IF(OR(T21="",P21="",CD21="",T21<=0,CD21<=0),"",(1/Inputs!$B$9)*((T21^2/8)*((2*ACOS(1-2*CD21/T21))-SIN((2*ACOS(1-2*CD21/T21)))))*((((T21^2/8)*((2*ACOS(1-2*CD21/T21))-SIN((2*ACOS(1-2*CD21/T21)))))/((T21/2)*((2*ACOS(1-2*CD21/T21)))))^(2/3))*SQRT(P21)) | CF21: =IF(BB21="","",IF(CE21<BB21,CD21,CB21)) | CG21: =IF(BB21="","",IF(CE21<BB21,CC21,CD21)) | CH21: =IF(BB21="","",(CF21+CG21)/2)
G22: =SUMIFS(CB_plan!$G:$G,CB_plan!$F:$F,$A22) -> 0 | H22: =IF(F22="",G22,F22) -> 0 | K22: =IF(A22="","",Inputs!$B$13/((IF(AV22="",Inputs!$B$18,AV22)+Inputs!$B$14)^Inputs!$B$15)) | L22: =IF(A22="","",IF(H22="","",0.000000278*IF(I22<>"",I22,IFERROR(SUMIFS(CB_plan!$H:$H,CB_plan!$F:$F,$A22)/SUMIFS(CB_plan!$G:$G,CB_plan!$F:$F,$A22),Inputs!$B$17))*H22*K22)) | M22: =IF(A22="","",SUMIFS($N$4:$N$201,$D$4:$D$201,$A22)) | N22: =IF(A22="","",(L22+M22)*Inputs!$B$16) | P22: =IF(A22="","",IF(O22="",Inputs!$B$7,O22)) | Q22: =IF(A22="","",IF(N22/Inputs!$B$10<=AG22,Inputs!$F$5,IF(N22/Inputs!$B$10>AP22,"OVERSIZE",INDEX(Inputs!$F$5:$F$14,MATCH(N22/Inputs!$B$10,AG22:AP22,1)+1)))) | S22: =IF(A22="","",IF(R22="",Q22,R22)) | T22: =IF(OR(S22="",S22="OVERSIZE"),"",S22/1000) | U22: =IF(T22="","",(1/Inputs!$B$9)*(PI()*T22^2/4)*((T22/4)^(2/3))*SQRT(P22)) | V22: =IF(OR(U22="",N22=""),"",N22/(U22*Inputs!$B$10)) | W22: =IF(OR(T22="",N22=""),"",4*N22/(PI()*T22^2)) | Y22: =IF(A22="","",IF(A22=Inputs!$B$6,Inputs!$B$22,IF(D22="","",IFERROR(INDEX($Z$4:$Z$201,MATCH(D22,$A$4:$A$201,0))+IF(X22="",Inputs!$B$20,X22),"")))) | Z22: =IF(OR(Y22="",P22="",E22=""),"",Y22+P22*E22) | AA22: =IF(C22="","",IFERROR(INDEX(Noeuds_plan!$C$4:$C$200,MATCH(C22,Noeuds_plan!$A$4:$A$200,0)),"")) | AB22: =IF(B22="","",IFERROR(INDEX(Noeuds_plan!$C$4:$C$200,MATCH(B22,Noeuds_plan!$A$4:$A$200,0)),"")) | AC22: =IF(OR(AA22="",Y22=""),"",AA22-Y22) | AD22: =IF(OR(AB22="",Z22=""),"",AB22-Z22) | AE22: =IF(A22="","",IF(OR(V22>1,AND(AY22<>"",AY22<Inputs!$B$11),AND(AY22<>"",AY22>Inputs!$B$12),AC22<Inputs!$B$19,AD22<Inputs!$B$19,P22<Inputs!$B$7,P22>Inputs!$B$8),"CHECK","OK")) | AG22: =IF(A22="","",(1/Inputs!$B$9)*(PI()*(Inputs!$F$5/1000)^2/4)*((Inputs!$F$5/1000/4)^(2/3))*SQRT(P22)) | AH22: =IF(A22="","",(1/Inputs!$B$9)*(PI()*(Inputs!$F$6/1000)^2/4)*((Inputs!$F$6/1000/4)^(2/3))*SQRT(P22)) | AI22: =IF(A22="","",(1/Inputs!$B$9)*(PI()*(Inputs!$F$7/1000)^2/4)*((Inputs!$F$7/1000/4)^(2/3))*SQRT(P22)) | AJ22: =IF(A22="","",(1/Inputs!$B$9)*(PI()*(Inputs!$F$8/1000)^2/4)*((Inputs!$F$8/1000/4)^(2/3))*SQRT(P22)) | AK22: =IF(A22="","",(1/Inputs!$B$9)*(PI()*(Inputs!$F$9/1000)^2/4)*((Inputs!$F$9/1000/4)^(2/3))*SQRT(P22)) | AL22: =IF(A22="","",(1/Inputs!$B$9)*(PI()*(Inputs!$F$10/1000)^2/4)*((Inputs!$F$10/1000/4)^(2/3))*SQRT(P22)) | AM22: =IF(A22="","",(1/Inputs!$B$9)*(PI()*(Inputs!$F$11/1000)^2/4)*((Inputs!$F$11/1000/4)^(2/3))*SQRT(P22)) | AN22: =IF(A22="","",(1/Inputs!$B$9)*(PI()*(Inputs!$F$12/1000)^2/4)*((Inputs!$F$12/1000/4)^(2/3))*SQRT(P22)) | AO22: =IF(A22="","",(1/Inputs!$B$9)*(PI()*(Inputs!$F$13/1000)^2/4)*((Inputs!$F$13/1000/4)^(2/3))*SQRT(P22)) | AP22: =IF(A22="","",(1/Inputs!$B$9)*(PI()*(Inputs!$F$14/1000)^2/4)*((Inputs!$F$14/1000/4)^(2/3))*SQRT(P22)) | AQ22: =IF(A22="","",COUNTIF($D$4:$D$201,$A22)) | AR22: =IF(A22="","",IF(AQ22=0,"START","CONTINUOUS")) | AS22: =IF(A22="","",IF(J22="",Inputs!$B$18,J22)) | AT22: =IF(A22="","",IFERROR(_xludf.maxifs($AV$4:$AV$201,$D$4:$D$201,$A22),"")) | AU22: =IF(A22="","",IF(OR(E22="",Inputs!$B$23=""),"",E22/(Inputs!$B$23*60))) | AV22: =IF(A22="","",IF(AQ22=0,AS22+AU22,IF(AT22="",AS22+AU22,AT22+AU22))) | AW22: =IF(A22="","",W22) | AX22: =IF(OR(T22="",P22=""),"",(1/Inputs!$B$9)*((T22/4)^(2/3))*SQRT(P22)) | AY22: =IF(A22="","",IF(AND(AW22="",AX22="",BA22=""),"",IF(OR(UPPER(TRIM(Inputs!$B$24))="MANNING",UPPER(TRIM(Inputs!$B$24))="M"),AX22,IF(OR(UPPER(TRIM(Inputs!$B$24))="PARTIAL",UPPER(TRIM(Inputs!$B$24))="P"),BA22,IF(OR(UPPER(TRIM(Inputs!$B$24))="MAX",UPPER(TRIM(Inputs!$B$24))="X"),MAX(IF(AW22="",0,AW22),IF(AX22="",0,AX22),IF(BA22="",0,BA22)),AW22))))) | AZ22: =IF(BB22="","",CH22) | BA22: =IF(OR(BB22="",AZ22="",T22="",T22<=0,AZ22<=0),"",BB22/((T22^2/8)*(2*ACOS(1-2*AZ22/T22)-SIN(2*ACOS(1-2*AZ22/T22))))) | BB22: =IF(OR(N22="",BC22=""),"",MIN(N22,BC22)) | BC22: =IF(OR(N22="",T22="",P22=""),"",IF(OR(T22="",P22="",(0.94*T22)="",T22<=0,(0.94*T22)<=0),"",(1/Inputs!$B$9)*((T22^2/8)*((2*ACOS(1-2*(0.94*T22)/T22))-SIN((2*ACOS(1-2*(0.94*T22)/T22)))))*((((T22^2/8)*((2*ACOS(1-2*(0.94*T22)/T22))-SIN((2*ACOS(1-2*(0.94*T22)/T22)))))/((T22/2)*((2*ACOS(1-2*(0.94*T22)/T22)))))^(2/3))*SQRT(P22))) | BD22: =IF(BB22="","",0.001*T22) | BE22: =IF(BB22="","",0.94*T22) | BF22: =IF(BB22="","",(BD22+BE22)/2) | BG22: =IF(OR(T22="",P22="",BF22="",T22<=0,BF22<=0),"",(1/Inputs!$B$9)*((T22^2/8)*((2*ACOS(1-2*BF22/T22))-SIN((2*ACOS(1-2*BF22/T22)))))*((((T22^2/8)*((2*ACOS(1-2*BF22/T22))-SIN((2*ACOS(1-2*BF22/T22)))))/((T22/2)*((2*ACOS(1-2*BF22/T22)))))^(2/3))*SQRT(P22)) | BH22: =IF(BB22="","",IF(BG22<BB22,BF22,BD22)) | BI22: =IF(BB22="","",IF(BG22<BB22,BE22,BF22)) | BJ22: =IF(BB22="","",(BH22+BI22)/2) | BK22: =IF(OR(T22="",P22="",BJ22="",T22<=0,BJ22<=0),"",(1/Inputs!$B$9)*((T22^2/8)*((2*ACOS(1-2*BJ22/T22))-SIN((2*ACOS(1-2*BJ22/T22)))))*((((T22^2/8)*((2*ACOS(1-2*BJ22/T22))-SIN((2*ACOS(1-2*BJ22/T22)))))/((T22/2)*((2*ACOS(1-2*BJ22/T22)))))^(2/3))*SQRT(P22)) | BL22: =IF(BB22="","",IF(BK22<BB22,BJ22,BH22)) | BM22: =IF(BB22="","",IF(BK22<BB22,BI22,BJ22)) | BN22: =IF(BB22="","",(BL22+BM22)/2) | BO22: =IF(OR(T22="",P22="",BN22="",T22<=0,BN22<=0),"",(1/Inputs!$B$9)*((T22^2/8)*((2*ACOS(1-2*BN22/T22))-SIN((2*ACOS(1-2*BN22/T22)))))*((((T22^2/8)*((2*ACOS(1-2*BN22/T22))-SIN((2*ACOS(1-2*BN22/T22)))))/((T22/2)*((2*ACOS(1-2*BN22/T22)))))^(2/3))*SQRT(P22)) | BP22: =IF(BB22="","",IF(BO22<BB22,BN22,BL22)) | BQ22: =IF(BB22="","",IF(BO22<BB22,BM22,BN22)) | BR22: =IF(BB22="","",(BP22+BQ22)/2) | BS22: =IF(OR(T22="",P22="",BR22="",T22<=0,BR22<=0),"",(1/Inputs!$B$9)*((T22^2/8)*((2*ACOS(1-2*BR22/T22))-SIN((2*ACOS(1-2*BR22/T22)))))*((((T22^2/8)*((2*ACOS(1-2*BR22/T22))-SIN((2*ACOS(1-2*BR22/T22)))))/((T22/2)*((2*ACOS(1-2*BR22/T22)))))^(2/3))*SQRT(P22)) | BT22: =IF(BB22="","",IF(BS22<BB22,BR22,BP22)) | BU22: =IF(BB22="","",IF(BS22<BB22,BQ22,BR22)) | BV22: =IF(BB22="","",(BT22+BU22)/2) | BW22: =IF(OR(T22="",P22="",BV22="",T22<=0,BV22<=0),"",(1/Inputs!$B$9)*((T22^2/8)*((2*ACOS(1-2*BV22/T22))-SIN((2*ACOS(1-2*BV22/T22)))))*((((T22^2/8)*((2*ACOS(1-2*BV22/T22))-SIN((2*ACOS(1-2*BV22/T22)))))/((T22/2)*((2*ACOS(1-2*BV22/T22)))))^(2/3))*SQRT(P22)) | BX22: =IF(BB22="","",IF(BW22<BB22,BV22,BT22)) | BY22: =IF(BB22="","",IF(BW22<BB22,BU22,BV22)) | BZ22: =IF(BB22="","",(BX22+BY22)/2) | CA22: =IF(OR(T22="",P22="",BZ22="",T22<=0,BZ22<=0),"",(1/Inputs!$B$9)*((T22^2/8)*((2*ACOS(1-2*BZ22/T22))-SIN((2*ACOS(1-2*BZ22/T22)))))*((((T22^2/8)*((2*ACOS(1-2*BZ22/T22))-SIN((2*ACOS(1-2*BZ22/T22)))))/((T22/2)*((2*ACOS(1-2*BZ22/T22)))))^(2/3))*SQRT(P22)) | CB22: =IF(BB22="","",IF(CA22<BB22,BZ22,BX22)) | CC22: =IF(BB22="","",IF(CA22<BB22,BY22,BZ22)) | CD22: =IF(BB22="","",(CB22+CC22)/2) | CE22: =IF(OR(T22="",P22="",CD22="",T22<=0,CD22<=0),"",(1/Inputs!$B$9)*((T22^2/8)*((2*ACOS(1-2*CD22/T22))-SIN((2*ACOS(1-2*CD22/T22)))))*((((T22^2/8)*((2*ACOS(1-2*CD22/T22))-SIN((2*ACOS(1-2*CD22/T22)))))/((T22/2)*((2*ACOS(1-2*CD22/T22)))))^(2/3))*SQRT(P22)) | CF22: =IF(BB22="","",IF(CE22<BB22,CD22,CB22)) | CG22: =IF(BB22="","",IF(CE22<BB22,CC22,CD22)) | CH22: =IF(BB22="","",(CF22+CG22)/2)
G23: =SUMIFS(CB_plan!$G:$G,CB_plan!$F:$F,$A23) -> 0 | H23: =IF(F23="",G23,F23) -> 0 | K23: =IF(A23="","",Inputs!$B$13/((IF(AV23="",Inputs!$B$18,AV23)+Inputs!$B$14)^Inputs!$B$15)) | L23: =IF(A23="","",IF(H23="","",0.000000278*IF(I23<>"",I23,IFERROR(SUMIFS(CB_plan!$H:$H,CB_plan!$F:$F,$A23)/SUMIFS(CB_plan!$G:$G,CB_plan!$F:$F,$A23),Inputs!$B$17))*H23*K23)) | M23: =IF(A23="","",SUMIFS($N$4:$N$201,$D$4:$D$201,$A23)) | N23: =IF(A23="","",(L23+M23)*Inputs!$B$16) | P23: =IF(A23="","",IF(O23="",Inputs!$B$7,O23)) | Q23: =IF(A23="","",IF(N23/Inputs!$B$10<=AG23,Inputs!$F$5,IF(N23/Inputs!$B$10>AP23,"OVERSIZE",INDEX(Inputs!$F$5:$F$14,MATCH(N23/Inputs!$B$10,AG23:AP23,1)+1)))) | S23: =IF(A23="","",IF(R23="",Q23,R23)) | T23: =IF(OR(S23="",S23="OVERSIZE"),"",S23/1000) | U23: =IF(T23="","",(1/Inputs!$B$9)*(PI()*T23^2/4)*((T23/4)^(2/3))*SQRT(P23)) | V23: =IF(OR(U23="",N23=""),"",N23/(U23*Inputs!$B$10)) | W23: =IF(OR(T23="",N23=""),"",4*N23/(PI()*T23^2)) | Y23: =IF(A23="","",IF(A23=Inputs!$B$6,Inputs!$B$22,IF(D23="","",IFERROR(INDEX($Z$4:$Z$201,MATCH(D23,$A$4:$A$201,0))+IF(X23="",Inputs!$B$20,X23),"")))) | Z23: =IF(OR(Y23="",P23="",E23=""),"",Y23+P23*E23) | AA23: =IF(C23="","",IFERROR(INDEX(Noeuds_plan!$C$4:$C$200,MATCH(C23,Noeuds_plan!$A$4:$A$200,0)),"")) | AB23: =IF(B23="","",IFERROR(INDEX(Noeuds_plan!$C$4:$C$200,MATCH(B23,Noeuds_plan!$A$4:$A$200,0)),"")) | AC23: =IF(OR(AA23="",Y23=""),"",AA23-Y23) | AD23: =IF(OR(AB23="",Z23=""),"",AB23-Z23) | AE23: =IF(A23="","",IF(OR(V23>1,AND(AY23<>"",AY23<Inputs!$B$11),AND(AY23<>"",AY23>Inputs!$B$12),AC23<Inputs!$B$19,AD23<Inputs!$B$19,P23<Inputs!$B$7,P23>Inputs!$B$8),"CHECK","OK")) | AG23: =IF(A23="","",(1/Inputs!$B$9)*(PI()*(Inputs!$F$5/1000)^2/4)*((Inputs!$F$5/1000/4)^(2/3))*SQRT(P23)) | AH23: =IF(A23="","",(1/Inputs!$B$9)*(PI()*(Inputs!$F$6/1000)^2/4)*((Inputs!$F$6/1000/4)^(2/3))*SQRT(P23)) | AI23: =IF(A23="","",(1/Inputs!$B$9)*(PI()*(Inputs!$F$7/1000)^2/4)*((Inputs!$F$7/1000/4)^(2/3))*SQRT(P23)) | AJ23: =IF(A23="","",(1/Inputs!$B$9)*(PI()*(Inputs!$F$8/1000)^2/4)*((Inputs!$F$8/1000/4)^(2/3))*SQRT(P23)) | AK23: =IF(A23="","",(1/Inputs!$B$9)*(PI()*(Inputs!$F$9/1000)^2/4)*((Inputs!$F$9/1000/4)^(2/3))*SQRT(P23)) | AL23: =IF(A23="","",(1/Inputs!$B$9)*(PI()*(Inputs!$F$10/1000)^2/4)*((Inputs!$F$10/1000/4)^(2/3))*SQRT(P23)) | AM23: =IF(A23="","",(1/Inputs!$B$9)*(PI()*(Inputs!$F$11/1000)^2/4)*((Inputs!$F$11/1000/4)^(2/3))*SQRT(P23)) | AN23: =IF(A23="","",(1/Inputs!$B$9)*(PI()*(Inputs!$F$12/1000)^2/4)*((Inputs!$F$12/1000/4)^(2/3))*SQRT(P23)) | AO23: =IF(A23="","",(1/Inputs!$B$9)*(PI()*(Inputs!$F$13/1000)^2/4)*((Inputs!$F$13/1000/4)^(2/3))*SQRT(P23)) | AP23: =IF(A23="","",(1/Inputs!$B$9)*(PI()*(Inputs!$F$14/1000)^2/4)*((Inputs!$F$14/1000/4)^(2/3))*SQRT(P23)) | AQ23: =IF(A23="","",COUNTIF($D$4:$D$201,$A23)) | AR23: =IF(A23="","",IF(AQ23=0,"START","CONTINUOUS")) | AS23: =IF(A23="","",IF(J23="",Inputs!$B$18,J23)) | AT23: =IF(A23="","",IFERROR(_xludf.maxifs($AV$4:$AV$201,$D$4:$D$201,$A23),"")) | AU23: =IF(A23="","",IF(OR(E23="",Inputs!$B$23=""),"",E23/(Inputs!$B$23*60))) | AV23: =IF(A23="","",IF(AQ23=0,AS23+AU23,IF(AT23="",AS23+AU23,AT23+AU23))) | AW23: =IF(A23="","",W23) | AX23: =IF(OR(T23="",P23=""),"",(1/Inputs!$B$9)*((T23/4)^(2/3))*SQRT(P23)) | AY23: =IF(A23="","",IF(AND(AW23="",AX23="",BA23=""),"",IF(OR(UPPER(TRIM(Inputs!$B$24))="MANNING",UPPER(TRIM(Inputs!$B$24))="M"),AX23,IF(OR(UPPER(TRIM(Inputs!$B$24))="PARTIAL",UPPER(TRIM(Inputs!$B$24))="P"),BA23,IF(OR(UPPER(TRIM(Inputs!$B$24))="MAX",UPPER(TRIM(Inputs!$B$24))="X"),MAX(IF(AW23="",0,AW23),IF(AX23="",0,AX23),IF(BA23="",0,BA23)),AW23))))) | AZ23: =IF(BB23="","",CH23) | BA23: =IF(OR(BB23="",AZ23="",T23="",T23<=0,AZ23<=0),"",BB23/((T23^2/8)*(2*ACOS(1-2*AZ23/T23)-SIN(2*ACOS(1-2*AZ23/T23))))) | BB23: =IF(OR(N23="",BC23=""),"",MIN(N23,BC23)) | BC23: =IF(OR(N23="",T23="",P23=""),"",IF(OR(T23="",P23="",(0.94*T23)="",T23<=0,(0.94*T23)<=0),"",(1/Inputs!$B$9)*((T23^2/8)*((2*ACOS(1-2*(0.94*T23)/T23))-SIN((2*ACOS(1-2*(0.94*T23)/T23)))))*((((T23^2/8)*((2*ACOS(1-2*(0.94*T23)/T23))-SIN((2*ACOS(1-2*(0.94*T23)/T23)))))/((T23/2)*((2*ACOS(1-2*(0.94*T23)/T23)))))^(2/3))*SQRT(P23))) | BD23: =IF(BB23="","",0.001*T23) | BE23: =IF(BB23="","",0.94*T23) | BF23: =IF(BB23="","",(BD23+BE23)/2) | BG23: =IF(OR(T23="",P23="",BF23="",T23<=0,BF23<=0),"",(1/Inputs!$B$9)*((T23^2/8)*((2*ACOS(1-2*BF23/T23))-SIN((2*ACOS(1-2*BF23/T23)))))*((((T23^2/8)*((2*ACOS(1-2*BF23/T23))-SIN((2*ACOS(1-2*BF23/T23)))))/((T23/2)*((2*ACOS(1-2*BF23/T23)))))^(2/3))*SQRT(P23)) | BH23: =IF(BB23="","",IF(BG23<BB23,BF23,BD23)) | BI23: =IF(BB23="","",IF(BG23<BB23,BE23,BF23)) | BJ23: =IF(BB23="","",(BH23+BI23)/2) | BK23: =IF(OR(T23="",P23="",BJ23="",T23<=0,BJ23<=0),"",(1/Inputs!$B$9)*((T23^2/8)*((2*ACOS(1-2*BJ23/T23))-SIN((2*ACOS(1-2*BJ23/T23)))))*((((T23^2/8)*((2*ACOS(1-2*BJ23/T23))-SIN((2*ACOS(1-2*BJ23/T23)))))/((T23/2)*((2*ACOS(1-2*BJ23/T23)))))^(2/3))*SQRT(P23)) | BL23: =IF(BB23="","",IF(BK23<BB23,BJ23,BH23)) | BM23: =IF(BB23="","",IF(BK23<BB23,BI23,BJ23)) | BN23: =IF(BB23="","",(BL23+BM23)/2) | BO23: =IF(OR(T23="",P23="",BN23="",T23<=0,BN23<=0),"",(1/Inputs!$B$9)*((T23^2/8)*((2*ACOS(1-2*BN23/T23))-SIN((2*ACOS(1-2*BN23/T23)))))*((((T23^2/8)*((2*ACOS(1-2*BN23/T23))-SIN((2*ACOS(1-2*BN23/T23)))))/((T23/2)*((2*ACOS(1-2*BN23/T23)))))^(2/3))*SQRT(P23)) | BP23: =IF(BB23="","",IF(BO23<BB23,BN23,BL23)) | BQ23: =IF(BB23="","",IF(BO23<BB23,BM23,BN23)) | BR23: =IF(BB23="","",(BP23+BQ23)/2) | BS23: =IF(OR(T23="",P23="",BR23="",T23<=0,BR23<=0),"",(1/Inputs!$B$9)*((T23^2/8)*((2*ACOS(1-2*BR23/T23))-SIN((2*ACOS(1-2*BR23/T23)))))*((((T23^2/8)*((2*ACOS(1-2*BR23/T23))-SIN((2*ACOS(1-2*BR23/T23)))))/((T23/2)*((2*ACOS(1-2*BR23/T23)))))^(2/3))*SQRT(P23)) | BT23: =IF(BB23="","",IF(BS23<BB23,BR23,BP23)) | BU23: =IF(BB23="","",IF(BS23<BB23,BQ23,BR23)) | BV23: =IF(BB23="","",(BT23+BU23)/2) | BW23: =IF(OR(T23="",P23="",BV23="",T23<=0,BV23<=0),"",(1/Inputs!$B$9)*((T23^2/8)*((2*ACOS(1-2*BV23/T23))-SIN((2*ACOS(1-2*BV23/T23)))))*((((T23^2/8)*((2*ACOS(1-2*BV23/T23))-SIN((2*ACOS(1-2*BV23/T23)))))/((T23/2)*((2*ACOS(1-2*BV23/T23)))))^(2/3))*SQRT(P23)) | BX23: =IF(BB23="","",IF(BW23<BB23,BV23,BT23)) | BY23: =IF(BB23="","",IF(BW23<BB23,BU23,BV23)) | BZ23: =IF(BB23="","",(BX23+BY23)/2) | CA23: =IF(OR(T23="",P23="",BZ23="",T23<=0,BZ23<=0),"",(1/Inputs!$B$9)*((T23^2/8)*((2*ACOS(1-2*BZ23/T23))-SIN((2*ACOS(1-2*BZ23/T23)))))*((((T23^2/8)*((2*ACOS(1-2*BZ23/T23))-SIN((2*ACOS(1-2*BZ23/T23)))))/((T23/2)*((2*ACOS(1-2*BZ23/T23)))))^(2/3))*SQRT(P23)) | CB23: =IF(BB23="","",IF(CA23<BB23,BZ23,BX23)) | CC23: =IF(BB23="","",IF(CA23<BB23,BY23,BZ23)) | CD23: =IF(BB23="","",(CB23+CC23)/2) | CE23: =IF(OR(T23="",P23="",CD23="",T23<=0,CD23<=0),"",(1/Inputs!$B$9)*((T23^2/8)*((2*ACOS(1-2*CD23/T23))-SIN((2*ACOS(1-2*CD23/T23)))))*((((T23^2/8)*((2*ACOS(1-2*CD23/T23))-SIN((2*ACOS(1-2*CD23/T23)))))/((T23/2)*((2*ACOS(1-2*CD23/T23)))))^(2/3))*SQRT(P23)) | CF23: =IF(BB23="","",IF(CE23<BB23,CD23,CB23)) | CG23: =IF(BB23="","",IF(CE23<BB23,CC23,CD23)) | CH23: =IF(BB23="","",(CF23+CG23)/2)
G24: =SUMIFS(CB_plan!$G:$G,CB_plan!$F:$F,$A24) -> 0 | H24: =IF(F24="",G24,F24) -> 0 | K24: =IF(A24="","",Inputs!$B$13/((IF(AV24="",Inputs!$B$18,AV24)+Inputs!$B$14)^Inputs!$B$15)) | L24: =IF(A24="","",IF(H24="","",0.000000278*IF(I24<>"",I24,IFERROR(SUMIFS(CB_plan!$H:$H,CB_plan!$F:$F,$A24)/SUMIFS(CB_plan!$G:$G,CB_plan!$F:$F,$A24),Inputs!$B$17))*H24*K24)) | M24: =IF(A24="","",SUMIFS($N$4:$N$201,$D$4:$D$201,$A24)) | N24: =IF(A24="","",(L24+M24)*Inputs!$B$16) | P24: =IF(A24="","",IF(O24="",Inputs!$B$7,O24)) | Q24: =IF(A24="","",IF(N24/Inputs!$B$10<=AG24,Inputs!$F$5,IF(N24/Inputs!$B$10>AP24,"OVERSIZE",INDEX(Inputs!$F$5:$F$14,MATCH(N24/Inputs!$B$10,AG24:AP24,1)+1)))) | S24: =IF(A24="","",IF(R24="",Q24,R24)) | T24: =IF(OR(S24="",S24="OVERSIZE"),"",S24/1000) | U24: =IF(T24="","",(1/Inputs!$B$9)*(PI()*T24^2/4)*((T24/4)^(2/3))*SQRT(P24)) | V24: =IF(OR(U24="",N24=""),"",N24/(U24*Inputs!$B$10)) | W24: =IF(OR(T24="",N24=""),"",4*N24/(PI()*T24^2)) | Y24: =IF(A24="","",IF(A24=Inputs!$B$6,Inputs!$B$22,IF(D24="","",IFERROR(INDEX($Z$4:$Z$201,MATCH(D24,$A$4:$A$201,0))+IF(X24="",Inputs!$B$20,X24),"")))) | Z24: =IF(OR(Y24="",P24="",E24=""),"",Y24+P24*E24) | AA24: =IF(C24="","",IFERROR(INDEX(Noeuds_plan!$C$4:$C$200,MATCH(C24,Noeuds_plan!$A$4:$A$200,0)),"")) | AB24: =IF(B24="","",IFERROR(INDEX(Noeuds_plan!$C$4:$C$200,MATCH(B24,Noeuds_plan!$A$4:$A$200,0)),"")) | AC24: =IF(OR(AA24="",Y24=""),"",AA24-Y24) | AD24: =IF(OR(AB24="",Z24=""),"",AB24-Z24) | AE24: =IF(A24="","",IF(OR(V24>1,AND(AY24<>"",AY24<Inputs!$B$11),AND(AY24<>"",AY24>Inputs!$B$12),AC24<Inputs!$B$19,AD24<Inputs!$B$19,P24<Inputs!$B$7,P24>Inputs!$B$8),"CHECK","OK")) | AG24: =IF(A24="","",(1/Inputs!$B$9)*(PI()*(Inputs!$F$5/1000)^2/4)*((Inputs!$F$5/1000/4)^(2/3))*SQRT(P24)) | AH24: =IF(A24="","",(1/Inputs!$B$9)*(PI()*(Inputs!$F$6/1000)^2/4)*((Inputs!$F$6/1000/4)^(2/3))*SQRT(P24)) | AI24: =IF(A24="","",(1/Inputs!$B$9)*(PI()*(Inputs!$F$7/1000)^2/4)*((Inputs!$F$7/1000/4)^(2/3))*SQRT(P24)) | AJ24: =IF(A24="","",(1/Inputs!$B$9)*(PI()*(Inputs!$F$8/1000)^2/4)*((Inputs!$F$8/1000/4)^(2/3))*SQRT(P24)) | AK24: =IF(A24="","",(1/Inputs!$B$9)*(PI()*(Inputs!$F$9/1000)^2/4)*((Inputs!$F$9/1000/4)^(2/3))*SQRT(P24)) | AL24: =IF(A24="","",(1/Inputs!$B$9)*(PI()*(Inputs!$F$10/1000)^2/4)*((Inputs!$F$10/1000/4)^(2/3))*SQRT(P24)) | AM24: =IF(A24="","",(1/Inputs!$B$9)*(PI()*(Inputs!$F$11/1000)^2/4)*((Inputs!$F$11/1000/4)^(2/3))*SQRT(P24)) | AN24: =IF(A24="","",(1/Inputs!$B$9)*(PI()*(Inputs!$F$12/1000)^2/4)*((Inputs!$F$12/1000/4)^(2/3))*SQRT(P24)) | AO24: =IF(A24="","",(1/Inputs!$B$9)*(PI()*(Inputs!$F$13/1000)^2/4)*((Inputs!$F$13/1000/4)^(2/3))*SQRT(P24)) | AP24: =IF(A24="","",(1/Inputs!$B$9)*(PI()*(Inputs!$F$14/1000)^2/4)*((Inputs!$F$14/1000/4)^(2/3))*SQRT(P24)) | AQ24: =IF(A24="","",COUNTIF($D$4:$D$201,$A24)) | AR24: =IF(A24="","",IF(AQ24=0,"START","CONTINUOUS")) | AS24: =IF(A24="","",IF(J24="",Inputs!$B$18,J24)) | AT24: =IF(A24="","",IFERROR(_xludf.maxifs($AV$4:$AV$201,$D$4:$D$201,$A24),"")) | AU24: =IF(A24="","",IF(OR(E24="",Inputs!$B$23=""),"",E24/(Inputs!$B$23*60))) | AV24: =IF(A24="","",IF(AQ24=0,AS24+AU24,IF(AT24="",AS24+AU24,AT24+AU24))) | AW24: =IF(A24="","",W24) | AX24: =IF(OR(T24="",P24=""),"",(1/Inputs!$B$9)*((T24/4)^(2/3))*SQRT(P24)) | AY24: =IF(A24="","",IF(AND(AW24="",AX24="",BA24=""),"",IF(OR(UPPER(TRIM(Inputs!$B$24))="MANNING",UPPER(TRIM(Inputs!$B$24))="M"),AX24,IF(OR(UPPER(TRIM(Inputs!$B$24))="PARTIAL",UPPER(TRIM(Inputs!$B$24))="P"),BA24,IF(OR(UPPER(TRIM(Inputs!$B$24))="MAX",UPPER(TRIM(Inputs!$B$24))="X"),MAX(IF(AW24="",0,AW24),IF(AX24="",0,AX24),IF(BA24="",0,BA24)),AW24))))) | AZ24: =IF(BB24="","",CH24) | BA24: =IF(OR(BB24="",AZ24="",T24="",T24<=0,AZ24<=0),"",BB24/((T24^2/8)*(2*ACOS(1-2*AZ24/T24)-SIN(2*ACOS(1-2*AZ24/T24))))) | BB24: =IF(OR(N24="",BC24=""),"",MIN(N24,BC24)) | BC24: =IF(OR(N24="",T24="",P24=""),"",IF(OR(T24="",P24="",(0.94*T24)="",T24<=0,(0.94*T24)<=0),"",(1/Inputs!$B$9)*((T24^2/8)*((2*ACOS(1-2*(0.94*T24)/T24))-SIN((2*ACOS(1-2*(0.94*T24)/T24)))))*((((T24^2/8)*((2*ACOS(1-2*(0.94*T24)/T24))-SIN((2*ACOS(1-2*(0.94*T24)/T24)))))/((T24/2)*((2*ACOS(1-2*(0.94*T24)/T24)))))^(2/3))*SQRT(P24))) | BD24: =IF(BB24="","",0.001*T24) | BE24: =IF(BB24="","",0.94*T24) | BF24: =IF(BB24="","",(BD24+BE24)/2) | BG24: =IF(OR(T24="",P24="",BF24="",T24<=0,BF24<=0),"",(1/Inputs!$B$9)*((T24^2/8)*((2*ACOS(1-2*BF24/T24))-SIN((2*ACOS(1-2*BF24/T24)))))*((((T24^2/8)*((2*ACOS(1-2*BF24/T24))-SIN((2*ACOS(1-2*BF24/T24)))))/((T24/2)*((2*ACOS(1-2*BF24/T24)))))^(2/3))*SQRT(P24)) | BH24: =IF(BB24="","",IF(BG24<BB24,BF24,BD24)) | BI24: =IF(BB24="","",IF(BG24<BB24,BE24,BF24)) | BJ24: =IF(BB24="","",(BH24+BI24)/2) | BK24: =IF(OR(T24="",P24="",BJ24="",T24<=0,BJ24<=0),"",(1/Inputs!$B$9)*((T24^2/8)*((2*ACOS(1-2*BJ24/T24))-SIN((2*ACOS(1-2*BJ24/T24)))))*((((T24^2/8)*((2*ACOS(1-2*BJ24/T24))-SIN((2*ACOS(1-2*BJ24/T24)))))/((T24/2)*((2*ACOS(1-2*BJ24/T24)))))^(2/3))*SQRT(P24)) | BL24: =IF(BB24="","",IF(BK24<BB24,BJ24,BH24)) | BM24: =IF(BB24="","",IF(BK24<BB24,BI24,BJ24)) | BN24: =IF(BB24="","",(BL24+BM24)/2) | BO24: =IF(OR(T24="",P24="",BN24="",T24<=0,BN24<=0),"",(1/Inputs!$B$9)*((T24^2/8)*((2*ACOS(1-2*BN24/T24))-SIN((2*ACOS(1-2*BN24/T24)))))*((((T24^2/8)*((2*ACOS(1-2*BN24/T24))-SIN((2*ACOS(1-2*BN24/T24)))))/((T24/2)*((2*ACOS(1-2*BN24/T24)))))^(2/3))*SQRT(P24)) | BP24: =IF(BB24="","",IF(BO24<BB24,BN24,BL24)) | BQ24: =IF(BB24="","",IF(BO24<BB24,BM24,BN24)) | BR24: =IF(BB24="","",(BP24+BQ24)/2) | BS24: =IF(OR(T24="",P24="",BR24="",T24<=0,BR24<=0),"",(1/Inputs!$B$9)*((T24^2/8)*((2*ACOS(1-2*BR24/T24))-SIN((2*ACOS(1-2*BR24/T24)))))*((((T24^2/8)*((2*ACOS(1-2*BR24/T24))-SIN((2*ACOS(1-2*BR24/T24)))))/((T24/2)*((2*ACOS(1-2*BR24/T24)))))^(2/3))*SQRT(P24)) | BT24: =IF(BB24="","",IF(BS24<BB24,BR24,BP24)) | BU24: =IF(BB24="","",IF(BS24<BB24,BQ24,BR24)) | BV24: =IF(BB24="","",(BT24+BU24)/2) | BW24: =IF(OR(T24="",P24="",BV24="",T24<=0,BV24<=0),"",(1/Inputs!$B$9)*((T24^2/8)*((2*ACOS(1-2*BV24/T24))-SIN((2*ACOS(1-2*BV24/T24)))))*((((T24^2/8)*((2*ACOS(1-2*BV24/T24))-SIN((2*ACOS(1-2*BV24/T24)))))/((T24/2)*((2*ACOS(1-2*BV24/T24)))))^(2/3))*SQRT(P24)) | BX24: =IF(BB24="","",IF(BW24<BB24,BV24,BT24)) | BY24: =IF(BB24="","",IF(BW24<BB24,BU24,BV24)) | BZ24: =IF(BB24="","",(BX24+BY24)/2) | CA24: =IF(OR(T24="",P24="",BZ24="",T24<=0,BZ24<=0),"",(1/Inputs!$B$9)*((T24^2/8)*((2*ACOS(1-2*BZ24/T24))-SIN((2*ACOS(1-2*BZ24/T24)))))*((((T24^2/8)*((2*ACOS(1-2*BZ24/T24))-SIN((2*ACOS(1-2*BZ24/T24)))))/((T24/2)*((2*ACOS(1-2*BZ24/T24)))))^(2/3))*SQRT(P24)) | CB24: =IF(BB24="","",IF(CA24<BB24,BZ24,BX24)) | CC24: =IF(BB24="","",IF(CA24<BB24,BY24,BZ24)) | CD24: =IF(BB24="","",(CB24+CC24)/2) | CE24: =IF(OR(T24="",P24="",CD24="",T24<=0,CD24<=0),"",(1/Inputs!$B$9)*((T24^2/8)*((2*ACOS(1-2*CD24/T24))-SIN((2*ACOS(1-2*CD24/T24)))))*((((T24^2/8)*((2*ACOS(1-2*CD24/T24))-SIN((2*ACOS(1-2*CD24/T24)))))/((T24/2)*((2*ACOS(1-2*CD24/T24)))))^(2/3))*SQRT(P24)) | CF24: =IF(BB24="","",IF(CE24<BB24,CD24,CB24)) | CG24: =IF(BB24="","",IF(CE24<BB24,CC24,CD24)) | CH24: =IF(BB24="","",(CF24+CG24)/2)
... G201: =SUMIFS(CB_plan!$G:$G,CB_plan!$F:$F,$A201) -> 0 | H201: =IF(F201="",G201,F201) -> 0 | K201: =IF(A201="","",Inputs!$B$13/((IF(AV201="",Inputs!$B$18,AV201)+Inputs!$B$14)^Inputs!$B$15)) | L201: =IF(A201="","",IF(H201="","",0.000000278*IF(I201<>"",I201,IFERROR(SUMIFS(CB_plan!$H:$H,CB_plan!$F:$F,$A201)/SUMIFS(CB_plan!$G:$G,CB_plan!$F:$F,$A201),Inputs!$B$17))*H201*K201)) | M201: =IF(A201="","",SUMIFS($N$4:$N$201,$D$4:$D$201,$A201)) | N201: =IF(A201="","",(L201+M201)*Inputs!$B$16) | P201: =IF(A201="","",IF(O201="",Inputs!$B$7,O201)) | Q201: =IF(A201="","",IF(N201/Inputs!$B$10<=AG201,Inputs!$F$5,IF(N201/Inputs!$B$10>AP201,"OVERSIZE",INDEX(Inputs!$F$5:$F$14,MATCH(N201/Inputs!$B$10,AG201:AP201,1)+1)))) | S201: =IF(A201="","",IF(R201="",Q201,R201)) | T201: =IF(OR(S201="",S201="OVERSIZE"),"",S201/1000) | U201: =IF(T201="","",(1/Inputs!$B$9)*(PI()*T201^2/4)*((T201/4)^(2/3))*SQRT(P201)) | V201: =IF(OR(U201="",N201=""),"",N201/(U201*Inputs!$B$10)) | W201: =IF(OR(T201="",N201=""),"",4*N201/(PI()*T201^2)) | Y201: =IF(A201="","",IF(A201=Inputs!$B$6,Inputs!$B$22,IF(D201="","",IFERROR(INDEX($Z$4:$Z$201,MATCH(D201,$A$4:$A$201,0))+IF(X201="",Inputs!$B$20,X201),"")))) | Z201: =IF(OR(Y201="",P201="",E201=""),"",Y201+P201*E201) | AA201: =IF(C201="","",IFERROR(INDEX(Noeuds_plan!$C$4:$C$200,MATCH(C201,Noeuds_plan!$A$4:$A$200,0)),"")) | AB201: =IF(B201="","",IFERROR(INDEX(Noeuds_plan!$C$4:$C$200,MATCH(B201,Noeuds_plan!$A$4:$A$200,0)),"")) | AC201: =IF(OR(AA201="",Y201=""),"",AA201-Y201) | AD201: =IF(OR(AB201="",Z201=""),"",AB201-Z201) | AE201: =IF(A201="","",IF(OR(V201>1,AND(AY201<>"",AY201<Inputs!$B$11),AND(AY201<>"",AY201>Inputs!$B$12),AC201<Inputs!$B$19,AD201<Inputs!$B$19,P201<Inputs!$B$7,P201>Inputs!$B$8),"CHECK","OK")) | AG201: =IF(A201="","",(1/Inputs!$B$9)*(PI()*(Inputs!$F$5/1000)^2/4)*((Inputs!$F$5/1000/4)^(2/3))*SQRT(P201)) | AH201: =IF(A201="","",(1/Inputs!$B$9)*(PI()*(Inputs!$F$6/1000)^2/4)*((Inputs!$F$6/1000/4)^(2/3))*SQRT(P201)) | AI201: =IF(A201="","",(1/Inputs!$B$9)*(PI()*(Inputs!$F$7/1000)^2/4)*((Inputs!$F$7/1000/4)^(2/3))*SQRT(P201)) | AJ201: =IF(A201="","",(1/Inputs!$B$9)*(PI()*(Inputs!$F$8/1000)^2/4)*((Inputs!$F$8/1000/4)^(2/3))*SQRT(P201)) | AK201: =IF(A201="","",(1/Inputs!$B$9)*(PI()*(Inputs!$F$9/1000)^2/4)*((Inputs!$F$9/1000/4)^(2/3))*SQRT(P201)) | AL201: =IF(A201="","",(1/Inputs!$B$9)*(PI()*(Inputs!$F$10/1000)^2/4)*((Inputs!$F$10/1000/4)^(2/3))*SQRT(P201)) | AM201: =IF(A201="","",(1/Inputs!$B$9)*(PI()*(Inputs!$F$11/1000)^2/4)*((Inputs!$F$11/1000/4)^(2/3))*SQRT(P201)) | AN201: =IF(A201="","",(1/Inputs!$B$9)*(PI()*(Inputs!$F$12/1000)^2/4)*((Inputs!$F$12/1000/4)^(2/3))*SQRT(P201)) | AO201: =IF(A201="","",(1/Inputs!$B$9)*(PI()*(Inputs!$F$13/1000)^2/4)*((Inputs!$F$13/1000/4)^(2/3))*SQRT(P201)) | AP201: =IF(A201="","",(1/Inputs!$B$9)*(PI()*(Inputs!$F$14/1000)^2/4)*((Inputs!$F$14/1000/4)^(2/3))*SQRT(P201)) | AQ201: =IF(A201="","",COUNTIF($D$4:$D$201,$A201)) | AR201: =IF(A201="","",IF(AQ201=0,"START","CONTINUOUS")) | AS201: =IF(A201="","",IF(J201="",Inputs!$B$18,J201)) | AT201: =IF(A201="","",IFERROR(_xludf.maxifs($AV$4:$AV$201,$D$4:$D$201,$A201),"")) | AU201: =IF(A201="","",IF(OR(E201="",Inputs!$B$23=""),"",E201/(Inputs!$B$23*60))) | AV201: =IF(A201="","",IF(AQ201=0,AS201+AU201,IF(AT201="",AS201+AU201,AT201+AU201))) | AW201: =IF(A201="","",W201) | AX201: =IF(OR(T201="",P201=""),"",(1/Inputs!$B$9)*((T201/4)^(2/3))*SQRT(P201)) | AY201: =IF(A201="","",IF(AND(AW201="",AX201="",BA201=""),"",IF(OR(UPPER(TRIM(Inputs!$B$24))="MANNING",UPPER(TRIM(Inputs!$B$24))="M"),AX201,IF(OR(UPPER(TRIM(Inputs!$B$24))="PARTIAL",UPPER(TRIM(Inputs!$B$24))="P"),BA201,IF(OR(UPPER(TRIM(Inputs!$B$24))="MAX",UPPER(TRIM(Inputs!$B$24))="X"),MAX(IF(AW201="",0,AW201),IF(AX201="",0,AX201),IF(BA201="",0,BA201)),AW201))))) | AZ201: =IF(BB201="","",CH201) | BA201: =IF(OR(BB201="",AZ201="",T201="",T201<=0,AZ201<=0),"",BB201/((T201^2/8)*(2*ACOS(1-2*AZ201/T201)-SIN(2*ACOS(1-2*AZ201/T201))))) | BB201: =IF(OR(N201="",BC201=""),"",MIN(N201,BC201)) | BC201: =IF(OR(N201="",T201="",P201=""),"",IF(OR(T201="",P201="",(0.94*T201)="",T201<=0,(0.94*T201)<=0),"",(1/Inputs!$B$9)*((T201^2/8)*((2*ACOS(1-2*(0.94*T201)/T201))-SIN((2*ACOS(1-2*(0.94*T201)/T201)))))*((((T201^2/8)*((2*ACOS(1-2*(0.94*T201)/T201))-SIN((2*ACOS(1-2*(0.94*T201)/T201)))))/((T201/2)*((2*ACOS(1-2*(0.94*T201)/T201)))))^(2/3))*SQRT(P201))) | BD201: =IF(BB201="","",0.001*T201) | BE201: =IF(BB201="","",0.94*T201) | BF201: =IF(BB201="","",(BD201+BE201)/2) | BG201: =IF(OR(T201="",P201="",BF201="",T201<=0,BF201<=0),"",(1/Inputs!$B$9)*((T201^2/8)*((2*ACOS(1-2*BF201/T201))-SIN((2*ACOS(1-2*BF201/T201)))))*((((T201^2/8)*((2*ACOS(1-2*BF201/T201))-SIN((2*ACOS(1-2*BF201/T201)))))/((T201/2)*((2*ACOS(1-2*BF201/T201)))))^(2/3))*SQRT(P201)) | BH201: =IF(BB201="","",IF(BG201<BB201,BF201,BD201)) | BI201: =IF(BB201="","",IF(BG201<BB201,BE201,BF201)) | BJ201: =IF(BB201="","",(BH201+BI201)/2) | BK201: =IF(OR(T201="",P201="",BJ201="",T201<=0,BJ201<=0),"",(1/Inputs!$B$9)*((T201^2/8)*((2*ACOS(1-2*BJ201/T201))-SIN((2*ACOS(1-2*BJ201/T201)))))*((((T201^2/8)*((2*ACOS(1-2*BJ201/T201))-SIN((2*ACOS(1-2*BJ201/T201)))))/((T201/2)*((2*ACOS(1-2*BJ201/T201)))))^(2/3))*SQRT(P201)) | BL201: =IF(BB201="","",IF(BK201<BB201,BJ201,BH201)) | BM201: =IF(BB201="","",IF(BK201<BB201,BI201,BJ201)) | BN201: =IF(BB201="","",(BL201+BM201)/2) | BO201: =IF(OR(T201="",P201="",BN201="",T201<=0,BN201<=0),"",(1/Inputs!$B$9)*((T201^2/8)*((2*ACOS(1-2*BN201/T201))-SIN((2*ACOS(1-2*BN201/T201)))))*((((T201^2/8)*((2*ACOS(1-2*BN201/T201))-SIN((2*ACOS(1-2*BN201/T201)))))/((T201/2)*((2*ACOS(1-2*BN201/T201)))))^(2/3))*SQRT(P201)) | BP201: =IF(BB201="","",IF(BO201<BB201,BN201,BL201)) | BQ201: =IF(BB201="","",IF(BO201<BB201,BM201,BN201)) | BR201: =IF(BB201="","",(BP201+BQ201)/2) | BS201: =IF(OR(T201="",P201="",BR201="",T201<=0,BR201<=0),"",(1/Inputs!$B$9)*((T201^2/8)*((2*ACOS(1-2*BR201/T201))-SIN((2*ACOS(1-2*BR201/T201)))))*((((T201^2/8)*((2*ACOS(1-2*BR201/T201))-SIN((2*ACOS(1-2*BR201/T201)))))/((T201/2)*((2*ACOS(1-2*BR201/T201)))))^(2/3))*SQRT(P201)) | BT201: =IF(BB201="","",IF(BS201<BB201,BR201,BP201)) | BU201: =IF(BB201="","",IF(BS201<BB201,BQ201,BR201)) | BV201: =IF(BB201="","",(BT201+BU201)/2) | BW201: =IF(OR(T201="",P201="",BV201="",T201<=0,BV201<=0),"",(1/Inputs!$B$9)*((T201^2/8)*((2*ACOS(1-2*BV201/T201))-SIN((2*ACOS(1-2*BV201/T201)))))*((((T201^2/8)*((2*ACOS(1-2*BV201/T201))-SIN((2*ACOS(1-2*BV201/T201)))))/((T201/2)*((2*ACOS(1-2*BV201/T201)))))^(2/3))*SQRT(P201)) | BX201: =IF(BB201="","",IF(BW201<BB201,BV201,BT201)) | BY201: =IF(BB201="","",IF(BW201<BB201,BU201,BV201)) | BZ201: =IF(BB201="","",(BX201+BY201)/2) | CA201: =IF(OR(T201="",P201="",BZ201="",T201<=0,BZ201<=0),"",(1/Inputs!$B$9)*((T201^2/8)*((2*ACOS(1-2*BZ201/T201))-SIN((2*ACOS(1-2*BZ201/T201)))))*((((T201^2/8)*((2*ACOS(1-2*BZ201/T201))-SIN((2*ACOS(1-2*BZ201/T201)))))/((T201/2)*((2*ACOS(1-2*BZ201/T201)))))^(2/3))*SQRT(P201)) | CB201: =IF(BB201="","",IF(CA201<BB201,BZ201,BX201)) | CC201: =IF(BB201="","",IF(CA201<BB201,BY201,BZ201)) | CD201: =IF(BB201="","",(CB201+CC201)/2) | CE201: =IF(OR(T201="",P201="",CD201="",T201<=0,CD201<=0),"",(1/Inputs!$B$9)*((T201^2/8)*((2*ACOS(1-2*CD201/T201))-SIN((2*ACOS(1-2*CD201/T201)))))*((((T201^2/8)*((2*ACOS(1-2*CD201/T201))-SIN((2*ACOS(1-2*CD201/T201)))))/((T201/2)*((2*ACOS(1-2*CD201/T201)))))^(2/3))*SQRT(P201)) | CF201: =IF(BB201="","",IF(CE201<BB201,CD201,CB201)) | CG201: =IF(BB201="","",IF(CE201<BB201,CC201,CD201)) | CH201: =IF(BB201="","",(CF201+CG201)/2)

Sheet Profils_P10
A1: PROFILS HYDRAULIQUES VERS RP100 ET RACCORDEMENT RESEAU PUBLIC
A3: EGL approximation in this tab: EGL = Invert + 0.8*Dia + V^2/(2*g), g=9.81 m/s2.
A4: Use Conduites_plan_noeuds as master calculations; these plots are auto-linked for visual review.
A7: Branche 1: P01 -> P02 -> P03 -> P10 -> PUB
A8: Point | B8: Node | C8: Sta_m | D8: Ground_m | E8: Invert_m | F8: Crown_m | G8: EGL_m | H8: Pipe_ref | I8: Vel_mps | J8: Dia_m
A9: 1 | B9: P01 | C9: 0 | D9: =IFERROR(INDEX(Conduites_plan_noeuds!$AB$4:$AB$201,MATCH("L01_P01_P02",Conduites_plan_noeuds!$A$4:$A$201,0)),"") -> 17.237 | E9: =IFERROR(INDEX(Conduites_plan_noeuds!$Z$4:$Z$201,MATCH("L01_P01_P02",Conduites_plan_noeuds!$A$4:$A$201,0)),"") | F9: =IF(OR(E9="",J9=""),"",E9+J9) | G9: =IF(OR(E9="",J9="",I9=""),"",E9+0.8*J9+I9^2/(2*9.81)) | H9: L01_P01_P02 | I9: =IFERROR(INDEX(Conduites_plan_noeuds!$W$4:$W$201,MATCH("L01_P01_P02",Conduites_plan_noeuds!$A$4:$A$201,0)),"") -> 0.58467827 | J9: =IFERROR(INDEX(Conduites_plan_noeuds!$T$4:$T$201,MATCH("L01_P01_P02",Conduites_plan_noeuds!$A$4:$A$201,0)),"") -> 0.25
A10: 2 | B10: P02 | C10: =IFERROR(INDEX(Conduites_plan_noeuds!$E$4:$E$201,MATCH("L01_P01_P02",Conduites_plan_noeuds!$A$4:$A$201,0)),0) -> 14.2 | D10: =IFERROR(INDEX(Conduites_plan_noeuds!$AA$4:$AA$201,MATCH("L01_P01_P02",Conduites_plan_noeuds!$A$4:$A$201,0)),"") -> 17.131 | E10: =IFERROR(INDEX(Conduites_plan_noeuds!$Y$4:$Y$201,MATCH("L01_P01_P02",Conduites_plan_noeuds!$A$4:$A$201,0)),"") | F10: =IF(OR(E10="",J10=""),"",E10+J10) | G10: =IF(OR(E10="",J10="",I10=""),"",E10+0.8*J10+I10^2/(2*9.81)) | H10: L02_P02_P03 | I10: =IFERROR(INDEX(Conduites_plan_noeuds!$W$4:$W$201,MATCH("L02_P02_P03",Conduites_plan_noeuds!$A$4:$A$201,0)),"") -> 0.5510144 | J10: =IFERROR(INDEX(Conduites_plan_noeuds!$T$4:$T$201,MATCH("L01_P01_P02",Conduites_plan_noeuds!$A$4:$A$201,0)),"") -> 0.25
