Workbook

Sheet Guide
A1: RESEAU PLUVIAL - METHODE AVEC ELEVATION DE REFERENCE (EXUTOIRE DROITE)
A3: But: dimensionner diametres, pentes et radiers meme si le radier du reseau public aval est inconnu.
A4: Principe: choisir une elevation de reference a l exutoire (radier connu ou surface connue + profondeur de couverture).
A5: Onglet Inputs: definir les hypotheses hydrauliques, IDF et la liste de diametres disponibles.
A6: Onglet CB_Tributaires: entrer les surfaces de chaque puisard/catch basin et le Pipe_ID qui les recoit.
A7: Onglet Conduites: entrer Pipe_ID, pipe receveur aval, longueur, C, tc, pente manuelle (si connue), terrain amont/aval.
A8: Propagation des radiers: le pipe exutoire prend Inputs!B22; les pipes amont prennent le radier amont du pipe aval + chute de regard.
A9: Dimensionnement: Q_local (rationnelle) + Q amont cumulee -> Q_total_design -> diametre recommande par Manning.
A10: Controle: capacite, vitesse, pentes min/max, recouvrement mini.
A11: Important: les references Receives_into_Pipe_ID doivent pointer vers l aval (vers P_OUT).
A12: Utiliser d abord SURFACE si reseau public inconnu, puis recalibrer quand les radiers municipaux seront disponibles.
A15: Formules cle (texte simple):
... A22: Workflow: (1) paste elevations in Noeuds_plan!C, (2) paste areas in CB_plan!C, (3) review lengths blanks in Conduites_plan_noeuds!E.

Sheet Inputs
A1: INPUTS
A2: Parametre | B2: Valeur | C2: Unite | D2: Commentaire
A3: Reference_Type (INVERT or SURFACE) | B3: SURFACE | C3: - | D3: SURFACE quand radier reseau public inconnu. | F3: Diametres disponibles (mm)
A4: Outfall_reference_elevation_m | B4: 103.2 | C4: m | D4: Si SURFACE: niveau terrain exutoire. Si INVERT: radier exutoire.
A5: Outfall_cover_depth_if_surface_m | B5: 1.8 | C5: m | D5: Profondeur terrain->radier a l exutoire (si SURFACE). | F5: 200
A6: Outfall_pipe_ID | B6: L12_JOUT_PUB | C6: - | D6: Pipe qui se connecte au reseau public (droite). | F6: 250
A7: Min_slope_m_per_m | B7: 0.003 | C7: m/m | D7: Pente minimale de controle. | F7: 300
A8: Max_slope_m_per_m | B8: 0.05 | C8: m/m | D8: Pente maximale de controle. | F8: 375
A9: Manning_n | B9: 0.013 | C9: - | D9: Rugosite Manning. | F9: 450
A10: Design_fill_ratio_limit | B10: 0.8 | C10: - | D10: Q/(Q pleine) admissible. | F10: 525
A11: Min_velocity_mps | B11: 0.75 | C11: m/s | D11: Vitesse minimale souhaitee. | F11: 600
A12: Max_velocity_mps | B12: 3 | C12: m/s | D12: Vitesse maximale souhaitee. | F12: 675
A13: IDF_a | B13: 4156.21 | C13: - | D13: i = a/(tc+b)^c | F13: 750
A14: IDF_b | B14: 15.1 | C14: min | D14: Parametre IDF b. | F14: 900
A15: IDF_c | B15: 1.026 | C15: - | D15: Parametre IDF c.
A16: Flow_safety_factor | B16: 1.1 | C16: - | D16: Facteur applique a Q total.
A17: Default_runoff_C | B17: 0.9 | C17: - | D17: Utilise si C local non renseigne.
A18: Default_tc_min | B18: 10 | C18: min | D18: Utilise si tc local non renseigne.
A19: Min_cover_depth_m | B19: 1.2 | C19: m | D19: Recouvrement mini de controle.
A20: Default_junction_drop_m | B20: 0.02 | C20: m | D20: Chute de regard par defaut.
A22: Outfall_invert_derived_m | B22: =IF(UPPER(TRIM(B3))="SURFACE",B4-B5,B4)

Sheet CB_Tributaires
A1: AREAS TRIBUTAIRES PAR CATCH BASIN
A3: CB_ID | B3: Receives_into_Pipe_ID | C3: Area_m2 | D3: Runoff_C | E3: Area_x_C | F3: Notes
E4: =IF(OR(C4="",D4=""),"",C4*D4)
E5: =IF(OR(C5="",D5=""),"",C5*D5)
E6: =IF(OR(C6="",D6=""),"",C6*D6)
E7: =IF(OR(C7="",D7=""),"",C7*D7)
E8: =IF(OR(C8="",D8=""),"",C8*D8)
E9: =IF(OR(C9="",D9=""),"",C9*D9)
E10: =IF(OR(C10="",D10=""),"",C10*D10)
E11: =IF(OR(C11="",D11=""),"",C11*D11)
E12: =IF(OR(C12="",D12=""),"",C12*D12)
E13: =IF(OR(C13="",D13=""),"",C13*D13)
E14: =IF(OR(C14="",D14=""),"",C14*D14)
E15: =IF(OR(C15="",D15=""),"",C15*D15)
... E204: =IF(OR(C204="",D204=""),"",C204*D204)

Sheet Conduites
A1: DIMENSIONNEMENT ET PROFIL - CONDUITES VERS EXUTOIRE DROITE
A2: Network_status | B2: =IF(COUNTIF(AC4:AC203,"CHECK")>0,"CHECK","OK") | D2: Pipes_with_checks | E2: =COUNTIF(AC4:AC203,"CHECK")
A3: Pipe_ID | B3: Receives_into_Pipe_ID | C3: Length_m | D3: Area_local_override_m2 | E3: Area_from_CB_m2 | F3: Area_used_m2 | G3: C_local | H3: Tc_local_min | I3: Intensity_mmh | J3: Q_local_m3s | K3: Q_from_upstream_m3s | L3: Q_total_design_m3s | M3: Slope_manual_m/m | N3: Slope_used_m/m | O3: Dia_recommended_mm | P3: Dia_override_mm | Q3: Dia_used_mm | R3: Dia_used_m | S3: Capacity_full_m3s | T3: Q_over_capacity_ratio | U3: Velocity_mps | V3: Junction_drop_m | W3: Invert_down_m | X3: Invert_up_m | Y3: Ground_down_m | Z3: Ground_up_m | AA3: Cover_down_m | AB3: Cover_up_m | AC3: Checks | AD3: Cap_5 | AE3: Cap_6 | AF3: Cap_7 | AG3: Cap_8 | AH3: Cap_9 | AI3: Cap_10 | AJ3: Cap_11 | AK3: Cap_12 | AL3: Cap_13 | AM3: Cap_14
A4: P01 | B4: P02 | C4: 7 | E4: =SUMIFS(CB_Tributaires!$C:$C,CB_Tributaires!$B:$B,$A4) | F4: =IF(D4="",E4,D4) | I4: =IF(A4="","",Inputs!$B$13/((IF(H4="",Inputs!$B$18,H4)+Inputs!$B$14)^Inputs!$B$15)) | J4: =IF(A4="","",0.00278*IF(G4="",Inputs!$B$17,G4)*F4*I4) | K4: =IF(A4="","",SUMIFS($L$4:$L$203,$B$4:$B$203,$A4)) | L4: =IF(A4="","",(J4+K4)*Inputs!$B$16) | N4: =IF(A4="","",IF(M4="",Inputs!$B$7,M4)) | O4: =IF(A4="","",IF(L4/Inputs!$B$10<=AD4,Inputs!$F$5,IF(L4/Inputs!$B$10>AM4,"OVERSIZE",INDEX(Inputs!$F$5:$F$14,MATCH(L4/Inputs!$B$10,AD4:AM4,1)+1)))) | Q4: =IF(A4="","",IF(P4="",O4,P4)) | R4: =IF(OR(Q4="",Q4="OVERSIZE"),"",Q4/1000) | S4: =IF(R4="","",(1/Inputs!$B$9)*(PI()*R4^2/4)*((R4/4)^(2/3))*SQRT(N4)) | T4: =IF(OR(S4="",L4=""),"",L4/(S4*Inputs!$B$10)) | U4: =IF(OR(R4="",L4=""),"",4*L4/(PI()*R4^2)) | W4: =IF(A4="","",IF(A4=Inputs!$B$6,Inputs!$B$22,IF(B4="","",IFERROR(INDEX($X$4:$X$203,MATCH(B4,$A$4:$A$203,0))+IF(V4="",Inputs!$B$20,V4),"")))) | X4: =IF(OR(W4="",N4="",C4=""),"",W4+N4*C4) | AA4: =IF(OR(Y4="",W4=""),"",Y4-W4) | AB4: =IF(OR(Z4="",X4=""),"",Z4-X4) | AC4: =IF(A4="","",IF(OR(T4>1,U4<Inputs!$B$11,U4>Inputs!$B$12,AA4<Inputs!$B$19,AB4<Inputs!$B$19,N4<Inputs!$B$7,N4>Inputs!$B$8),"CHECK","OK")) | AD4: =IF(A4="","",(1/Inputs!$B$9)*(PI()*(Inputs!$F$5/1000)^2/4)*((Inputs!$F$5/1000/4)^(2/3))*SQRT(N4)) | AE4: =IF(A4="","",(1/Inputs!$B$9)*(PI()*(Inputs!$F$6/1000)^2/4)*((Inputs!$F$6/1000/4)^(2/3))*SQRT(N4)) | AF4: =IF(A4="","",(1/Inputs!$B$9)*(PI()*(Inputs!$F$7/1000)^2/4)*((Inputs!$F$7/1000/4)^(2/3))*SQRT(N4)) | AG4: =IF(A4="","",(1/Inputs!$B$9)*(PI()*(Inputs!$F$8/1000)^2/4)*((Inputs!$F$8/1000/4)^(2/3))*SQRT(N4)) | AH4: =IF(A4="","",(1/Inputs!$B$9)*(PI()*(Inputs!$F$9/1000)^2/4)*((Inputs!$F$9/1000/4)^(2/3))*SQRT(N4)) | AI4: =IF(A4="","",(1/Inputs!$B$9)*(PI()*(Inputs!$F$10/1000)^2/4)*((Inputs!$F$10/1000/4)^(2/3))*SQRT(N4)) | AJ4: =IF(A4="","",(1/Inputs!$B$9)*(PI()*(Inputs!$F$11/1000)^2/4)*((Inputs!$F$11/1000/4)^(2/3))*SQRT(N4)) | AK4: =IF(A4="","",(1/Inputs!$B$9)*(PI()*(Inputs!$F$12/1000)^2/4)*((Inputs!$F$12/1000/4)^(2/3))*SQRT(N4)) | AL4: =IF(A4="","",(1/Inputs!$B$9)*(PI()*(Inputs!$F$13/1000)^2/4)*((Inputs!$F$13/1000/4)^(2/3))*SQRT(N4)) | AM4: =IF(A4="","",(1/Inputs!$B$9)*(PI()*(Inputs!$F$14/1000)^2/4)*((Inputs!$F$14/1000/4)^(2/3))*SQRT(N4))
A5: P02 | B5: P06 | C5: 9.6 | E5: =SUMIFS(CB_Tributaires!$C:$C,CB_Tributaires!$B:$B,$A5) | F5: =IF(D5="",E5,D5) | I5: =IF(A5="","",Inputs!$B$13/((IF(H5="",Inputs!$B$18,H5)+Inputs!$B$14)^Inputs!$B$15)) | J5: =IF(A5="","",0.00278*IF(G5="",Inputs!$B$17,G5)*F5*I5) | K5: =IF(A5="","",SUMIFS($L$4:$L$203,$B$4:$B$203,$A5)) | L5: =IF(A5="","",(J5+K5)*Inputs!$B$16) | N5: =IF(A5="","",IF(M5="",Inputs!$B$7,M5)) | O5: =IF(A5="","",IF(L5/Inputs!$B$10<=AD5,Inputs!$F$5,IF(L5/Inputs!$B$10>AM5,"OVERSIZE",INDEX(Inputs!$F$5:$F$14,MATCH(L5/Inputs!$B$10,AD5:AM5,1)+1)))) | Q5: =IF(A5="","",IF(P5="",O5,P5)) | R5: =IF(OR(Q5="",Q5="OVERSIZE"),"",Q5/1000) | S5: =IF(R5="","",(1/Inputs!$B$9)*(PI()*R5^2/4)*((R5/4)^(2/3))*SQRT(N5)) | T5: =IF(OR(S5="",L5=""),"",L5/(S5*Inputs!$B$10)) | U5: =IF(OR(R5="",L5=""),"",4*L5/(PI()*R5^2)) | W5: =IF(A5="","",IF(A5=Inputs!$B$6,Inputs!$B$22,IF(B5="","",IFERROR(INDEX($X$4:$X$203,MATCH(B5,$A$4:$A$203,0))+IF(V5="",Inputs!$B$20,V5),"")))) | X5: =IF(OR(W5="",N5="",C5=""),"",W5+N5*C5) | AA5: =IF(OR(Y5="",W5=""),"",Y5-W5) | AB5: =IF(OR(Z5="",X5=""),"",Z5-X5) | AC5: =IF(A5="","",IF(OR(T5>1,U5<Inputs!$B$11,U5>Inputs!$B$12,AA5<Inputs!$B$19,AB5<Inputs!$B$19,N5<Inputs!$B$7,N5>Inputs!$B$8),"CHECK","OK")) | AD5: =IF(A5="","",(1/Inputs!$B$9)*(PI()*(Inputs!$F$5/1000)^2/4)*((Inputs!$F$5/1000/4)^(2/3))*SQRT(N5)) | AE5: =IF(A5="","",(1/Inputs!$B$9)*(PI()*(Inputs!$F$6/1000)^2/4)*((Inputs!$F$6/1000/4)^(2/3))*SQRT(N5)) | AF5: =IF(A5="","",(1/Inputs!$B$9)*(PI()*(Inputs!$F$7/1000)^2/4)*((Inputs!$F$7/1000/4)^(2/3))*SQRT(N5)) | AG5: =IF(A5="","",(1/Inputs!$B$9)*(PI()*(Inputs!$F$8/1000)^2/4)*((Inputs!$F$8/1000/4)^(2/3))*SQRT(N5)) | AH5: =IF(A5="","",(1/Inputs!$B$9)*(PI()*(Inputs!$F$9/1000)^2/4)*((Inputs!$F$9/1000/4)^(2/3))*SQRT(N5)) | AI5: =IF(A5="","",(1/Inputs!$B$9)*(PI()*(Inputs!$F$10/1000)^2/4)*((Inputs!$F$10/1000/4)^(2/3))*SQRT(N5)) | AJ5: =IF(A5="","",(1/Inputs!$B$9)*(PI()*(Inputs!$F$11/1000)^2/4)*((Inputs!$F$11/1000/4)^(2/3))*SQRT(N5)) | AK5: =IF(A5="","",(1/Inputs!$B$9)*(PI()*(Inputs!$F$12/1000)^2/4)*((Inputs!$F$12/1000/4)^(2/3))*SQRT(N5)) | AL5: =IF(A5="","",(1/Inputs!$B$9)*(PI()*(Inputs!$F$13/1000)^2/4)*((Inputs!$F$13/1000/4)^(2/3))*SQRT(N5)) | AM5: =IF(A5="","",(1/Inputs!$B$9)*(PI()*(Inputs!$F$14/1000)^2/4)*((Inputs!$F$14/1000/4)^(2/3))*SQRT(N5))
A6: P03 | B6: P06 | C6: 6.95 | E6: =SUMIFS(CB_Tributaires!$C:$C,CB_Tributaires!$B:$B,$A6) | F6: =IF(D6="",E6,D6) | I6: =IF(A6="","",Inputs!$B$13/((IF(H6="",Inputs!$B$18,H6)+Inputs!$B$14)^Inputs!$B$15)) | J6: =IF(A6="","",0.00278*IF(G6="",Inputs!$B$17,G6)*F6*I6) | K6: =IF(A6="","",SUMIFS($L$4:$L$203,$B$4:$B$203,$A6)) | L6: =IF(A6="","",(J6+K6)*Inputs!$B$16) | N6: =IF(A6="","",IF(M6="",Inputs!$B$7,M6)) | O6: =IF(A6="","",IF(L6/Inputs!$B$10<=AD6,Inputs!$F$5,IF(L6/Inputs!$B$10>AM6,"OVERSIZE",INDEX(Inputs!$F$5:$F$14,MATCH(L6/Inputs!$B$10,AD6:AM6,1)+1)))) | Q6: =IF(A6="","",IF(P6="",O6,P6)) | R6: =IF(OR(Q6="",Q6="OVERSIZE"),"",Q6/1000) | S6: =IF(R6="","",(1/Inputs!$B$9)*(PI()*R6^2/4)*((R6/4)^(2/3))*SQRT(N6)) | T6: =IF(OR(S6="",L6=""),"",L6/(S6*Inputs!$B$10)) | U6: =IF(OR(R6="",L6=""),"",4*L6/(PI()*R6^2)) | W6: =IF(A6="","",IF(A6=Inputs!$B$6,Inputs!$B$22,IF(B6="","",IFERROR(INDEX($X$4:$X$203,MATCH(B6,$A$4:$A$203,0))+IF(V6="",Inputs!$B$20,V6),"")))) | X6: =IF(OR(W6="",N6="",C6=""),"",W6+N6*C6) | AA6: =IF(OR(Y6="",W6=""),"",Y6-W6) | AB6: =IF(OR(Z6="",X6=""),"",Z6-X6) | AC6: =IF(A6="","",IF(OR(T6>1,U6<Inputs!$B$11,U6>Inputs!$B$12,AA6<Inputs!$B$19,AB6<Inputs!$B$19,N6<Inputs!$B$7,N6>Inputs!$B$8),"CHECK","OK")) | AD6: =IF(A6="","",(1/Inputs!$B$9)*(PI()*(Inputs!$F$5/1000)^2/4)*((Inputs!$F$5/1000/4)^(2/3))*SQRT(N6)) | AE6: =IF(A6="","",(1/Inputs!$B$9)*(PI()*(Inputs!$F$6/1000)^2/4)*((Inputs!$F$6/1000/4)^(2/3))*SQRT(N6)) | AF6: =IF(A6="","",(1/Inputs!$B$9)*(PI()*(Inputs!$F$7/1000)^2/4)*((Inputs!$F$7/1000/4)^(2/3))*SQRT(N6)) | AG6: =IF(A6="","",(1/Inputs!$B$9)*(PI()*(Inputs!$F$8/1000)^2/4)*((Inputs!$F$8/1000/4)^(2/3))*SQRT(N6)) | AH6: =IF(A6="","",(1/Inputs!$B$9)*(PI()*(Inputs!$F$9/1000)^2/4)*((Inputs!$F$9/1000/4)^(2/3))*SQRT(N6)) | AI6: =IF(A6="","",(1/Inputs!$B$9)*(PI()*(Inputs!$F$10/1000)^2/4)*((Inputs!$F$10/1000/4)^(2/3))*SQRT(N6)) | AJ6: =IF(A6="","",(1/Inputs!$B$9)*(PI()*(Inputs!$F$11/1000)^2/4)*((Inputs!$F$11/1000/4)^(2/3))*SQRT(N6)) | AK6: =IF(A6="","",(1/Inputs!$B$9)*(PI()*(Inputs!$F$12/1000)^2/4)*((Inputs!$F$12/1000/4)^(2/3))*SQRT(N6)) | AL6: =IF(A6="","",(1/Inputs!$B$9)*(PI()*(Inputs!$F$13/1000)^2/4)*((Inputs!$F$13/1000/4)^(2/3))*SQRT(N6)) | AM6: =IF(A6="","",(1/Inputs!$B$9)*(PI()*(Inputs!$F$14/1000)^2/4)*((Inputs!$F$14/1000/4)^(2/3))*SQRT(N6))
A7: P04 | B7: P05 | C7: 11.54 | E7: =SUMIFS(CB_Tributaires!$C:$C,CB_Tributaires!$B:$B,$A7) | F7: =IF(D7="",E7,D7) | I7: =IF(A7="","",Inputs!$B$13/((IF(H7="",Inputs!$B$18,H7)+Inputs!$B$14)^Inputs!$B$15)) | J7: =IF(A7="","",0.00278*IF(G7="",Inputs!$B$17,G7)*F7*I7) | K7: =IF(A7="","",SUMIFS($L$4:$L$203,$B$4:$B$203,$A7)) | L7: =IF(A7="","",(J7+K7)*Inputs!$B$16) | N7: =IF(A7="","",IF(M7="",Inputs!$B$7,M7)) | O7: =IF(A7="","",IF(L7/Inputs!$B$10<=AD7,Inputs!$F$5,IF(L7/Inputs!$B$10>AM7,"OVERSIZE",INDEX(Inputs!$F$5:$F$14,MATCH(L7/Inputs!$B$10,AD7:AM7,1)+1)))) | Q7: =IF(A7="","",IF(P7="",O7,P7)) | R7: =IF(OR(Q7="",Q7="OVERSIZE"),"",Q7/1000) | S7: =IF(R7="","",(1/Inputs!$B$9)*(PI()*R7^2/4)*((R7/4)^(2/3))*SQRT(N7)) | T7: =IF(OR(S7="",L7=""),"",L7/(S7*Inputs!$B$10)) | U7: =IF(OR(R7="",L7=""),"",4*L7/(PI()*R7^2)) | W7: =IF(A7="","",IF(A7=Inputs!$B$6,Inputs!$B$22,IF(B7="","",IFERROR(INDEX($X$4:$X$203,MATCH(B7,$A$4:$A$203,0))+IF(V7="",Inputs!$B$20,V7),"")))) | X7: =IF(OR(W7="",N7="",C7=""),"",W7+N7*C7) | AA7: =IF(OR(Y7="",W7=""),"",Y7-W7) | AB7: =IF(OR(Z7="",X7=""),"",Z7-X7) | AC7: =IF(A7="","",IF(OR(T7>1,U7<Inputs!$B$11,U7>Inputs!$B$12,AA7<Inputs!$B$19,AB7<Inputs!$B$19,N7<Inputs!$B$7,N7>Inputs!$B$8),"CHECK","OK")) | AD7: =IF(A7="","",(1/Inputs!$B$9)*(PI()*(Inputs!$F$5/1000)^2/4)*((Inputs!$F$5/1000/4)^(2/3))*SQRT(N7)) | AE7: =IF(A7="","",(1/Inputs!$B$9)*(PI()*(Inputs!$F$6/1000)^2/4)*((Inputs!$F$6/1000/4)^(2/3))*SQRT(N7)) | AF7: =IF(A7="","",(1/Inputs!$B$9)*(PI()*(Inputs!$F$7/1000)^2/4)*((Inputs!$F$7/1000/4)^(2/3))*SQRT(N7)) | AG7: =IF(A7="","",(1/Inputs!$B$9)*(PI()*(Inputs!$F$8/1000)^2/4)*((Inputs!$F$8/1000/4)^(2/3))*SQRT(N7)) | AH7: =IF(A7="","",(1/Inputs!$B$9)*(PI()*(Inputs!$F$9/1000)^2/4)*((Inputs!$F$9/1000/4)^(2/3))*SQRT(N7)) | AI7: =IF(A7="","",(1/Inputs!$B$9)*(PI()*(Inputs!$F$10/1000)^2/4)*((Inputs!$F$10/1000/4)^(2/3))*SQRT(N7)) | AJ7: =IF(A7="","",(1/Inputs!$B$9)*(PI()*(Inputs!$F$11/1000)^2/4)*((Inputs!$F$11/1000/4)^(2/3))*SQRT(N7)) | AK7: =IF(A7="","",(1/Inputs!$B$9)*(PI()*(Inputs!$F$12/1000)^2/4)*((Inputs!$F$12/1000/4)^(2/3))*SQRT(N7)) | AL7: =IF(A7="","",(1/Inputs!$B$9)*(PI()*(Inputs!$F$13/1000)^2/4)*((Inputs!$F$13/1000/4)^(2/3))*SQRT(N7)) | AM7: =IF(A7="","",(1/Inputs!$B$9)*(PI()*(Inputs!$F$14/1000)^2/4)*((Inputs!$F$14/1000/4)^(2/3))*SQRT(N7))
A8: P05 | B8: P06 | C8: 14.25 | E8: =SUMIFS(CB_Tributaires!$C:$C,CB_Tributaires!$B:$B,$A8) | F8: =IF(D8="",E8,D8) | I8: =IF(A8="","",Inputs!$B$13/((IF(H8="",Inputs!$B$18,H8)+Inputs!$B$14)^Inputs!$B$15)) | J8: =IF(A8="","",0.00278*IF(G8="",Inputs!$B$17,G8)*F8*I8) | K8: =IF(A8="","",SUMIFS($L$4:$L$203,$B$4:$B$203,$A8)) | L8: =IF(A8="","",(J8+K8)*Inputs!$B$16) | N8: =IF(A8="","",IF(M8="",Inputs!$B$7,M8)) | O8: =IF(A8="","",IF(L8/Inputs!$B$10<=AD8,Inputs!$F$5,IF(L8/Inputs!$B$10>AM8,"OVERSIZE",INDEX(Inputs!$F$5:$F$14,MATCH(L8/Inputs!$B$10,AD8:AM8,1)+1)))) | Q8: =IF(A8="","",IF(P8="",O8,P8)) | R8: =IF(OR(Q8="",Q8="OVERSIZE"),"",Q8/1000) | S8: =IF(R8="","",(1/Inputs!$B$9)*(PI()*R8^2/4)*((R8/4)^(2/3))*SQRT(N8)) | T8: =IF(OR(S8="",L8=""),"",L8/(S8*Inputs!$B$10)) | U8: =IF(OR(R8="",L8=""),"",4*L8/(PI()*R8^2)) | W8: =IF(A8="","",IF(A8=Inputs!$B$6,Inputs!$B$22,IF(B8="","",IFERROR(INDEX($X$4:$X$203,MATCH(B8,$A$4:$A$203,0))+IF(V8="",Inputs!$B$20,V8),"")))) | X8: =IF(OR(W8="",N8="",C8=""),"",W8+N8*C8) | AA8: =IF(OR(Y8="",W8=""),"",Y8-W8) | AB8: =IF(OR(Z8="",X8=""),"",Z8-X8) | AC8: =IF(A8="","",IF(OR(T8>1,U8<Inputs!$B$11,U8>Inputs!$B$12,AA8<Inputs!$B$19,AB8<Inputs!$B$19,N8<Inputs!$B$7,N8>Inputs!$B$8),"CHECK","OK")) | AD8: =IF(A8="","",(1/Inputs!$B$9)*(PI()*(Inputs!$F$5/1000)^2/4)*((Inputs!$F$5/1000/4)^(2/3))*SQRT(N8)) | AE8: =IF(A8="","",(1/Inputs!$B$9)*(PI()*(Inputs!$F$6/1000)^2/4)*((Inputs!$F$6/1000/4)^(2/3))*SQRT(N8)) | AF8: =IF(A8="","",(1/Inputs!$B$9)*(PI()*(Inputs!$F$7/1000)^2/4)*((Inputs!$F$7/1000/4)^(2/3))*SQRT(N8)) | AG8: =IF(A8="","",(1/Inputs!$B$9)*(PI()*(Inputs!$F$8/1000)^2/4)*((Inputs!$F$8/1000/4)^(2/3))*SQRT(N8)) | AH8: =IF(A8="","",(1/Inputs!$B$9)*(PI()*(Inputs!$F$9/1000)^2/4)*((Inputs!$F$9/1000/4)^(2/3))*SQRT(N8)) | AI8: =IF(A8="","",(1/Inputs!$B$9)*(PI()*(Inputs!$F$10/1000)^2/4)*((Inputs!$F$10/1000/4)^(2/3))*SQRT(N8)) | AJ8: =IF(A8="","",(1/Inputs!$B$9)*(PI()*(Inputs!$F$11/1000)^2/4)*((Inputs!$F$11/1000/4)^(2/3))*SQRT(N8)) | AK8: =IF(A8="","",(1/Inputs!$B$9)*(PI()*(Inputs!$F$12/1000)^2/4)*((Inputs!$F$12/1000/4)^(2/3))*SQRT(N8)) | AL8: =IF(A8="","",(1/Inputs!$B$9)*(PI()*(Inputs!$F$13/1000)^2/4)*((Inputs!$F$13/1000/4)^(2/3))*SQRT(N8)) | AM8: =IF(A8="","",(1/Inputs!$B$9)*(PI()*(Inputs!$F$14/1000)^2/4)*((Inputs!$F$14/1000/4)^(2/3))*SQRT(N8))
A9: P07 | B9: P08 | C9: 14.29 | E9: =SUMIFS(CB_Tributaires!$C:$C,CB_Tributaires!$B:$B,$A9) | F9: =IF(D9="",E9,D9) | I9: =IF(A9="","",Inputs!$B$13/((IF(H9="",Inputs!$B$18,H9)+Inputs!$B$14)^Inputs!$B$15)) | J9: =IF(A9="","",0.00278*IF(G9="",Inputs!$B$17,G9)*F9*I9) | K9: =IF(A9="","",SUMIFS($L$4:$L$203,$B$4:$B$203,$A9)) | L9: =IF(A9="","",(J9+K9)*Inputs!$B$16) | N9: =IF(A9="","",IF(M9="",Inputs!$B$7,M9)) | O9: =IF(A9="","",IF(L9/Inputs!$B$10<=AD9,Inputs!$F$5,IF(L9/Inputs!$B$10>AM9,"OVERSIZE",INDEX(Inputs!$F$5:$F$14,MATCH(L9/Inputs!$B$10,AD9:AM9,1)+1)))) | Q9: =IF(A9="","",IF(P9="",O9,P9)) | R9: =IF(OR(Q9="",Q9="OVERSIZE"),"",Q9/1000) | S9: =IF(R9="","",(1/Inputs!$B$9)*(PI()*R9^2/4)*((R9/4)^(2/3))*SQRT(N9)) | T9: =IF(OR(S9="",L9=""),"",L9/(S9*Inputs!$B$10)) | U9: =IF(OR(R9="",L9=""),"",4*L9/(PI()*R9^2)) | W9: =IF(A9="","",IF(A9=Inputs!$B$6,Inputs!$B$22,IF(B9="","",IFERROR(INDEX($X$4:$X$203,MATCH(B9,$A$4:$A$203,0))+IF(V9="",Inputs!$B$20,V9),"")))) | X9: =IF(OR(W9="",N9="",C9=""),"",W9+N9*C9) | AA9: =IF(OR(Y9="",W9=""),"",Y9-W9) | AB9: =IF(OR(Z9="",X9=""),"",Z9-X9) | AC9: =IF(A9="","",IF(OR(T9>1,U9<Inputs!$B$11,U9>Inputs!$B$12,AA9<Inputs!$B$19,AB9<Inputs!$B$19,N9<Inputs!$B$7,N9>Inputs!$B$8),"CHECK","OK")) | AD9: =IF(A9="","",(1/Inputs!$B$9)*(PI()*(Inputs!$F$5/1000)^2/4)*((Inputs!$F$5/1000/4)^(2/3))*SQRT(N9)) | AE9: =IF(A9="","",(1/Inputs!$B$9)*(PI()*(Inputs!$F$6/1000)^2/4)*((Inputs!$F$6/1000/4)^(2/3))*SQRT(N9)) | AF9: =IF(A9="","",(1/Inputs!$B$9)*(PI()*(Inputs!$F$7/1000)^2/4)*((Inputs!$F$7/1000/4)^(2/3))*SQRT(N9)) | AG9: =IF(A9="","",(1/Inputs!$B$9)*(PI()*(Inputs!$F$8/1000)^2/4)*((Inputs!$F$8/1000/4)^(2/3))*SQRT(N9)) | AH9: =IF(A9="","",(1/Inputs!$B$9)*(PI()*(Inputs!$F$9/1000)^2/4)*((Inputs!$F$9/1000/4)^(2/3))*SQRT(N9)) | AI9: =IF(A9="","",(1/Inputs!$B$9)*(PI()*(Inputs!$F$10/1000)^2/4)*((Inputs!$F$10/1000/4)^(2/3))*SQRT(N9)) | AJ9: =IF(A9="","",(1/Inputs!$B$9)*(PI()*(Inputs!$F$11/1000)^2/4)*((Inputs!$F$11/1000/4)^(2/3))*SQRT(N9)) | AK9: =IF(A9="","",(1/Inputs!$B$9)*(PI()*(Inputs!$F$12/1000)^2/4)*((Inputs!$F$12/1000/4)^(2/3))*SQRT(N9)) | AL9: =IF(A9="","",(1/Inputs!$B$9)*(PI()*(Inputs!$F$13/1000)^2/4)*((Inputs!$F$13/1000/4)^(2/3))*SQRT(N9)) | AM9: =IF(A9="","",(1/Inputs!$B$9)*(PI()*(Inputs!$F$14/1000)^2/4)*((Inputs!$F$14/1000/4)^(2/3))*SQRT(N9))
A10: P08 | B10: P09 | C10: 12.4 | E10: =SUMIFS(CB_Tributaires!$C:$C,CB_Tributaires!$B:$B,$A10) | F10: =IF(D10="",E10,D10) | I10: =IF(A10="","",Inputs!$B$13/((IF(H10="",Inputs!$B$18,H10)+Inputs!$B$14)^Inputs!$B$15)) | J10: =IF(A10="","",0.00278*IF(G10="",Inputs!$B$17,G10)*F10*I10) | K10: =IF(A10="","",SUMIFS($L$4:$L$203,$B$4:$B$203,$A10)) | L10: =IF(A10="","",(J10+K10)*Inputs!$B$16) | N10: =IF(A10="","",IF(M10="",Inputs!$B$7,M10)) | O10: =IF(A10="","",IF(L10/Inputs!$B$10<=AD10,Inputs!$F$5,IF(L10/Inputs!$B$10>AM10,"OVERSIZE",INDEX(Inputs!$F$5:$F$14,MATCH(L10/Inputs!$B$10,AD10:AM10,1)+1)))) | Q10: =IF(A10="","",IF(P10="",O10,P10)) | R10: =IF(OR(Q10="",Q10="OVERSIZE"),"",Q10/1000) | S10: =IF(R10="","",(1/Inputs!$B$9)*(PI()*R10^2/4)*((R10/4)^(2/3))*SQRT(N10)) | T10: =IF(OR(S10="",L10=""),"",L10/(S10*Inputs!$B$10)) | U10: =IF(OR(R10="",L10=""),"",4*L10/(PI()*R10^2)) | W10: =IF(A10="","",IF(A10=Inputs!$B$6,Inputs!$B$22,IF(B10="","",IFERROR(INDEX($X$4:$X$203,MATCH(B10,$A$4:$A$203,0))+IF(V10="",Inputs!$B$20,V10),"")))) | X10: =IF(OR(W10="",N10="",C10=""),"",W10+N10*C10) | AA10: =IF(OR(Y10="",W10=""),"",Y10-W10) | AB10: =IF(OR(Z10="",X10=""),"",Z10-X10) | AC10: =IF(A10="","",IF(OR(T10>1,U10<Inputs!$B$11,U10>Inputs!$B$12,AA10<Inputs!$B$19,AB10<Inputs!$B$19,N10<Inputs!$B$7,N10>Inputs!$B$8),"CHECK","OK")) | AD10: =IF(A10="","",(1/Inputs!$B$9)*(PI()*(Inputs!$F$5/1000)^2/4)*((Inputs!$F$5/1000/4)^(2/3))*SQRT(N10)) | AE10: =IF(A10="","",(1/Inputs!$B$9)*(PI()*(Inputs!$F$6/1000)^2/4)*((Inputs!$F$6/1000/4)^(2/3))*SQRT(N10)) | AF10: =IF(A10="","",(1/Inputs!$B$9)*(PI()*(Inputs!$F$7/1000)^2/4)*((Inputs!$F$7/1000/4)^(2/3))*SQRT(N10)) | AG10: =IF(A10="","",(1/Inputs!$B$9)*(PI()*(Inputs!$F$8/1000)^2/4)*((Inputs!$F$8/1000/4)^(2/3))*SQRT(N10)) | AH10: =IF(A10="","",(1/Inputs!$B$9)*(PI()*(Inputs!$F$9/1000)^2/4)*((Inputs!$F$9/1000/4)^(2/3))*SQRT(N10)) | AI10: =IF(A10="","",(1/Inputs!$B$9)*(PI()*(Inputs!$F$10/1000)^2/4)*((Inputs!$F$10/1000/4)^(2/3))*SQRT(N10)) | AJ10: =IF(A10="","",(1/Inputs!$B$9)*(PI()*(Inputs!$F$11/1000)^2/4)*((Inputs!$F$11/1000/4)^(2/3))*SQRT(N10)) | AK10: =IF(A10="","",(1/Inputs!$B$9)*(PI()*(Inputs!$F$12/1000)^2/4)*((Inputs!$F$12/1000/4)^(2/3))*SQRT(N10)) | AL10: =IF(A10="","",(1/Inputs!$B$9)*(PI()*(Inputs!$F$13/1000)^2/4)*((Inputs!$F$13/1000/4)^(2/3))*SQRT(N10)) | AM10: =IF(A10="","",(1/Inputs!$B$9)*(PI()*(Inputs!$F$14/1000)^2/4)*((Inputs!$F$14/1000/4)^(2/3))*SQRT(N10))
A11: P10 | B11: P09 | C11: 8.6 | E11: =SUMIFS(CB_Tributaires!$C:$C,CB_Tributaires!$B:$B,$A11) | F11: =IF(D11="",E11,D11) | I11: =IF(A11="","",Inputs!$B$13/((IF(H11="",Inputs!$B$18,H11)+Inputs!$B$14)^Inputs!$B$15)) | J11: =IF(A11="","",0.00278*IF(G11="",Inputs!$B$17,G11)*F11*I11) | K11: =IF(A11="","",SUMIFS($L$4:$L$203,$B$4:$B$203,$A11)) | L11: =IF(A11="","",(J11+K11)*Inputs!$B$16) | N11: =IF(A11="","",IF(M11="",Inputs!$B$7,M11)) | O11: =IF(A11="","",IF(L11/Inputs!$B$10<=AD11,Inputs!$F$5,IF(L11/Inputs!$B$10>AM11,"OVERSIZE",INDEX(Inputs!$F$5:$F$14,MATCH(L11/Inputs!$B$10,AD11:AM11,1)+1)))) | Q11: =IF(A11="","",IF(P11="",O11,P11)) | R11: =IF(OR(Q11="",Q11="OVERSIZE"),"",Q11/1000) | S11: =IF(R11="","",(1/Inputs!$B$9)*(PI()*R11^2/4)*((R11/4)^(2/3))*SQRT(N11)) | T11: =IF(OR(S11="",L11=""),"",L11/(S11*Inputs!$B$10)) | U11: =IF(OR(R11="",L11=""),"",4*L11/(PI()*R11^2)) | W11: =IF(A11="","",IF(A11=Inputs!$B$6,Inputs!$B$22,IF(B11="","",IFERROR(INDEX($X$4:$X$203,MATCH(B11,$A$4:$A$203,0))+IF(V11="",Inputs!$B$20,V11),"")))) | X11: =IF(OR(W11="",N11="",C11=""),"",W11+N11*C11) | AA11: =IF(OR(Y11="",W11=""),"",Y11-W11) | AB11: =IF(OR(Z11="",X11=""),"",Z11-X11) | AC11: =IF(A11="","",IF(OR(T11>1,U11<Inputs!$B$11,U11>Inputs!$B$12,AA11<Inputs!$B$19,AB11<Inputs!$B$19,N11<Inputs!$B$7,N11>Inputs!$B$8),"CHECK","OK")) | AD11: =IF(A11="","",(1/Inputs!$B$9)*(PI()*(Inputs!$F$5/1000)^2/4)*((Inputs!$F$5/1000/4)^(2/3))*SQRT(N11)) | AE11: =IF(A11="","",(1/Inputs!$B$9)*(PI()*(Inputs!$F$6/1000)^2/4)*((Inputs!$F$6/1000/4)^(2/3))*SQRT(N11)) | AF11: =IF(A11="","",(1/Inputs!$B$9)*(PI()*(Inputs!$F$7/1000)^2/4)*((Inputs!$F$7/1000/4)^(2/3))*SQRT(N11)) | AG11: =IF(A11="","",(1/Inputs!$B$9)*(PI()*(Inputs!$F$8/1000)^2/4)*((Inputs!$F$8/1000/4)^(2/3))*SQRT(N11)) | AH11: =IF(A11="","",(1/Inputs!$B$9)*(PI()*(Inputs!$F$9/1000)^2/4)*((Inputs!$F$9/1000/4)^(2/3))*SQRT(N11)) | AI11: =IF(A11="","",(1/Inputs!$B$9)*(PI()*(Inputs!$F$10/1000)^2/4)*((Inputs!$F$10/1000/4)^(2/3))*SQRT(N11)) | AJ11: =IF(A11="","",(1/Inputs!$B$9)*(PI()*(Inputs!$F$11/1000)^2/4)*((Inputs!$F$11/1000/4)^(2/3))*SQRT(N11)) | AK11: =IF(A11="","",(1/Inputs!$B$9)*(PI()*(Inputs!$F$12/1000)^2/4)*((Inputs!$F$12/1000/4)^(2/3))*SQRT(N11)) | AL11: =IF(A11="","",(1/Inputs!$B$9)*(PI()*(Inputs!$F$13/1000)^2/4)*((Inputs!$F$13/1000/4)^(2/3))*SQRT(N11)) | AM11: =IF(A11="","",(1/Inputs!$B$9)*(PI()*(Inputs!$F$14/1000)^2/4)*((Inputs!$F$14/1000/4)^(2/3))*SQRT(N11))
A12: P09 | B12: P_OUT | C12: 6.22 | E12: =SUMIFS(CB_Tributaires!$C:$C,CB_Tributaires!$B:$B,$A12) | F12: =IF(D12="",E12,D12) | I12: =IF(A12="","",Inputs!$B$13/((IF(H12="",Inputs!$B$18,H12)+Inputs!$B$14)^Inputs!$B$15)) | J12: =IF(A12="","",0.00278*IF(G12="",Inputs!$B$17,G12)*F12*I12) | K12: =IF(A12="","",SUMIFS($L$4:$L$203,$B$4:$B$203,$A12)) | L12: =IF(A12="","",(J12+K12)*Inputs!$B$16) | N12: =IF(A12="","",IF(M12="",Inputs!$B$7,M12)) | O12: =IF(A12="","",IF(L12/Inputs!$B$10<=AD12,Inputs!$F$5,IF(L12/Inputs!$B$10>AM12,"OVERSIZE",INDEX(Inputs!$F$5:$F$14,MATCH(L12/Inputs!$B$10,AD12:AM12,1)+1)))) | Q12: =IF(A12="","",IF(P12="",O12,P12)) | R12: =IF(OR(Q12="",Q12="OVERSIZE"),"",Q12/1000) | S12: =IF(R12="","",(1/Inputs!$B$9)*(PI()*R12^2/4)*((R12/4)^(2/3))*SQRT(N12)) | T12: =IF(OR(S12="",L12=""),"",L12/(S12*Inputs!$B$10)) | U12: =IF(OR(R12="",L12=""),"",4*L12/(PI()*R12^2)) | W12: =IF(A12="","",IF(A12=Inputs!$B$6,Inputs!$B$22,IF(B12="","",IFERROR(INDEX($X$4:$X$203,MATCH(B12,$A$4:$A$203,0))+IF(V12="",Inputs!$B$20,V12),"")))) | X12: =IF(OR(W12="",N12="",C12=""),"",W12+N12*C12) | AA12: =IF(OR(Y12="",W12=""),"",Y12-W12) | AB12: =IF(OR(Z12="",X12=""),"",Z12-X12) | AC12: =IF(A12="","",IF(OR(T12>1,U12<Inputs!$B$11,U12>Inputs!$B$12,AA12<Inputs!$B$19,AB12<Inputs!$B$19,N12<Inputs!$B$7,N12>Inputs!$B$8),"CHECK","OK")) | AD12: =IF(A12="","",(1/Inputs!$B$9)*(PI()*(Inputs!$F$5/1000)^2/4)*((Inputs!$F$5/1000/4)^(2/3))*SQRT(N12)) | AE12: =IF(A12="","",(1/Inputs!$B$9)*(PI()*(Inputs!$F$6/1000)^2/4)*((Inputs!$F$6/1000/4)^(2/3))*SQRT(N12)) | AF12: =IF(A12="","",(1/Inputs!$B$9)*(PI()*(Inputs!$F$7/1000)^2/4)*((Inputs!$F$7/1000/4)^(2/3))*SQRT(N12)) | AG12: =IF(A12="","",(1/Inputs!$B$9)*(PI()*(Inputs!$F$8/1000)^2/4)*((Inputs!$F$8/1000/4)^(2/3))*SQRT(N12)) | AH12: =IF(A12="","",(1/Inputs!$B$9)*(PI()*(Inputs!$F$9/1000)^2/4)*((Inputs!$F$9/1000/4)^(2/3))*SQRT(N12)) | AI12: =IF(A12="","",(1/Inputs!$B$9)*(PI()*(Inputs!$F$10/1000)^2/4)*((Inputs!$F$10/1000/4)^(2/3))*SQRT(N12)) | AJ12: =IF(A12="","",(1/Inputs!$B$9)*(PI()*(Inputs!$F$11/1000)^2/4)*((Inputs!$F$11/1000/4)^(2/3))*SQRT(N12)) | AK12: =IF(A12="","",(1/Inputs!$B$9)*(PI()*(Inputs!$F$12/1000)^2/4)*((Inputs!$F$12/1000/4)^(2/3))*SQRT(N12)) | AL12: =IF(A12="","",(1/Inputs!$B$9)*(PI()*(Inputs!$F$13/1000)^2/4)*((Inputs!$F$13/1000/4)^(2/3))*SQRT(N12)) | AM12: =IF(A12="","",(1/Inputs!$B$9)*(PI()*(Inputs!$F$14/1000)^2/4)*((Inputs!$F$14/1000/4)^(2/3))*SQRT(N12))
A13: P06 | B13: P_OUT | C13: 9.05 | E13: =SUMIFS(CB_Tributaires!$C:$C,CB_Tributaires!$B:$B,$A13) | F13: =IF(D13="",E13,D13) | I13: =IF(A13="","",Inputs!$B$13/((IF(H13="",Inputs!$B$18,H13)+Inputs!$B$14)^Inputs!$B$15)) | J13: =IF(A13="","",0.00278*IF(G13="",Inputs!$B$17,G13)*F13*I13) | K13: =IF(A13="","",SUMIFS($L$4:$L$203,$B$4:$B$203,$A13)) | L13: =IF(A13="","",(J13+K13)*Inputs!$B$16) | N13: =IF(A13="","",IF(M13="",Inputs!$B$7,M13)) | O13: =IF(A13="","",IF(L13/Inputs!$B$10<=AD13,Inputs!$F$5,IF(L13/Inputs!$B$10>AM13,"OVERSIZE",INDEX(Inputs!$F$5:$F$14,MATCH(L13/Inputs!$B$10,AD13:AM13,1)+1)))) | Q13: =IF(A13="","",IF(P13="",O13,P13)) | R13: =IF(OR(Q13="",Q13="OVERSIZE"),"",Q13/1000) | S13: =IF(R13="","",(1/Inputs!$B$9)*(PI()*R13^2/4)*((R13/4)^(2/3))*SQRT(N13)) | T13: =IF(OR(S13="",L13=""),"",L13/(S13*Inputs!$B$10)) | U13: =IF(OR(R13="",L13=""),"",4*L13/(PI()*R13^2)) | W13: =IF(A13="","",IF(A13=Inputs!$B$6,Inputs!$B$22,IF(B13="","",IFERROR(INDEX($X$4:$X$203,MATCH(B13,$A$4:$A$203,0))+IF(V13="",Inputs!$B$20,V13),"")))) | X13: =IF(OR(W13="",N13="",C13=""),"",W13+N13*C13) | AA13: =IF(OR(Y13="",W13=""),"",Y13-W13) | AB13: =IF(OR(Z13="",X13=""),"",Z13-X13) | AC13: =IF(A13="","",IF(OR(T13>1,U13<Inputs!$B$11,U13>Inputs!$B$12,AA13<Inputs!$B$19,AB13<Inputs!$B$19,N13<Inputs!$B$7,N13>Inputs!$B$8),"CHECK","OK")) | AD13: =IF(A13="","",(1/Inputs!$B$9)*(PI()*(Inputs!$F$5/1000)^2/4)*((Inputs!$F$5/1000/4)^(2/3))*SQRT(N13)) | AE13: =IF(A13="","",(1/Inputs!$B$9)*(PI()*(Inputs!$F$6/1000)^2/4)*((Inputs!$F$6/1000/4)^(2/3))*SQRT(N13)) | AF13: =IF(A13="","",(1/Inputs!$B$9)*(PI()*(Inputs!$F$7/1000)^2/4)*((Inputs!$F$7/1000/4)^(2/3))*SQRT(N13)) | AG13: =IF(A13="","",(1/Inputs!$B$9)*(PI()*(Inputs!$F$8/1000)^2/4)*((Inputs!$F$8/1000/4)^(2/3))*SQRT(N13)) | AH13: =IF(A13="","",(1/Inputs!$B$9)*(PI()*(Inputs!$F$9/1000)^2/4)*((Inputs!$F$9/1000/4)^(2/3))*SQRT(N13)) | AI13: =IF(A13="","",(1/Inputs!$B$9)*(PI()*(Inputs!$F$10/1000)^2/4)*((Inputs!$F$10/1000/4)^(2/3))*SQRT(N13)) | AJ13: =IF(A13="","",(1/Inputs!$B$9)*(PI()*(Inputs!$F$11/1000)^2/4)*((Inputs!$F$11/1000/4)^(2/3))*SQRT(N13)) | AK13: =IF(A13="","",(1/Inputs!$B$9)*(PI()*(Inputs!$F$12/1000)^2/4)*((Inputs!$F$12/1000/4)^(2/3))*SQRT(N13)) | AL13: =IF(A13="","",(1/Inputs!$B$9)*(PI()*(Inputs!$F$13/1000)^2/4)*((Inputs!$F$13/1000/4)^(2/3))*SQRT(N13)) | AM13: =IF(A13="","",(1/Inputs!$B$9)*(PI()*(Inputs!$F$14/1000)^2/4)*((Inputs!$F$14/1000/4)^(2/3))*SQRT(N13))
A14: P_OUT | C14: 4.5 | E14: =SUMIFS(CB_Tributaires!$C:$C,CB_Tributaires!$B:$B,$A14) | F14: =IF(D14="",E14,D14) | I14: =IF(A14="","",Inputs!$B$13/((IF(H14="",Inputs!$B$18,H14)+Inputs!$B$14)^Inputs!$B$15)) | J14: =IF(A14="","",0.00278*IF(G14="",Inputs!$B$17,G14)*F14*I14) | K14: =IF(A14="","",SUMIFS($L$4:$L$203,$B$4:$B$203,$A14)) | L14: =IF(A14="","",(J14+K14)*Inputs!$B$16) | N14: =IF(A14="","",IF(M14="",Inputs!$B$7,M14)) | O14: =IF(A14="","",IF(L14/Inputs!$B$10<=AD14,Inputs!$F$5,IF(L14/Inputs!$B$10>AM14,"OVERSIZE",INDEX(Inputs!$F$5:$F$14,MATCH(L14/Inputs!$B$10,AD14:AM14,1)+1)))) | Q14: =IF(A14="","",IF(P14="",O14,P14)) | R14: =IF(OR(Q14="",Q14="OVERSIZE"),"",Q14/1000) | S14: =IF(R14="","",(1/Inputs!$B$9)*(PI()*R14^2/4)*((R14/4)^(2/3))*SQRT(N14)) | T14: =IF(OR(S14="",L14=""),"",L14/(S14*Inputs!$B$10)) | U14: =IF(OR(R14="",L14=""),"",4*L14/(PI()*R14^2)) | W14: =IF(A14="","",IF(A14=Inputs!$B$6,Inputs!$B$22,IF(B14="","",IFERROR(INDEX($X$4:$X$203,MATCH(B14,$A$4:$A$203,0))+IF(V14="",Inputs!$B$20,V14),"")))) | X14: =IF(OR(W14="",N14="",C14=""),"",W14+N14*C14) | AA14: =IF(OR(Y14="",W14=""),"",Y14-W14) | AB14: =IF(OR(Z14="",X14=""),"",Z14-X14) | AC14: =IF(A14="","",IF(OR(T14>1,U14<Inputs!$B$11,U14>Inputs!$B$12,AA14<Inputs!$B$19,AB14<Inputs!$B$19,N14<Inputs!$B$7,N14>Inputs!$B$8),"CHECK","OK")) | AD14: =IF(A14="","",(1/Inputs!$B$9)*(PI()*(Inputs!$F$5/1000)^2/4)*((Inputs!$F$5/1000/4)^(2/3))*SQRT(N14)) | AE14: =IF(A14="","",(1/Inputs!$B$9)*(PI()*(Inputs!$F$6/1000)^2/4)*((Inputs!$F$6/1000/4)^(2/3))*SQRT(N14)) | AF14: =IF(A14="","",(1/Inputs!$B$9)*(PI()*(Inputs!$F$7/1000)^2/4)*((Inputs!$F$7/1000/4)^(2/3))*SQRT(N14)) | AG14: =IF(A14="","",(1/Inputs!$B$9)*(PI()*(Inputs!$F$8/1000)^2/4)*((Inputs!$F$8/1000/4)^(2/3))*SQRT(N14)) | AH14: =IF(A14="","",(1/Inputs!$B$9)*(PI()*(Inputs!$F$9/1000)^2/4)*((Inputs!$F$9/1000/4)^(2/3))*SQRT(N14)) | AI14: =IF(A14="","",(1/Inputs!$B$9)*(PI()*(Inputs!$F$10/1000)^2/4)*((Inputs!$F$10/1000/4)^(2/3))*SQRT(N14)) | AJ14: =IF(A14="","",(1/Inputs!$B$9)*(PI()*(Inputs!$F$11/1000)^2/4)*((Inputs!$F$11/1000/4)^(2/3))*SQRT(N14)) | AK14: =IF(A14="","",(1/Inputs!$B$9)*(PI()*(Inputs!$F$12/1000)^2/4)*((Inputs!$F$12/1000/4)^(2/3))*SQRT(N14)) | AL14: =IF(A14="","",(1/Inputs!$B$9)*(PI()*(Inputs!$F$13/1000)^2/4)*((Inputs!$F$13/1000/4)^(2/3))*SQRT(N14)) | AM14: =IF(A14="","",(1/Inputs!$B$9)*(PI()*(Inputs!$F$14/1000)^2/4)*((Inputs!$F$14/1000/4)^(2/3))*SQRT(N14))
E15: =SUMIFS(CB_Tributaires!$C:$C,CB_Tributaires!$B:$B,$A15) | F15: =IF(D15="",E15,D15) | I15: =IF(A15="","",Inputs!$B$13/((IF(H15="",Inputs!$B$18,H15)+Inputs!$B$14)^Inputs!$B$15)) | J15: =IF(A15="","",0.00278*IF(G15="",Inputs!$B$17,G15)*F15*I15) | K15: =IF(A15="","",SUMIFS($L$4:$L$203,$B$4:$B$203,$A15)) | L15: =IF(A15="","",(J15+K15)*Inputs!$B$16) | N15: =IF(A15="","",IF(M15="",Inputs!$B$7,M15)) | O15: =IF(A15="","",IF(L15/Inputs!$B$10<=AD15,Inputs!$F$5,IF(L15/Inputs!$B$10>AM15,"OVERSIZE",INDEX(Inputs!$F$5:$F$14,MATCH(L15/Inputs!$B$10,AD15:AM15,1)+1)))) | Q15: =IF(A15="","",IF(P15="",O15,P15)) | R15: =IF(OR(Q15="",Q15="OVERSIZE"),"",Q15/1000) | S15: =IF(R15="","",(1/Inputs!$B$9)*(PI()*R15^2/4)*((R15/4)^(2/3))*SQRT(N15)) | T15: =IF(OR(S15="",L15=""),"",L15/(S15*Inputs!$B$10)) | U15: =IF(OR(R15="",L15=""),"",4*L15/(PI()*R15^2)) | W15: =IF(A15="","",IF(A15=Inputs!$B$6,Inputs!$B$22,IF(B15="","",IFERROR(INDEX($X$4:$X$203,MATCH(B15,$A$4:$A$203,0))+IF(V15="",Inputs!$B$20,V15),"")))) | X15: =IF(OR(W15="",N15="",C15=""),"",W15+N15*C15) | AA15: =IF(OR(Y15="",W15=""),"",Y15-W15) | AB15: =IF(OR(Z15="",X15=""),"",Z15-X15) | AC15: =IF(A15="","",IF(OR(T15>1,U15<Inputs!$B$11,U15>Inputs!$B$12,AA15<Inputs!$B$19,AB15<Inputs!$B$19,N15<Inputs!$B$7,N15>Inputs!$B$8),"CHECK","OK")) | AD15: =IF(A15="","",(1/Inputs!$B$9)*(PI()*(Inputs!$F$5/1000)^2/4)*((Inputs!$F$5/1000/4)^(2/3))*SQRT(N15)) | AE15: =IF(A15="","",(1/Inputs!$B$9)*(PI()*(Inputs!$F$6/1000)^2/4)*((Inputs!$F$6/1000/4)^(2/3))*SQRT(N15)) | AF15: =IF(A15="","",(1/Inputs!$B$9)*(PI()*(Inputs!$F$7/1000)^2/4)*((Inputs!$F$7/1000/4)^(2/3))*SQRT(N15)) | AG15: =IF(A15="","",(1/Inputs!$B$9)*(PI()*(Inputs!$F$8/1000)^2/4)*((Inputs!$F$8/1000/4)^(2/3))*SQRT(N15)) | AH15: =IF(A15="","",(1/Inputs!$B$9)*(PI()*(Inputs!$F$9/1000)^2/4)*((Inputs!$F$9/1000/4)^(2/3))*SQRT(N15)) | AI15: =IF(A15="","",(1/Inputs!$B$9)*(PI()*(Inputs!$F$10/1000)^2/4)*((Inputs!$F$10/1000/4)^(2/3))*SQRT(N15)) | AJ15: =IF(A15="","",(1/Inputs!$B$9)*(PI()*(Inputs!$F$11/1000)^2/4)*((Inputs!$F$11/1000/4)^(2/3))*SQRT(N15)) | AK15: =IF(A15="","",(1/Inputs!$B$9)*(PI()*(Inputs!$F$12/1000)^2/4)*((Inputs!$F$12/1000/4)^(2/3))*SQRT(N15)) | AL15: =IF(A15="","",(1/Inputs!$B$9)*(PI()*(Inputs!$F$13/1000)^2/4)*((Inputs!$F$13/1000/4)^(2/3))*SQRT(N15)) | AM15: =IF(A15="","",(1/Inputs!$B$9)*(PI()*(Inputs!$F$14/1000)^2/4)*((Inputs!$F$14/1000/4)^(2/3))*SQRT(N15))
E16: =SUMIFS(CB_Tributaires!$C:$C,CB_Tributaires!$B:$B,$A16) | F16: =IF(D16="",E16,D16) | I16: =IF(A16="","",Inputs!$B$13/((IF(H16="",Inputs!$B$18,H16)+Inputs!$B$14)^Inputs!$B$15)) | J16: =IF(A16="","",0.00278*IF(G16="",Inputs!$B$17,G16)*F16*I16) | K16: =IF(A16="","",SUMIFS($L$4:$L$203,$B$4:$B$203,$A16)) | L16: =IF(A16="","",(J16+K16)*Inputs!$B$16) | N16: =IF(A16="","",IF(M16="",Inputs!$B$7,M16)) | O16: =IF(A16="","",IF(L16/Inputs!$B$10<=AD16,Inputs!$F$5,IF(L16/Inputs!$B$10>AM16,"OVERSIZE",INDEX(Inputs!$F$5:$F$14,MATCH(L16/Inputs!$B$10,AD16:AM16,1)+1)))) | Q16: =IF(A16="","",IF(P16="",O16,P16)) | R16: =IF(OR(Q16="",Q16="OVERSIZE"),"",Q16/1000) | S16: =IF(R16="","",(1/Inputs!$B$9)*(PI()*R16^2/4)*((R16/4)^(2/3))*SQRT(N16)) | T16: =IF(OR(S16="",L16=""),"",L16/(S16*Inputs!$B$10)) | U16: =IF(OR(R16="",L16=""),"",4*L16/(PI()*R16^2)) | W16: =IF(A16="","",IF(A16=Inputs!$B$6,Inputs!$B$22,IF(B16="","",IFERROR(INDEX($X$4:$X$203,MATCH(B16,$A$4:$A$203,0))+IF(V16="",Inputs!$B$20,V16),"")))) | X16: =IF(OR(W16="",N16="",C16=""),"",W16+N16*C16) | AA16: =IF(OR(Y16="",W16=""),"",Y16-W16) | AB16: =IF(OR(Z16="",X16=""),"",Z16-X16) | AC16: =IF(A16="","",IF(OR(T16>1,U16<Inputs!$B$11,U16>Inputs!$B$12,AA16<Inputs!$B$19,AB16<Inputs!$B$19,N16<Inputs!$B$7,N16>Inputs!$B$8),"CHECK","OK")) | AD16: =IF(A16="","",(1/Inputs!$B$9)*(PI()*(Inputs!$F$5/1000)^2/4)*((Inputs!$F$5/1000/4)^(2/3))*SQRT(N16)) | AE16: =IF(A16="","",(1/Inputs!$B$9)*(PI()*(Inputs!$F$6/1000)^2/4)*((Inputs!$F$6/1000/4)^(2/3))*SQRT(N16)) | AF16: =IF(A16="","",(1/Inputs!$B$9)*(PI()*(Inputs!$F$7/1000)^2/4)*((Inputs!$F$7/1000/4)^(2/3))*SQRT(N16)) | AG16: =IF(A16="","",(1/Inputs!$B$9)*(PI()*(Inputs!$F$8/1000)^2/4)*((Inputs!$F$8/1000/4)^(2/3))*SQRT(N16)) | AH16: =IF(A16="","",(1/Inputs!$B$9)*(PI()*(Inputs!$F$9/1000)^2/4)*((Inputs!$F$9/1000/4)^(2/3))*SQRT(N16)) | AI16: =IF(A16="","",(1/Inputs!$B$9)*(PI()*(Inputs!$F$10/1000)^2/4)*((Inputs!$F$10/1000/4)^(2/3))*SQRT(N16)) | AJ16: =IF(A16="","",(1/Inputs!$B$9)*(PI()*(Inputs!$F$11/1000)^2/4)*((Inputs!$F$11/1000/4)^(2/3))*SQRT(N16)) | AK16: =IF(A16="","",(1/Inputs!$B$9)*(PI()*(Inputs!$F$12/1000)^2/4)*((Inputs!$F$12/1000/4)^(2/3))*SQRT(N16)) | AL16: =IF(A16="","",(1/Inputs!$B$9)*(PI()*(Inputs!$F$13/1000)^2/4)*((Inputs!$F$13/1000/4)^(2/3))*SQRT(N16)) | AM16: =IF(A16="","",(1/Inputs!$B$9)*(PI()*(Inputs!$F$14/1000)^2/4)*((Inputs!$F$14/1000/4)^(2/3))*SQRT(N16))
E17: =SUMIFS(CB_Tributaires!$C:$C,CB_Tributaires!$B:$B,$A17) | F17: =IF(D17="",E17,D17) | I17: =IF(A17="","",Inputs!$B$13/((IF(H17="",Inputs!$B$18,H17)+Inputs!$B$14)^Inputs!$B$15)) | J17: =IF(A17="","",0.00278*IF(G17="",Inputs!$B$17,G17)*F17*I17) | K17: =IF(A17="","",SUMIFS($L$4:$L$203,$B$4:$B$203,$A17)) | L17: =IF(A17="","",(J17+K17)*Inputs!$B$16) | N17: =IF(A17="","",IF(M17="",Inputs!$B$7,M17)) | O17: =IF(A17="","",IF(L17/Inputs!$B$10<=AD17,Inputs!$F$5,IF(L17/Inputs!$B$10>AM17,"OVERSIZE",INDEX(Inputs!$F$5:$F$14,MATCH(L17/Inputs!$B$10,AD17:AM17,1)+1)))) | Q17: =IF(A17="","",IF(P17="",O17,P17)) | R17: =IF(OR(Q17="",Q17="OVERSIZE"),"",Q17/1000) | S17: =IF(R17="","",(1/Inputs!$B$9)*(PI()*R17^2/4)*((R17/4)^(2/3))*SQRT(N17)) | T17: =IF(OR(S17="",L17=""),"",L17/(S17*Inputs!$B$10)) | U17: =IF(OR(R17="",L17=""),"",4*L17/(PI()*R17^2)) | W17: =IF(A17="","",IF(A17=Inputs!$B$6,Inputs!$B$22,IF(B17="","",IFERROR(INDEX($X$4:$X$203,MATCH(B17,$A$4:$A$203,0))+IF(V17="",Inputs!$B$20,V17),"")))) | X17: =IF(OR(W17="",N17="",C17=""),"",W17+N17*C17) | AA17: =IF(OR(Y17="",W17=""),"",Y17-W17) | AB17: =IF(OR(Z17="",X17=""),"",Z17-X17) | AC17: =IF(A17="","",IF(OR(T17>1,U17<Inputs!$B$11,U17>Inputs!$B$12,AA17<Inputs!$B$19,AB17<Inputs!$B$19,N17<Inputs!$B$7,N17>Inputs!$B$8),"CHECK","OK")) | AD17: =IF(A17="","",(1/Inputs!$B$9)*(PI()*(Inputs!$F$5/1000)^2/4)*((Inputs!$F$5/1000/4)^(2/3))*SQRT(N17)) | AE17: =IF(A17="","",(1/Inputs!$B$9)*(PI()*(Inputs!$F$6/1000)^2/4)*((Inputs!$F$6/1000/4)^(2/3))*SQRT(N17)) | AF17: =IF(A17="","",(1/Inputs!$B$9)*(PI()*(Inputs!$F$7/1000)^2/4)*((Inputs!$F$7/1000/4)^(2/3))*SQRT(N17)) | AG17: =IF(A17="","",(1/Inputs!$B$9)*(PI()*(Inputs!$F$8/1000)^2/4)*((Inputs!$F$8/1000/4)^(2/3))*SQRT(N17)) | AH17: =IF(A17="","",(1/Inputs!$B$9)*(PI()*(Inputs!$F$9/1000)^2/4)*((Inputs!$F$9/1000/4)^(2/3))*SQRT(N17)) | AI17: =IF(A17="","",(1/Inputs!$B$9)*(PI()*(Inputs!$F$10/1000)^2/4)*((Inputs!$F$10/1000/4)^(2/3))*SQRT(N17)) | AJ17: =IF(A17="","",(1/Inputs!$B$9)*(PI()*(Inputs!$F$11/1000)^2/4)*((Inputs!$F$11/1000/4)^(2/3))*SQRT(N17)) | AK17: =IF(A17="","",(1/Inputs!$B$9)*(PI()*(Inputs!$F$12/1000)^2/4)*((Inputs!$F$12/1000/4)^(2/3))*SQRT(N17)) | AL17: =IF(A17="","",(1/Inputs!$B$9)*(PI()*(Inputs!$F$13/1000)^2/4)*((Inputs!$F$13/1000/4)^(2/3))*SQRT(N17)) | AM17: =IF(A17="","",(1/Inputs!$B$9)*(PI()*(Inputs!$F$14/1000)^2/4)*((Inputs!$F$14/1000/4)^(2/3))*SQRT(N17))
E18: =SUMIFS(CB_Tributaires!$C:$C,CB_Tributaires!$B:$B,$A18) | F18: =IF(D18="",E18,D18) | I18: =IF(A18="","",Inputs!$B$13/((IF(H18="",Inputs!$B$18,H18)+Inputs!$B$14)^Inputs!$B$15)) | J18: =IF(A18="","",0.00278*IF(G18="",Inputs!$B$17,G18)*F18*I18) | K18: =IF(A18="","",SUMIFS($L$4:$L$203,$B$4:$B$203,$A18)) | L18: =IF(A18="","",(J18+K18)*Inputs!$B$16) | N18: =IF(A18="","",IF(M18="",Inputs!$B$7,M18)) | O18: =IF(A18="","",IF(L18/Inputs!$B$10<=AD18,Inputs!$F$5,IF(L18/Inputs!$B$10>AM18,"OVERSIZE",INDEX(Inputs!$F$5:$F$14,MATCH(L18/Inputs!$B$10,AD18:AM18,1)+1)))) | Q18: =IF(A18="","",IF(P18="",O18,P18)) | R18: =IF(OR(Q18="",Q18="OVERSIZE"),"",Q18/1000) | S18: =IF(R18="","",(1/Inputs!$B$9)*(PI()*R18^2/4)*((R18/4)^(2/3))*SQRT(N18)) | T18: =IF(OR(S18="",L18=""),"",L18/(S18*Inputs!$B$10)) | U18: =IF(OR(R18="",L18=""),"",4*L18/(PI()*R18^2)) | W18: =IF(A18="","",IF(A18=Inputs!$B$6,Inputs!$B$22,IF(B18="","",IFERROR(INDEX($X$4:$X$203,MATCH(B18,$A$4:$A$203,0))+IF(V18="",Inputs!$B$20,V18),"")))) | X18: =IF(OR(W18="",N18="",C18=""),"",W18+N18*C18) | AA18: =IF(OR(Y18="",W18=""),"",Y18-W18) | AB18: =IF(OR(Z18="",X18=""),"",Z18-X18) | AC18: =IF(A18="","",IF(OR(T18>1,U18<Inputs!$B$11,U18>Inputs!$B$12,AA18<Inputs!$B$19,AB18<Inputs!$B$19,N18<Inputs!$B$7,N18>Inputs!$B$8),"CHECK","OK")) | AD18: =IF(A18="","",(1/Inputs!$B$9)*(PI()*(Inputs!$F$5/1000)^2/4)*((Inputs!$F$5/1000/4)^(2/3))*SQRT(N18)) | AE18: =IF(A18="","",(1/Inputs!$B$9)*(PI()*(Inputs!$F$6/1000)^2/4)*((Inputs!$F$6/1000/4)^(2/3))*SQRT(N18)) | AF18: =IF(A18="","",(1/Inputs!$B$9)*(PI()*(Inputs!$F$7/1000)^2/4)*((Inputs!$F$7/1000/4)^(2/3))*SQRT(N18)) | AG18: =IF(A18="","",(1/Inputs!$B$9)*(PI()*(Inputs!$F$8/1000)^2/4)*((Inputs!$F$8/1000/4)^(2/3))*SQRT(N18)) | AH18: =IF(A18="","",(1/Inputs!$B$9)*(PI()*(Inputs!$F$9/1000)^2/4)*((Inputs!$F$9/1000/4)^(2/3))*SQRT(N18)) | AI18: =IF(A18="","",(1/Inputs!$B$9)*(PI()*(Inputs!$F$10/1000)^2/4)*((Inputs!$F$10/1000/4)^(2/3))*SQRT(N18)) | AJ18: =IF(A18="","",(1/Inputs!$B$9)*(PI()*(Inputs!$F$11/1000)^2/4)*((Inputs!$F$11/1000/4)^(2/3))*SQRT(N18)) | AK18: =IF(A18="","",(1/Inputs!$B$9)*(PI()*(Inputs!$F$12/1000)^2/4)*((Inputs!$F$12/1000/4)^(2/3))*SQRT(N18)) | AL18: =IF(A18="","",(1/Inputs!$B$9)*(PI()*(Inputs!$F$13/1000)^2/4)*((Inputs!$F$13/1000/4)^(2/3))*SQRT(N18)) | AM18: =IF(A18="","",(1/Inputs!$B$9)*(PI()*(Inputs!$F$14/1000)^2/4)*((Inputs!$F$14/1000/4)^(2/3))*SQRT(N18))
E19: =SUMIFS(CB_Tributaires!$C:$C,CB_Tributaires!$B:$B,$A19) | F19: =IF(D19="",E19,D19) | I19: =IF(A19="","",Inputs!$B$13/((IF(H19="",Inputs!$B$18,H19)+Inputs!$B$14)^Inputs!$B$15)) | J19: =IF(A19="","",0.00278*IF(G19="",Inputs!$B$17,G19)*F19*I19) | K19: =IF(A19="","",SUMIFS($L$4:$L$203,$B$4:$B$203,$A19)) | L19: =IF(A19="","",(J19+K19)*Inputs!$B$16) | N19: =IF(A19="","",IF(M19="",Inputs!$B$7,M19)) | O19: =IF(A19="","",IF(L19/Inputs!$B$10<=AD19,Inputs!$F$5,IF(L19/Inputs!$B$10>AM19,"OVERSIZE",INDEX(Inputs!$F$5:$F$14,MATCH(L19/Inputs!$B$10,AD19:AM19,1)+1)))) | Q19: =IF(A19="","",IF(P19="",O19,P19)) | R19: =IF(OR(Q19="",Q19="OVERSIZE"),"",Q19/1000) | S19: =IF(R19="","",(1/Inputs!$B$9)*(PI()*R19^2/4)*((R19/4)^(2/3))*SQRT(N19)) | T19: =IF(OR(S19="",L19=""),"",L19/(S19*Inputs!$B$10)) | U19: =IF(OR(R19="",L19=""),"",4*L19/(PI()*R19^2)) | W19: =IF(A19="","",IF(A19=Inputs!$B$6,Inputs!$B$22,IF(B19="","",IFERROR(INDEX($X$4:$X$203,MATCH(B19,$A$4:$A$203,0))+IF(V19="",Inputs!$B$20,V19),"")))) | X19: =IF(OR(W19="",N19="",C19=""),"",W19+N19*C19) | AA19: =IF(OR(Y19="",W19=""),"",Y19-W19) | AB19: =IF(OR(Z19="",X19=""),"",Z19-X19) | AC19: =IF(A19="","",IF(OR(T19>1,U19<Inputs!$B$11,U19>Inputs!$B$12,AA19<Inputs!$B$19,AB19<Inputs!$B$19,N19<Inputs!$B$7,N19>Inputs!$B$8),"CHECK","OK")) | AD19: =IF(A19="","",(1/Inputs!$B$9)*(PI()*(Inputs!$F$5/1000)^2/4)*((Inputs!$F$5/1000/4)^(2/3))*SQRT(N19)) | AE19: =IF(A19="","",(1/Inputs!$B$9)*(PI()*(Inputs!$F$6/1000)^2/4)*((Inputs!$F$6/1000/4)^(2/3))*SQRT(N19)) | AF19: =IF(A19="","",(1/Inputs!$B$9)*(PI()*(Inputs!$F$7/1000)^2/4)*((Inputs!$F$7/1000/4)^(2/3))*SQRT(N19)) | AG19: =IF(A19="","",(1/Inputs!$B$9)*(PI()*(Inputs!$F$8/1000)^2/4)*((Inputs!$F$8/1000/4)^(2/3))*SQRT(N19)) | AH19: =IF(A19="","",(1/Inputs!$B$9)*(PI()*(Inputs!$F$9/1000)^2/4)*((Inputs!$F$9/1000/4)^(2/3))*SQRT(N19)) | AI19: =IF(A19="","",(1/Inputs!$B$9)*(PI()*(Inputs!$F$10/1000)^2/4)*((Inputs!$F$10/1000/4)^(2/3))*SQRT(N19)) | AJ19: =IF(A19="","",(1/Inputs!$B$9)*(PI()*(Inputs!$F$11/1000)^2/4)*((Inputs!$F$11/1000/4)^(2/3))*SQRT(N19)) | AK19: =IF(A19="","",(1/Inputs!$B$9)*(PI()*(Inputs!$F$12/1000)^2/4)*((Inputs!$F$12/1000/4)^(2/3))*SQRT(N19)) | AL19: =IF(A19="","",(1/Inputs!$B$9)*(PI()*(Inputs!$F$13/1000)^2/4)*((Inputs!$F$13/1000/4)^(2/3))*SQRT(N19)) | AM19: =IF(A19="","",(1/Inputs!$B$9)*(PI()*(Inputs!$F$14/1000)^2/4)*((Inputs!$F$14/1000/4)^(2/3))*SQRT(N19))
E20: =SUMIFS(CB_Tributaires!$C:$C,CB_Tributaires!$B:$B,$A20) | F20: =IF(D20="",E20,D20) | I20: =IF(A20="","",Inputs!$B$13/((IF(H20="",Inputs!$B$18,H20)+Inputs!$B$14)^Inputs!$B$15)) | J20: =IF(A20="","",0.00278*IF(G20="",Inputs!$B$17,G20)*F20*I20) | K20: =IF(A20="","",SUMIFS($L$4:$L$203,$B$4:$B$203,$A20)) | L20: =IF(A20="","",(J20+K20)*Inputs!$B$16) | N20: =IF(A20="","",IF(M20="",Inputs!$B$7,M20)) | O20: =IF(A20="","",IF(L20/Inputs!$B$10<=AD20,Inputs!$F$5,IF(L20/Inputs!$B$10>AM20,"OVERSIZE",INDEX(Inputs!$F$5:$F$14,MATCH(L20/Inputs!$B$10,AD20:AM20,1)+1)))) | Q20: =IF(A20="","",IF(P20="",O20,P20)) | R20: =IF(OR(Q20="",Q20="OVERSIZE"),"",Q20/1000) | S20: =IF(R20="","",(1/Inputs!$B$9)*(PI()*R20^2/4)*((R20/4)^(2/3))*SQRT(N20)) | T20: =IF(OR(S20="",L20=""),"",L20/(S20*Inputs!$B$10)) | U20: =IF(OR(R20="",L20=""),"",4*L20/(PI()*R20^2)) | W20: =IF(A20="","",IF(A20=Inputs!$B$6,Inputs!$B$22,IF(B20="","",IFERROR(INDEX($X$4:$X$203,MATCH(B20,$A$4:$A$203,0))+IF(V20="",Inputs!$B$20,V20),"")))) | X20: =IF(OR(W20="",N20="",C20=""),"",W20+N20*C20) | AA20: =IF(OR(Y20="",W20=""),"",Y20-W20) | AB20: =IF(OR(Z20="",X20=""),"",Z20-X20) | AC20: =IF(A20="","",IF(OR(T20>1,U20<Inputs!$B$11,U20>Inputs!$B$12,AA20<Inputs!$B$19,AB20<Inputs!$B$19,N20<Inputs!$B$7,N20>Inputs!$B$8),"CHECK","OK")) | AD20: =IF(A20="","",(1/Inputs!$B$9)*(PI()*(Inputs!$F$5/1000)^2/4)*((Inputs!$F$5/1000/4)^(2/3))*SQRT(N20)) | AE20: =IF(A20="","",(1/Inputs!$B$9)*(PI()*(Inputs!$F$6/1000)^2/4)*((Inputs!$F$6/1000/4)^(2/3))*SQRT(N20)) | AF20: =IF(A20="","",(1/Inputs!$B$9)*(PI()*(Inputs!$F$7/1000)^2/4)*((Inputs!$F$7/1000/4)^(2/3))*SQRT(N20)) | AG20: =IF(A20="","",(1/Inputs!$B$9)*(PI()*(Inputs!$F$8/1000)^2/4)*((Inputs!$F$8/1000/4)^(2/3))*SQRT(N20)) | AH20: =IF(A20="","",(1/Inputs!$B$9)*(PI()*(Inputs!$F$9/1000)^2/4)*((Inputs!$F$9/1000/4)^(2/3))*SQRT(N20)) | AI20: =IF(A20="","",(1/Inputs!$B$9)*(PI()*(Inputs!$F$10/1000)^2/4)*((Inputs!$F$10/1000/4)^(2/3))*SQRT(N20)) | AJ20: =IF(A20="","",(1/Inputs!$B$9)*(PI()*(Inputs!$F$11/1000)^2/4)*((Inputs!$F$11/1000/4)^(2/3))*SQRT(N20)) | AK20: =IF(A20="","",(1/Inputs!$B$9)*(PI()*(Inputs!$F$12/1000)^2/4)*((Inputs!$F$12/1000/4)^(2/3))*SQRT(N20)) | AL20: =IF(A20="","",(1/Inputs!$B$9)*(PI()*(Inputs!$F$13/1000)^2/4)*((Inputs!$F$13/1000/4)^(2/3))*SQRT(N20)) | AM20: =IF(A20="","",(1/Inputs!$B$9)*(PI()*(Inputs!$F$14/1000)^2/4)*((Inputs!$F$14/1000/4)^(2/3))*SQRT(N20))
E21: =SUMIFS(CB_Tributaires!$C:$C,CB_Tributaires!$B:$B,$A21) | F21: =IF(D21="",E21,D21) | I21: =IF(A21="","",Inputs!$B$13/((IF(H21="",Inputs!$B$18,H21)+Inputs!$B$14)^Inputs!$B$15)) | J21: =IF(A21="","",0.00278*IF(G21="",Inputs!$B$17,G21)*F21*I21) | K21: =IF(A21="","",SUMIFS($L$4:$L$203,$B$4:$B$203,$A21)) | L21: =IF(A21="","",(J21+K21)*Inputs!$B$16) | N21: =IF(A21="","",IF(M21="",Inputs!$B$7,M21)) | O21: =IF(A21="","",IF(L21/Inputs!$B$10<=AD21,Inputs!$F$5,IF(L21/Inputs!$B$10>AM21,"OVERSIZE",INDEX(Inputs!$F$5:$F$14,MATCH(L21/Inputs!$B$10,AD21:AM21,1)+1)))) | Q21: =IF(A21="","",IF(P21="",O21,P21)) | R21: =IF(OR(Q21="",Q21="OVERSIZE"),"",Q21/1000) | S21: =IF(R21="","",(1/Inputs!$B$9)*(PI()*R21^2/4)*((R21/4)^(2/3))*SQRT(N21)) | T21: =IF(OR(S21="",L21=""),"",L21/(S21*Inputs!$B$10)) | U21: =IF(OR(R21="",L21=""),"",4*L21/(PI()*R21^2)) | W21: =IF(A21="","",IF(A21=Inputs!$B$6,Inputs!$B$22,IF(B21="","",IFERROR(INDEX($X$4:$X$203,MATCH(B21,$A$4:$A$203,0))+IF(V21="",Inputs!$B$20,V21),"")))) | X21: =IF(OR(W21="",N21="",C21=""),"",W21+N21*C21) | AA21: =IF(OR(Y21="",W21=""),"",Y21-W21) | AB21: =IF(OR(Z21="",X21=""),"",Z21-X21) | AC21: =IF(A21="","",IF(OR(T21>1,U21<Inputs!$B$11,U21>Inputs!$B$12,AA21<Inputs!$B$19,AB21<Inputs!$B$19,N21<Inputs!$B$7,N21>Inputs!$B$8),"CHECK","OK")) | AD21: =IF(A21="","",(1/Inputs!$B$9)*(PI()*(Inputs!$F$5/1000)^2/4)*((Inputs!$F$5/1000/4)^(2/3))*SQRT(N21)) | AE21: =IF(A21="","",(1/Inputs!$B$9)*(PI()*(Inputs!$F$6/1000)^2/4)*((Inputs!$F$6/1000/4)^(2/3))*SQRT(N21)) | AF21: =IF(A21="","",(1/Inputs!$B$9)*(PI()*(Inputs!$F$7/1000)^2/4)*((Inputs!$F$7/1000/4)^(2/3))*SQRT(N21)) | AG21: =IF(A21="","",(1/Inputs!$B$9)*(PI()*(Inputs!$F$8/1000)^2/4)*((Inputs!$F$8/1000/4)^(2/3))*SQRT(N21)) | AH21: =IF(A21="","",(1/Inputs!$B$9)*(PI()*(Inputs!$F$9/1000)^2/4)*((Inputs!$F$9/1000/4)^(2/3))*SQRT(N21)) | AI21: =IF(A21="","",(1/Inputs!$B$9)*(PI()*(Inputs!$F$10/1000)^2/4)*((Inputs!$F$10/1000/4)^(2/3))*SQRT(N21)) | AJ21: =IF(A21="","",(1/Inputs!$B$9)*(PI()*(Inputs!$F$11/1000)^2/4)*((Inputs!$F$11/1000/4)^(2/3))*SQRT(N21)) | AK21: =IF(A21="","",(1/Inputs!$B$9)*(PI()*(Inputs!$F$12/1000)^2/4)*((Inputs!$F$12/1000/4)^(2/3))*SQRT(N21)) | AL21: =IF(A21="","",(1/Inputs!$B$9)*(PI()*(Inputs!$F$13/1000)^2/4)*((Inputs!$F$13/1000/4)^(2/3))*SQRT(N21)) | AM21: =IF(A21="","",(1/Inputs!$B$9)*(PI()*(Inputs!$F$14/1000)^2/4)*((Inputs!$F$14/1000/4)^(2/3))*SQRT(N21))
E22: =SUMIFS(CB_Tributaires!$C:$C,CB_Tributaires!$B:$B,$A22) | F22: =IF(D22="",E22,D22) | I22: =IF(A22="","",Inputs!$B$13/((IF(H22="",Inputs!$B$18,H22)+Inputs!$B$14)^Inputs!$B$15)) | J22: =IF(A22="","",0.00278*IF(G22="",Inputs!$B$17,G22)*F22*I22) | K22: =IF(A22="","",SUMIFS($L$4:$L$203,$B$4:$B$203,$A22)) | L22: =IF(A22="","",(J22+K22)*Inputs!$B$16) | N22: =IF(A22="","",IF(M22="",Inputs!$B$7,M22)) | O22: =IF(A22="","",IF(L22/Inputs!$B$10<=AD22,Inputs!$F$5,IF(L22/Inputs!$B$10>AM22,"OVERSIZE",INDEX(Inputs!$F$5:$F$14,MATCH(L22/Inputs!$B$10,AD22:AM22,1)+1)))) | Q22: =IF(A22="","",IF(P22="",O22,P22)) | R22: =IF(OR(Q22="",Q22="OVERSIZE"),"",Q22/1000) | S22: =IF(R22="","",(1/Inputs!$B$9)*(PI()*R22^2/4)*((R22/4)^(2/3))*SQRT(N22)) | T22: =IF(OR(S22="",L22=""),"",L22/(S22*Inputs!$B$10)) | U22: =IF(OR(R22="",L22=""),"",4*L22/(PI()*R22^2)) | W22: =IF(A22="","",IF(A22=Inputs!$B$6,Inputs!$B$22,IF(B22="","",IFERROR(INDEX($X$4:$X$203,MATCH(B22,$A$4:$A$203,0))+IF(V22="",Inputs!$B$20,V22),"")))) | X22: =IF(OR(W22="",N22="",C22=""),"",W22+N22*C22) | AA22: =IF(OR(Y22="",W22=""),"",Y22-W22) | AB22: =IF(OR(Z22="",X22=""),"",Z22-X22) | AC22: =IF(A22="","",IF(OR(T22>1,U22<Inputs!$B$11,U22>Inputs!$B$12,AA22<Inputs!$B$19,AB22<Inputs!$B$19,N22<Inputs!$B$7,N22>Inputs!$B$8),"CHECK","OK")) | AD22: =IF(A22="","",(1/Inputs!$B$9)*(PI()*(Inputs!$F$5/1000)^2/4)*((Inputs!$F$5/1000/4)^(2/3))*SQRT(N22)) | AE22: =IF(A22="","",(1/Inputs!$B$9)*(PI()*(Inputs!$F$6/1000)^2/4)*((Inputs!$F$6/1000/4)^(2/3))*SQRT(N22)) | AF22: =IF(A22="","",(1/Inputs!$B$9)*(PI()*(Inputs!$F$7/1000)^2/4)*((Inputs!$F$7/1000/4)^(2/3))*SQRT(N22)) | AG22: =IF(A22="","",(1/Inputs!$B$9)*(PI()*(Inputs!$F$8/1000)^2/4)*((Inputs!$F$8/1000/4)^(2/3))*SQRT(N22)) | AH22: =IF(A22="","",(1/Inputs!$B$9)*(PI()*(Inputs!$F$9/1000)^2/4)*((Inputs!$F$9/1000/4)^(2/3))*SQRT(N22)) | AI22: =IF(A22="","",(1/Inputs!$B$9)*(PI()*(Inputs!$F$10/1000)^2/4)*((Inputs!$F$10/1000/4)^(2/3))*SQRT(N22)) | AJ22: =IF(A22="","",(1/Inputs!$B$9)*(PI()*(Inputs!$F$11/1000)^2/4)*((Inputs!$F$11/1000/4)^(2/3))*SQRT(N22)) | AK22: =IF(A22="","",(1/Inputs!$B$9)*(PI()*(Inputs!$F$12/1000)^2/4)*((Inputs!$F$12/1000/4)^(2/3))*SQRT(N22)) | AL22: =IF(A22="","",(1/Inputs!$B$9)*(PI()*(Inputs!$F$13/1000)^2/4)*((Inputs!$F$13/1000/4)^(2/3))*SQRT(N22)) | AM22: =IF(A22="","",(1/Inputs!$B$9)*(PI()*(Inputs!$F$14/1000)^2/4)*((Inputs!$F$14/1000/4)^(2/3))*SQRT(N22))
E23: =SUMIFS(CB_Tributaires!$C:$C,CB_Tributaires!$B:$B,$A23) | F23: =IF(D23="",E23,D23) | I23: =IF(A23="","",Inputs!$B$13/((IF(H23="",Inputs!$B$18,H23)+Inputs!$B$14)^Inputs!$B$15)) | J23: =IF(A23="","",0.00278*IF(G23="",Inputs!$B$17,G23)*F23*I23) | K23: =IF(A23="","",SUMIFS($L$4:$L$203,$B$4:$B$203,$A23)) | L23: =IF(A23="","",(J23+K23)*Inputs!$B$16) | N23: =IF(A23="","",IF(M23="",Inputs!$B$7,M23)) | O23: =IF(A23="","",IF(L23/Inputs!$B$10<=AD23,Inputs!$F$5,IF(L23/Inputs!$B$10>AM23,"OVERSIZE",INDEX(Inputs!$F$5:$F$14,MATCH(L23/Inputs!$B$10,AD23:AM23,1)+1)))) | Q23: =IF(A23="","",IF(P23="",O23,P23)) | R23: =IF(OR(Q23="",Q23="OVERSIZE"),"",Q23/1000) | S23: =IF(R23="","",(1/Inputs!$B$9)*(PI()*R23^2/4)*((R23/4)^(2/3))*SQRT(N23)) | T23: =IF(OR(S23="",L23=""),"",L23/(S23*Inputs!$B$10)) | U23: =IF(OR(R23="",L23=""),"",4*L23/(PI()*R23^2)) | W23: =IF(A23="","",IF(A23=Inputs!$B$6,Inputs!$B$22,IF(B23="","",IFERROR(INDEX($X$4:$X$203,MATCH(B23,$A$4:$A$203,0))+IF(V23="",Inputs!$B$20,V23),"")))) | X23: =IF(OR(W23="",N23="",C23=""),"",W23+N23*C23) | AA23: =IF(OR(Y23="",W23=""),"",Y23-W23) | AB23: =IF(OR(Z23="",X23=""),"",Z23-X23) | AC23: =IF(A23="","",IF(OR(T23>1,U23<Inputs!$B$11,U23>Inputs!$B$12,AA23<Inputs!$B$19,AB23<Inputs!$B$19,N23<Inputs!$B$7,N23>Inputs!$B$8),"CHECK","OK")) | AD23: =IF(A23="","",(1/Inputs!$B$9)*(PI()*(Inputs!$F$5/1000)^2/4)*((Inputs!$F$5/1000/4)^(2/3))*SQRT(N23)) | AE23: =IF(A23="","",(1/Inputs!$B$9)*(PI()*(Inputs!$F$6/1000)^2/4)*((Inputs!$F$6/1000/4)^(2/3))*SQRT(N23)) | AF23: =IF(A23="","",(1/Inputs!$B$9)*(PI()*(Inputs!$F$7/1000)^2/4)*((Inputs!$F$7/1000/4)^(2/3))*SQRT(N23)) | AG23: =IF(A23="","",(1/Inputs!$B$9)*(PI()*(Inputs!$F$8/1000)^2/4)*((Inputs!$F$8/1000/4)^(2/3))*SQRT(N23)) | AH23: =IF(A23="","",(1/Inputs!$B$9)*(PI()*(Inputs!$F$9/1000)^2/4)*((Inputs!$F$9/1000/4)^(2/3))*SQRT(N23)) | AI23: =IF(A23="","",(1/Inputs!$B$9)*(PI()*(Inputs!$F$10/1000)^2/4)*((Inputs!$F$10/1000/4)^(2/3))*SQRT(N23)) | AJ23: =IF(A23="","",(1/Inputs!$B$9)*(PI()*(Inputs!$F$11/1000)^2/4)*((Inputs!$F$11/1000/4)^(2/3))*SQRT(N23)) | AK23: =IF(A23="","",(1/Inputs!$B$9)*(PI()*(Inputs!$F$12/1000)^2/4)*((Inputs!$F$12/1000/4)^(2/3))*SQRT(N23)) | AL23: =IF(A23="","",(1/Inputs!$B$9)*(PI()*(Inputs!$F$13/1000)^2/4)*((Inputs!$F$13/1000/4)^(2/3))*SQRT(N23)) | AM23: =IF(A23="","",(1/Inputs!$B$9)*(PI()*(Inputs!$F$14/1000)^2/4)*((Inputs!$F$14/1000/4)^(2/3))*SQRT(N23))
E24: =SUMIFS(CB_Tributaires!$C:$C,CB_Tributaires!$B:$B,$A24) | F24: =IF(D24="",E24,D24) | I24: =IF(A24="","",Inputs!$B$13/((IF(H24="",Inputs!$B$18,H24)+Inputs!$B$14)^Inputs!$B$15)) | J24: =IF(A24="","",0.00278*IF(G24="",Inputs!$B$17,G24)*F24*I24) | K24: =IF(A24="","",SUMIFS($L$4:$L$203,$B$4:$B$203,$A24)) | L24: =IF(A24="","",(J24+K24)*Inputs!$B$16) | N24: =IF(A24="","",IF(M24="",Inputs!$B$7,M24)) | O24: =IF(A24="","",IF(L24/Inputs!$B$10<=AD24,Inputs!$F$5,IF(L24/Inputs!$B$10>AM24,"OVERSIZE",INDEX(Inputs!$F$5:$F$14,MATCH(L24/Inputs!$B$10,AD24:AM24,1)+1)))) | Q24: =IF(A24="","",IF(P24="",O24,P24)) | R24: =IF(OR(Q24="",Q24="OVERSIZE"),"",Q24/1000) | S24: =IF(R24="","",(1/Inputs!$B$9)*(PI()*R24^2/4)*((R24/4)^(2/3))*SQRT(N24)) | T24: =IF(OR(S24="",L24=""),"",L24/(S24*Inputs!$B$10)) | U24: =IF(OR(R24="",L24=""),"",4*L24/(PI()*R24^2)) | W24: =IF(A24="","",IF(A24=Inputs!$B$6,Inputs!$B$22,IF(B24="","",IFERROR(INDEX($X$4:$X$203,MATCH(B24,$A$4:$A$203,0))+IF(V24="",Inputs!$B$20,V24),"")))) | X24: =IF(OR(W24="",N24="",C24=""),"",W24+N24*C24) | AA24: =IF(OR(Y24="",W24=""),"",Y24-W24) | AB24: =IF(OR(Z24="",X24=""),"",Z24-X24) | AC24: =IF(A24="","",IF(OR(T24>1,U24<Inputs!$B$11,U24>Inputs!$B$12,AA24<Inputs!$B$19,AB24<Inputs!$B$19,N24<Inputs!$B$7,N24>Inputs!$B$8),"CHECK","OK")) | AD24: =IF(A24="","",(1/Inputs!$B$9)*(PI()*(Inputs!$F$5/1000)^2/4)*((Inputs!$F$5/1000/4)^(2/3))*SQRT(N24)) | AE24: =IF(A24="","",(1/Inputs!$B$9)*(PI()*(Inputs!$F$6/1000)^2/4)*((Inputs!$F$6/1000/4)^(2/3))*SQRT(N24)) | AF24: =IF(A24="","",(1/Inputs!$B$9)*(PI()*(Inputs!$F$7/1000)^2/4)*((Inputs!$F$7/1000/4)^(2/3))*SQRT(N24)) | AG24: =IF(A24="","",(1/Inputs!$B$9)*(PI()*(Inputs!$F$8/1000)^2/4)*((Inputs!$F$8/1000/4)^(2/3))*SQRT(N24)) | AH24: =IF(A24="","",(1/Inputs!$B$9)*(PI()*(Inputs!$F$9/1000)^2/4)*((Inputs!$F$9/1000/4)^(2/3))*SQRT(N24)) | AI24: =IF(A24="","",(1/Inputs!$B$9)*(PI()*(Inputs!$F$10/1000)^2/4)*((Inputs!$F$10/1000/4)^(2/3))*SQRT(N24)) | AJ24: =IF(A24="","",(1/Inputs!$B$9)*(PI()*(Inputs!$F$11/1000)^2/4)*((Inputs!$F$11/1000/4)^(2/3))*SQRT(N24)) | AK24: =IF(A24="","",(1/Inputs!$B$9)*(PI()*(Inputs!$F$12/1000)^2/4)*((Inputs!$F$12/1000/4)^(2/3))*SQRT(N24)) | AL24: =IF(A24="","",(1/Inputs!$B$9)*(PI()*(Inputs!$F$13/1000)^2/4)*((Inputs!$F$13/1000/4)^(2/3))*SQRT(N24)) | AM24: =IF(A24="","",(1/Inputs!$B$9)*(PI()*(Inputs!$F$14/1000)^2/4)*((Inputs!$F$14/1000/4)^(2/3))*SQRT(N24))
E25: =SUMIFS(CB_Tributaires!$C:$C,CB_Tributaires!$B:$B,$A25) | F25: =IF(D25="",E25,D25) | I25: =IF(A25="","",Inputs!$B$13/((IF(H25="",Inputs!$B$18,H25)+Inputs!$B$14)^Inputs!$B$15)) | J25: =IF(A25="","",0.00278*IF(G25="",Inputs!$B$17,G25)*F25*I25) | K25: =IF(A25="","",SUMIFS($L$4:$L$203,$B$4:$B$203,$A25)) | L25: =IF(A25="","",(J25+K25)*Inputs!$B$16) | N25: =IF(A25="","",IF(M25="",Inputs!$B$7,M25)) | O25: =IF(A25="","",IF(L25/Inputs!$B$10<=AD25,Inputs!$F$5,IF(L25/Inputs!$B$10>AM25,"OVERSIZE",INDEX(Inputs!$F$5:$F$14,MATCH(L25/Inputs!$B$10,AD25:AM25,1)+1)))) | Q25: =IF(A25="","",IF(P25="",O25,P25)) | R25: =IF(OR(Q25="",Q25="OVERSIZE"),"",Q25/1000) | S25: =IF(R25="","",(1/Inputs!$B$9)*(PI()*R25^2/4)*((R25/4)^(2/3))*SQRT(N25)) | T25: =IF(OR(S25="",L25=""),"",L25/(S25*Inputs!$B$10)) | U25: =IF(OR(R25="",L25=""),"",4*L25/(PI()*R25^2)) | W25: =IF(A25="","",IF(A25=Inputs!$B$6,Inputs!$B$22,IF(B25="","",IFERROR(INDEX($X$4:$X$203,MATCH(B25,$A$4:$A$203,0))+IF(V25="",Inputs!$B$20,V25),"")))) | X25: =IF(OR(W25="",N25="",C25=""),"",W25+N25*C25) | AA25: =IF(OR(Y25="",W25=""),"",Y25-W25) | AB25: =IF(OR(Z25="",X25=""),"",Z25-X25) | AC25: =IF(A25="","",IF(OR(T25>1,U25<Inputs!$B$11,U25>Inputs!$B$12,AA25<Inputs!$B$19,AB25<Inputs!$B$19,N25<Inputs!$B$7,N25>Inputs!$B$8),"CHECK","OK")) | AD25: =IF(A25="","",(1/Inputs!$B$9)*(PI()*(Inputs!$F$5/1000)^2/4)*((Inputs!$F$5/1000/4)^(2/3))*SQRT(N25)) | AE25: =IF(A25="","",(1/Inputs!$B$9)*(PI()*(Inputs!$F$6/1000)^2/4)*((Inputs!$F$6/1000/4)^(2/3))*SQRT(N25)) | AF25: =IF(A25="","",(1/Inputs!$B$9)*(PI()*(Inputs!$F$7/1000)^2/4)*((Inputs!$F$7/1000/4)^(2/3))*SQRT(N25)) | AG25: =IF(A25="","",(1/Inputs!$B$9)*(PI()*(Inputs!$F$8/1000)^2/4)*((Inputs!$F$8/1000/4)^(2/3))*SQRT(N25)) | AH25: =IF(A25="","",(1/Inputs!$B$9)*(PI()*(Inputs!$F$9/1000)^2/4)*((Inputs!$F$9/1000/4)^(2/3))*SQRT(N25)) | AI25: =IF(A25="","",(1/Inputs!$B$9)*(PI()*(Inputs!$F$10/1000)^2/4)*((Inputs!$F$10/1000/4)^(2/3))*SQRT(N25)) | AJ25: =IF(A25="","",(1/Inputs!$B$9)*(PI()*(Inputs!$F$11/1000)^2/4)*((Inputs!$F$11/1000/4)^(2/3))*SQRT(N25)) | AK25: =IF(A25="","",(1/Inputs!$B$9)*(PI()*(Inputs!$F$12/1000)^2/4)*((Inputs!$F$12/1000/4)^(2/3))*SQRT(N25)) | AL25: =IF(A25="","",(1/Inputs!$B$9)*(PI()*(Inputs!$F$13/1000)^2/4)*((Inputs!$F$13/1000/4)^(2/3))*SQRT(N25)) | AM25: =IF(A25="","",(1/Inputs!$B$9)*(PI()*(Inputs!$F$14/1000)^2/4)*((Inputs!$F$14/1000/4)^(2/3))*SQRT(N25))
E26: =SUMIFS(CB_Tributaires!$C:$C,CB_Tributaires!$B:$B,$A26) | F26: =IF(D26="",E26,D26) | I26: =IF(A26="","",Inputs!$B$13/((IF(H26="",Inputs!$B$18,H26)+Inputs!$B$14)^Inputs!$B$15)) | J26: =IF(A26="","",0.00278*IF(G26="",Inputs!$B$17,G26)*F26*I26) | K26: =IF(A26="","",SUMIFS($L$4:$L$203,$B$4:$B$203,$A26)) | L26: =IF(A26="","",(J26+K26)*Inputs!$B$16) | N26: =IF(A26="","",IF(M26="",Inputs!$B$7,M26)) | O26: =IF(A26="","",IF(L26/Inputs!$B$10<=AD26,Inputs!$F$5,IF(L26/Inputs!$B$10>AM26,"OVERSIZE",INDEX(Inputs!$F$5:$F$14,MATCH(L26/Inputs!$B$10,AD26:AM26,1)+1)))) | Q26: =IF(A26="","",IF(P26="",O26,P26)) | R26: =IF(OR(Q26="",Q26="OVERSIZE"),"",Q26/1000) | S26: =IF(R26="","",(1/Inputs!$B$9)*(PI()*R26^2/4)*((R26/4)^(2/3))*SQRT(N26)) | T26: =IF(OR(S26="",L26=""),"",L26/(S26*Inputs!$B$10)) | U26: =IF(OR(R26="",L26=""),"",4*L26/(PI()*R26^2)) | W26: =IF(A26="","",IF(A26=Inputs!$B$6,Inputs!$B$22,IF(B26="","",IFERROR(INDEX($X$4:$X$203,MATCH(B26,$A$4:$A$203,0))+IF(V26="",Inputs!$B$20,V26),"")))) | X26: =IF(OR(W26="",N26="",C26=""),"",W26+N26*C26) | AA26: =IF(OR(Y26="",W26=""),"",Y26-W26) | AB26: =IF(OR(Z26="",X26=""),"",Z26-X26) | AC26: =IF(A26="","",IF(OR(T26>1,U26<Inputs!$B$11,U26>Inputs!$B$12,AA26<Inputs!$B$19,AB26<Inputs!$B$19,N26<Inputs!$B$7,N26>Inputs!$B$8),"CHECK","OK")) | AD26: =IF(A26="","",(1/Inputs!$B$9)*(PI()*(Inputs!$F$5/1000)^2/4)*((Inputs!$F$5/1000/4)^(2/3))*SQRT(N26)) | AE26: =IF(A26="","",(1/Inputs!$B$9)*(PI()*(Inputs!$F$6/1000)^2/4)*((Inputs!$F$6/1000/4)^(2/3))*SQRT(N26)) | AF26: =IF(A26="","",(1/Inputs!$B$9)*(PI()*(Inputs!$F$7/1000)^2/4)*((Inputs!$F$7/1000/4)^(2/3))*SQRT(N26)) | AG26: =IF(A26="","",(1/Inputs!$B$9)*(PI()*(Inputs!$F$8/1000)^2/4)*((Inputs!$F$8/1000/4)^(2/3))*SQRT(N26)) | AH26: =IF(A26="","",(1/Inputs!$B$9)*(PI()*(Inputs!$F$9/1000)^2/4)*((Inputs!$F$9/1000/4)^(2/3))*SQRT(N26)) | AI26: =IF(A26="","",(1/Inputs!$B$9)*(PI()*(Inputs!$F$10/1000)^2/4)*((Inputs!$F$10/1000/4)^(2/3))*SQRT(N26)) | AJ26: =IF(A26="","",(1/Inputs!$B$9)*(PI()*(Inputs!$F$11/1000)^2/4)*((Inputs!$F$11/1000/4)^(2/3))*SQRT(N26)) | AK26: =IF(A26="","",(1/Inputs!$B$9)*(PI()*(Inputs!$F$12/1000)^2/4)*((Inputs!$F$12/1000/4)^(2/3))*SQRT(N26)) | AL26: =IF(A26="","",(1/Inputs!$B$9)*(PI()*(Inputs!$F$13/1000)^2/4)*((Inputs!$F$13/1000/4)^(2/3))*SQRT(N26)) | AM26: =IF(A26="","",(1/Inputs!$B$9)*(PI()*(Inputs!$F$14/1000)^2/4)*((Inputs!$F$14/1000/4)^(2/3))*SQRT(N26))
... E203: =SUMIFS(CB_Tributaires!$C:$C,CB_Tributaires!$B:$B,$A203) | F203: =IF(D203="",E203,D203) | I203: =IF(A203="","",Inputs!$B$13/((IF(H203="",Inputs!$B$18,H203)+Inputs!$B$14)^Inputs!$B$15)) | J203: =IF(A203="","",0.00278*IF(G203="",Inputs!$B$17,G203)*F203*I203) | K203: =IF(A203="","",SUMIFS($L$4:$L$203,$B$4:$B$203,$A203)) | L203: =IF(A203="","",(J203+K203)*Inputs!$B$16) | N203: =IF(A203="","",IF(M203="",Inputs!$B$7,M203)) | O203: =IF(A203="","",IF(L203/Inputs!$B$10<=AD203,Inputs!$F$5,IF(L203/Inputs!$B$10>AM203,"OVERSIZE",INDEX(Inputs!$F$5:$F$14,MATCH(L203/Inputs!$B$10,AD203:AM203,1)+1)))) | Q203: =IF(A203="","",IF(P203="",O203,P203)) | R203: =IF(OR(Q203="",Q203="OVERSIZE"),"",Q203/1000) | S203: =IF(R203="","",(1/Inputs!$B$9)*(PI()*R203^2/4)*((R203/4)^(2/3))*SQRT(N203)) | T203: =IF(OR(S203="",L203=""),"",L203/(S203*Inputs!$B$10)) | U203: =IF(OR(R203="",L203=""),"",4*L203/(PI()*R203^2)) | W203: =IF(A203="","",IF(A203=Inputs!$B$6,Inputs!$B$22,IF(B203="","",IFERROR(INDEX($X$4:$X$203,MATCH(B203,$A$4:$A$203,0))+IF(V203="",Inputs!$B$20,V203),"")))) | X203: =IF(OR(W203="",N203="",C203=""),"",W203+N203*C203) | AA203: =IF(OR(Y203="",W203=""),"",Y203-W203) | AB203: =IF(OR(Z203="",X203=""),"",Z203-X203) | AC203: =IF(A203="","",IF(OR(T203>1,U203<Inputs!$B$11,U203>Inputs!$B$12,AA203<Inputs!$B$19,AB203<Inputs!$B$19,N203<Inputs!$B$7,N203>Inputs!$B$8),"CHECK","OK")) | AD203: =IF(A203="","",(1/Inputs!$B$9)*(PI()*(Inputs!$F$5/1000)^2/4)*((Inputs!$F$5/1000/4)^(2/3))*SQRT(N203)) | AE203: =IF(A203="","",(1/Inputs!$B$9)*(PI()*(Inputs!$F$6/1000)^2/4)*((Inputs!$F$6/1000/4)^(2/3))*SQRT(N203)) | AF203: =IF(A203="","",(1/Inputs!$B$9)*(PI()*(Inputs!$F$7/1000)^2/4)*((Inputs!$F$7/1000/4)^(2/3))*SQRT(N203)) | AG203: =IF(A203="","",(1/Inputs!$B$9)*(PI()*(Inputs!$F$8/1000)^2/4)*((Inputs!$F$8/1000/4)^(2/3))*SQRT(N203)) | AH203: =IF(A203="","",(1/Inputs!$B$9)*(PI()*(Inputs!$F$9/1000)^2/4)*((Inputs!$F$9/1000/4)^(2/3))*SQRT(N203)) | AI203: =IF(A203="","",(1/Inputs!$B$9)*(PI()*(Inputs!$F$10/1000)^2/4)*((Inputs!$F$10/1000/4)^(2/3))*SQRT(N203)) | AJ203: =IF(A203="","",(1/Inputs!$B$9)*(PI()*(Inputs!$F$11/1000)^2/4)*((Inputs!$F$11/1000/4)^(2/3))*SQRT(N203)) | AK203: =IF(A203="","",(1/Inputs!$B$9)*(PI()*(Inputs!$F$12/1000)^2/4)*((Inputs!$F$12/1000/4)^(2/3))*SQRT(N203)) | AL203: =IF(A203="","",(1/Inputs!$B$9)*(PI()*(Inputs!$F$13/1000)^2/4)*((Inputs!$F$13/1000/4)^(2/3))*SQRT(N203)) | AM203: =IF(A203="","",(1/Inputs!$B$9)*(PI()*(Inputs!$F$14/1000)^2/4)*((Inputs!$F$14/1000/4)^(2/3))*SQRT(N203))

Sheet Noeuds_plan
A1: NOEUDS PLAN - COLLAGE DES ELEVATIONS TERRAIN
A3: Node_ID | B3: Downstream_Node_ID | C3: Ground_elev_m (input) | D3: Target_cover_depth_m | E3: Invert_if_manual_m | F3: Notes
A4: P01 | B4: P02 | D4: =Inputs!$B$19 | E4: =IF(OR(C4="",D4=""),"",C4-D4) | F4: Top-left manhole
A5: P02 | B5: P03 | D5: =Inputs!$B$19 | E5: =IF(OR(C5="",D5=""),"",C5-D5) | F5: Top-center manhole
A6: P03 | B6: P06 | D6: =Inputs!$B$19 | E6: =IF(OR(C6="",D6=""),"",C6-D6) | F6: Top-right manhole
A7: P04 | B7: P05 | D7: =Inputs!$B$19 | E7: =IF(OR(C7="",D7=""),"",C7-D7) | F7: Mid-left manhole
A8: P05 | B8: P06 | D8: =Inputs!$B$19 | E8: =IF(OR(C8="",D8=""),"",C8-D8) | F8: Mid-center manhole
A9: P06 | B9: J_OUT | D9: =Inputs!$B$19 | E9: =IF(OR(C9="",D9=""),"",C9-D9) | F9: Collector to outlet branch
A10: P07 | B10: P08 | D10: =Inputs!$B$19 | E10: =IF(OR(C10="",D10=""),"",C10-D10) | F10: Lower-left manhole
A11: P08 | B11: P09 | D11: =Inputs!$B$19 | E11: =IF(OR(C11="",D11=""),"",C11-D11) | F11: Lower-center manhole
A12: P09 | B12: P06 | D12: =Inputs!$B$19 | E12: =IF(OR(C12="",D12=""),"",C12-D12) | F12: Lower-right manhole
A13: P010 | B13: P07 | D13: =Inputs!$B$19 | E13: =IF(OR(C13="",D13=""),"",C13-D13) | F13: Bottom-left manhole
A14: J_OUT | B14: PUB | D14: =Inputs!$B$19 | E14: =IF(OR(C14="",D14=""),"",C14-D14) | F14: Junction before public network
A15: PUB | D15: =Inputs!$B$19 | E15: =IF(OR(C15="",D15=""),"",C15-D15) | F15: Public network tie-in / right discharge

Sheet CB_plan
A1: SOUS-BASSINS DU PLAN (A -> O)
A3: CB_or_Zone | B3: Receives_into_Pipe_ID | C3: Area_m2 (input) | D3: Runoff_C (input) | E3: Area_x_C | F3: Node_hint | G3: Notes
A4: A | B4: L01_P01_P02 | D4: =Inputs!$B$17 | E4: =IF(OR(C4="",D4=""),"",C4*D4) | F4: P01 | G4: Top-left block
A5: B | B5: L02_P02_P03 | D5: =Inputs!$B$17 | E5: =IF(OR(C5="",D5=""),"",C5*D5) | F5: P02 | G5: Top-center block
A6: C | B6: L02_P02_P03 | D6: =Inputs!$B$17 | E6: =IF(OR(C6="",D6=""),"",C6*D6) | F6: P03 | G6: Top-right block
A7: D | B7: L08_P01_P04 | D7: =Inputs!$B$17 | E7: =IF(OR(C7="",D7=""),"",C7*D7) | F7: P04 | G7: Left-middle strip
A8: E | B8: L03_P04_P05 | D8: =Inputs!$B$17 | E8: =IF(OR(C8="",D8=""),"",C8*D8) | F8: P04-P05 | G8: Middle-left block
A9: F | B9: L04_P05_P06 | D9: =Inputs!$B$17 | E9: =IF(OR(C9="",D9=""),"",C9*D9) | F9: P05-P06 | G9: Center block
A10: G | B10: L09_P03_P06 | D10: =Inputs!$B$17 | E10: =IF(OR(C10="",D10=""),"",C10*D10) | F10: P06 | G10: Upper-right near outlet branch
A11: H | B11: L05_P07_P08 | D11: =Inputs!$B$17 | E11: =IF(OR(C11="",D11=""),"",C11*D11) | F11: P07 | G11: Lower-left block
A12: I | B12: L06_P08_P09 | D12: =Inputs!$B$17 | E12: =IF(OR(C12="",D12=""),"",C12*D12) | F12: P08 | G12: Lower-center block
A13: J | B13: L06_P08_P09 | D13: =Inputs!$B$17 | E13: =IF(OR(C13="",D13=""),"",C13*D13) | F13: P09 | G13: Lower-right block
A14: K | B14: L10_P09_P06 | D14: =Inputs!$B$17 | E14: =IF(OR(C14="",D14=""),"",C14*D14) | F14: P06 | G14: Right flank block
A15: L | B15: L07_P010_P07 | D15: =Inputs!$B$17 | E15: =IF(OR(C15="",D15=""),"",C15*D15) | F15: P010 | G15: Bottom-left strip
... A18: O | B18: L07_P010_P07 | D18: =Inputs!$B$17 | E18: =IF(OR(C18="",D18=""),"",C18*D18) | F18: P010-P07 | G18: Bottom strip

Sheet Conduites_plan_noeuds
A1: GRAPH PRE-ENTRE NOEUD-PAR-NOEUD (PLAN) - COLLER SEULEMENT AIRES + ELEVATIONS
A2: Network_status | B2: =IF(COUNTIF(AE4:AE203,"CHECK")>0,"CHECK","OK") | D2: Pipes_with_checks | E2: =COUNTIF(AE4:AE203,"CHECK")
A3: Pipe_ID | B3: From_Node | C3: To_Node | D3: Receives_into_Pipe_ID | E3: Length_m | F3: Area_override_m2 | G3: Area_from_CB_m2 | H3: Area_used_m2 | I3: C_local | J3: Tc_local_min | K3: Intensity_mmh | L3: Q_local_m3s | M3: Q_from_upstream_m3s | N3: Q_total_design_m3s | O3: Slope_manual_m/m | P3: Slope_used_m/m | Q3: Dia_recommended_mm | R3: Dia_override_mm | S3: Dia_used_mm | T3: Dia_used_m | U3: Capacity_full_m3s | V3: Q_over_capacity_ratio | W3: Velocity_mps | X3: Junction_drop_m | Y3: Invert_down_m | Z3: Invert_up_m | AA3: Ground_down_m | AB3: Ground_up_m | AC3: Cover_down_m | AD3: Cover_up_m | AE3: Checks | AF3: Notes | AG3: Cap_5 | AH3: Cap_6 | AI3: Cap_7 | AJ3: Cap_8 | AK3: Cap_9 | AL3: Cap_10 | AM3: Cap_11 | AN3: Cap_12 | AO3: Cap_13 | AP3: Cap_14
A4: L01_P01_P02 | B4: P01 | C4: P02 | D4: L02_P02_P03 | E4: 7 | G4: =SUMIFS(CB_plan!$C:$C,CB_plan!$B:$B,$A4) | H4: =IF(F4="",G4,F4) | K4: =IF(A4="","",Inputs!$B$13/((IF(J4="",Inputs!$B$18,J4)+Inputs!$B$14)^Inputs!$B$15)) | L4: =IF(A4="","",0.00278*IF(I4="",Inputs!$B$17,I4)*H4*K4) | M4: =IF(A4="","",SUMIFS($N$4:$N$203,$D$4:$D$203,$A4)) | N4: =IF(A4="","",(L4+M4)*Inputs!$B$16) | P4: =IF(A4="","",IF(O4="",Inputs!$B$7,O4)) | Q4: =IF(A4="","",IF(N4/Inputs!$B$10<=AG4,Inputs!$F$5,IF(N4/Inputs!$B$10>AP4,"OVERSIZE",INDEX(Inputs!$F$5:$F$14,MATCH(N4/Inputs!$B$10,AG4:AP4,1)+1)))) | S4: =IF(A4="","",IF(R4="",Q4,R4)) | T4: =IF(OR(S4="",S4="OVERSIZE"),"",S4/1000) | U4: =IF(T4="","",(1/Inputs!$B$9)*(PI()*T4^2/4)*((T4/4)^(2/3))*SQRT(P4)) | V4: =IF(OR(U4="",N4=""),"",N4/(U4*Inputs!$B$10)) | W4: =IF(OR(T4="",N4=""),"",4*N4/(PI()*T4^2)) | Y4: =IF(A4="","",IF(A4=Inputs!$B$6,Inputs!$B$22,IF(D4="","",IFERROR(INDEX($Z$4:$Z$203,MATCH(D4,$A$4:$A$203,0))+IF(X4="",Inputs!$B$20,X4),"")))) | Z4: =IF(OR(Y4="",P4="",E4=""),"",Y4+P4*E4) | AA4: =IF(C4="","",IFERROR(INDEX(Noeuds_plan!$C$4:$C$200,MATCH(C4,Noeuds_plan!$A$4:$A$200,0)),"")) | AB4: =IF(B4="","",IFERROR(INDEX(Noeuds_plan!$C$4:$C$200,MATCH(B4,Noeuds_plan!$A$4:$A$200,0)),"")) | AC4: =IF(OR(AA4="",Y4=""),"",AA4-Y4) | AD4: =IF(OR(AB4="",Z4=""),"",AB4-Z4) | AE4: =IF(A4="","",IF(OR(V4>1,W4<Inputs!$B$11,W4>Inputs!$B$12,AC4<Inputs!$B$19,AD4<Inputs!$B$19,P4<Inputs!$B$7,P4>Inputs!$B$8),"CHECK","OK")) | AF4: Readable length from plan | AG4: =IF(A4="","",(1/Inputs!$B$9)*(PI()*(Inputs!$F$5/1000)^2/4)*((Inputs!$F$5/1000/4)^(2/3))*SQRT(P4)) | AH4: =IF(A4="","",(1/Inputs!$B$9)*(PI()*(Inputs!$F$6/1000)^2/4)*((Inputs!$F$6/1000/4)^(2/3))*SQRT(P4)) | AI4: =IF(A4="","",(1/Inputs!$B$9)*(PI()*(Inputs!$F$7/1000)^2/4)*((Inputs!$F$7/1000/4)^(2/3))*SQRT(P4)) | AJ4: =IF(A4="","",(1/Inputs!$B$9)*(PI()*(Inputs!$F$8/1000)^2/4)*((Inputs!$F$8/1000/4)^(2/3))*SQRT(P4)) | AK4: =IF(A4="","",(1/Inputs!$B$9)*(PI()*(Inputs!$F$9/1000)^2/4)*((Inputs!$F$9/1000/4)^(2/3))*SQRT(P4)) | AL4: =IF(A4="","",(1/Inputs!$B$9)*(PI()*(Inputs!$F$10/1000)^2/4)*((Inputs!$F$10/1000/4)^(2/3))*SQRT(P4)) | AM4: =IF(A4="","",(1/Inputs!$B$9)*(PI()*(Inputs!$F$11/1000)^2/4)*((Inputs!$F$11/1000/4)^(2/3))*SQRT(P4)) | AN4: =IF(A4="","",(1/Inputs!$B$9)*(PI()*(Inputs!$F$12/1000)^2/4)*((Inputs!$F$12/1000/4)^(2/3))*SQRT(P4)) | AO4: =IF(A4="","",(1/Inputs!$B$9)*(PI()*(Inputs!$F$13/1000)^2/4)*((Inputs!$F$13/1000/4)^(2/3))*SQRT(P4)) | AP4: =IF(A4="","",(1/Inputs!$B$9)*(PI()*(Inputs!$F$14/1000)^2/4)*((Inputs!$F$14/1000/4)^(2/3))*SQRT(P4))
A5: L02_P02_P03 | B5: P02 | C5: P03 | D5: L09_P03_P06 | E5: 9.6 | G5: =SUMIFS(CB_plan!$C:$C,CB_plan!$B:$B,$A5) | H5: =IF(F5="",G5,F5) | K5: =IF(A5="","",Inputs!$B$13/((IF(J5="",Inputs!$B$18,J5)+Inputs!$B$14)^Inputs!$B$15)) | L5: =IF(A5="","",0.00278*IF(I5="",Inputs!$B$17,I5)*H5*K5) | M5: =IF(A5="","",SUMIFS($N$4:$N$203,$D$4:$D$203,$A5)) | N5: =IF(A5="","",(L5+M5)*Inputs!$B$16) | P5: =IF(A5="","",IF(O5="",Inputs!$B$7,O5)) | Q5: =IF(A5="","",IF(N5/Inputs!$B$10<=AG5,Inputs!$F$5,IF(N5/Inputs!$B$10>AP5,"OVERSIZE",INDEX(Inputs!$F$5:$F$14,MATCH(N5/Inputs!$B$10,AG5:AP5,1)+1)))) | S5: =IF(A5="","",IF(R5="",Q5,R5)) | T5: =IF(OR(S5="",S5="OVERSIZE"),"",S5/1000) | U5: =IF(T5="","",(1/Inputs!$B$9)*(PI()*T5^2/4)*((T5/4)^(2/3))*SQRT(P5)) | V5: =IF(OR(U5="",N5=""),"",N5/(U5*Inputs!$B$10)) | W5: =IF(OR(T5="",N5=""),"",4*N5/(PI()*T5^2)) | Y5: =IF(A5="","",IF(A5=Inputs!$B$6,Inputs!$B$22,IF(D5="","",IFERROR(INDEX($Z$4:$Z$203,MATCH(D5,$A$4:$A$203,0))+IF(X5="",Inputs!$B$20,X5),"")))) | Z5: =IF(OR(Y5="",P5="",E5=""),"",Y5+P5*E5) | AA5: =IF(C5="","",IFERROR(INDEX(Noeuds_plan!$C$4:$C$200,MATCH(C5,Noeuds_plan!$A$4:$A$200,0)),"")) | AB5: =IF(B5="","",IFERROR(INDEX(Noeuds_plan!$C$4:$C$200,MATCH(B5,Noeuds_plan!$A$4:$A$200,0)),"")) | AC5: =IF(OR(AA5="",Y5=""),"",AA5-Y5) | AD5: =IF(OR(AB5="",Z5=""),"",AB5-Z5) | AE5: =IF(A5="","",IF(OR(V5>1,W5<Inputs!$B$11,W5>Inputs!$B$12,AC5<Inputs!$B$19,AD5<Inputs!$B$19,P5<Inputs!$B$7,P5>Inputs!$B$8),"CHECK","OK")) | AF5: Approx; verify on plan | AG5: =IF(A5="","",(1/Inputs!$B$9)*(PI()*(Inputs!$F$5/1000)^2/4)*((Inputs!$F$5/1000/4)^(2/3))*SQRT(P5)) | AH5: =IF(A5="","",(1/Inputs!$B$9)*(PI()*(Inputs!$F$6/1000)^2/4)*((Inputs!$F$6/1000/4)^(2/3))*SQRT(P5)) | AI5: =IF(A5="","",(1/Inputs!$B$9)*(PI()*(Inputs!$F$7/1000)^2/4)*((Inputs!$F$7/1000/4)^(2/3))*SQRT(P5)) | AJ5: =IF(A5="","",(1/Inputs!$B$9)*(PI()*(Inputs!$F$8/1000)^2/4)*((Inputs!$F$8/1000/4)^(2/3))*SQRT(P5)) | AK5: =IF(A5="","",(1/Inputs!$B$9)*(PI()*(Inputs!$F$9/1000)^2/4)*((Inputs!$F$9/1000/4)^(2/3))*SQRT(P5)) | AL5: =IF(A5="","",(1/Inputs!$B$9)*(PI()*(Inputs!$F$10/1000)^2/4)*((Inputs!$F$10/1000/4)^(2/3))*SQRT(P5)) | AM5: =IF(A5="","",(1/Inputs!$B$9)*(PI()*(Inputs!$F$11/1000)^2/4)*((Inputs!$F$11/1000/4)^(2/3))*SQRT(P5)) | AN5: =IF(A5="","",(1/Inputs!$B$9)*(PI()*(Inputs!$F$12/1000)^2/4)*((Inputs!$F$12/1000/4)^(2/3))*SQRT(P5)) | AO5: =IF(A5="","",(1/Inputs!$B$9)*(PI()*(Inputs!$F$13/1000)^2/4)*((Inputs!$F$13/1000/4)^(2/3))*SQRT(P5)) | AP5: =IF(A5="","",(1/Inputs!$B$9)*(PI()*(Inputs!$F$14/1000)^2/4)*((Inputs!$F$14/1000/4)^(2/3))*SQRT(P5))
A6: L03_P04_P05 | B6: P04 | C6: P05 | D6: L04_P05_P06 | E6: 11.54 | G6: =SUMIFS(CB_plan!$C:$C,CB_plan!$B:$B,$A6) | H6: =IF(F6="",G6,F6) | K6: =IF(A6="","",Inputs!$B$13/((IF(J6="",Inputs!$B$18,J6)+Inputs!$B$14)^Inputs!$B$15)) | L6: =IF(A6="","",0.00278*IF(I6="",Inputs!$B$17,I6)*H6*K6) | M6: =IF(A6="","",SUMIFS($N$4:$N$203,$D$4:$D$203,$A6)) | N6: =IF(A6="","",(L6+M6)*Inputs!$B$16) | P6: =IF(A6="","",IF(O6="",Inputs!$B$7,O6)) | Q6: =IF(A6="","",IF(N6/Inputs!$B$10<=AG6,Inputs!$F$5,IF(N6/Inputs!$B$10>AP6,"OVERSIZE",INDEX(Inputs!$F$5:$F$14,MATCH(N6/Inputs!$B$10,AG6:AP6,1)+1)))) | S6: =IF(A6="","",IF(R6="",Q6,R6)) | T6: =IF(OR(S6="",S6="OVERSIZE"),"",S6/1000) | U6: =IF(T6="","",(1/Inputs!$B$9)*(PI()*T6^2/4)*((T6/4)^(2/3))*SQRT(P6)) | V6: =IF(OR(U6="",N6=""),"",N6/(U6*Inputs!$B$10)) | W6: =IF(OR(T6="",N6=""),"",4*N6/(PI()*T6^2)) | Y6: =IF(A6="","",IF(A6=Inputs!$B$6,Inputs!$B$22,IF(D6="","",IFERROR(INDEX($Z$4:$Z$203,MATCH(D6,$A$4:$A$203,0))+IF(X6="",Inputs!$B$20,X6),"")))) | Z6: =IF(OR(Y6="",P6="",E6=""),"",Y6+P6*E6) | AA6: =IF(C6="","",IFERROR(INDEX(Noeuds_plan!$C$4:$C$200,MATCH(C6,Noeuds_plan!$A$4:$A$200,0)),"")) | AB6: =IF(B6="","",IFERROR(INDEX(Noeuds_plan!$C$4:$C$200,MATCH(B6,Noeuds_plan!$A$4:$A$200,0)),"")) | AC6: =IF(OR(AA6="",Y6=""),"",AA6-Y6) | AD6: =IF(OR(AB6="",Z6=""),"",AB6-Z6) | AE6: =IF(A6="","",IF(OR(V6>1,W6<Inputs!$B$11,W6>Inputs!$B$12,AC6<Inputs!$B$19,AD6<Inputs!$B$19,P6<Inputs!$B$7,P6>Inputs!$B$8),"CHECK","OK")) | AF6: Readable length from plan | AG6: =IF(A6="","",(1/Inputs!$B$9)*(PI()*(Inputs!$F$5/1000)^2/4)*((Inputs!$F$5/1000/4)^(2/3))*SQRT(P6)) | AH6: =IF(A6="","",(1/Inputs!$B$9)*(PI()*(Inputs!$F$6/1000)^2/4)*((Inputs!$F$6/1000/4)^(2/3))*SQRT(P6)) | AI6: =IF(A6="","",(1/Inputs!$B$9)*(PI()*(Inputs!$F$7/1000)^2/4)*((Inputs!$F$7/1000/4)^(2/3))*SQRT(P6)) | AJ6: =IF(A6="","",(1/Inputs!$B$9)*(PI()*(Inputs!$F$8/1000)^2/4)*((Inputs!$F$8/1000/4)^(2/3))*SQRT(P6)) | AK6: =IF(A6="","",(1/Inputs!$B$9)*(PI()*(Inputs!$F$9/1000)^2/4)*((Inputs!$F$9/1000/4)^(2/3))*SQRT(P6)) | AL6: =IF(A6="","",(1/Inputs!$B$9)*(PI()*(Inputs!$F$10/1000)^2/4)*((Inputs!$F$10/1000/4)^(2/3))*SQRT(P6)) | AM6: =IF(A6="","",(1/Inputs!$B$9)*(PI()*(Inputs!$F$11/1000)^2/4)*((Inputs!$F$11/1000/4)^(2/3))*SQRT(P6)) | AN6: =IF(A6="","",(1/Inputs!$B$9)*(PI()*(Inputs!$F$12/1000)^2/4)*((Inputs!$F$12/1000/4)^(2/3))*SQRT(P6)) | AO6: =IF(A6="","",(1/Inputs!$B$9)*(PI()*(Inputs!$F$13/1000)^2/4)*((Inputs!$F$13/1000/4)^(2/3))*SQRT(P6)) | AP6: =IF(A6="","",(1/Inputs!$B$9)*(PI()*(Inputs!$F$14/1000)^2/4)*((Inputs!$F$14/1000/4)^(2/3))*SQRT(P6))
A7: L04_P05_P06 | B7: P05 | C7: P06 | D7: L11_P06_JOUT | E7: 14.25 | G7: =SUMIFS(CB_plan!$C:$C,CB_plan!$B:$B,$A7) | H7: =IF(F7="",G7,F7) | K7: =IF(A7="","",Inputs!$B$13/((IF(J7="",Inputs!$B$18,J7)+Inputs!$B$14)^Inputs!$B$15)) | L7: =IF(A7="","",0.00278*IF(I7="",Inputs!$B$17,I7)*H7*K7) | M7: =IF(A7="","",SUMIFS($N$4:$N$203,$D$4:$D$203,$A7)) | N7: =IF(A7="","",(L7+M7)*Inputs!$B$16) | P7: =IF(A7="","",IF(O7="",Inputs!$B$7,O7)) | Q7: =IF(A7="","",IF(N7/Inputs!$B$10<=AG7,Inputs!$F$5,IF(N7/Inputs!$B$10>AP7,"OVERSIZE",INDEX(Inputs!$F$5:$F$14,MATCH(N7/Inputs!$B$10,AG7:AP7,1)+1)))) | S7: =IF(A7="","",IF(R7="",Q7,R7)) | T7: =IF(OR(S7="",S7="OVERSIZE"),"",S7/1000) | U7: =IF(T7="","",(1/Inputs!$B$9)*(PI()*T7^2/4)*((T7/4)^(2/3))*SQRT(P7)) | V7: =IF(OR(U7="",N7=""),"",N7/(U7*Inputs!$B$10)) | W7: =IF(OR(T7="",N7=""),"",4*N7/(PI()*T7^2)) | Y7: =IF(A7="","",IF(A7=Inputs!$B$6,Inputs!$B$22,IF(D7="","",IFERROR(INDEX($Z$4:$Z$203,MATCH(D7,$A$4:$A$203,0))+IF(X7="",Inputs!$B$20,X7),"")))) | Z7: =IF(OR(Y7="",P7="",E7=""),"",Y7+P7*E7) | AA7: =IF(C7="","",IFERROR(INDEX(Noeuds_plan!$C$4:$C$200,MATCH(C7,Noeuds_plan!$A$4:$A$200,0)),"")) | AB7: =IF(B7="","",IFERROR(INDEX(Noeuds_plan!$C$4:$C$200,MATCH(B7,Noeuds_plan!$A$4:$A$200,0)),"")) | AC7: =IF(OR(AA7="",Y7=""),"",AA7-Y7) | AD7: =IF(OR(AB7="",Z7=""),"",AB7-Z7) | AE7: =IF(A7="","",IF(OR(V7>1,W7<Inputs!$B$11,W7>Inputs!$B$12,AC7<Inputs!$B$19,AD7<Inputs!$B$19,P7<Inputs!$B$7,P7>Inputs!$B$8),"CHECK","OK")) | AF7: Readable length from plan | AG7: =IF(A7="","",(1/Inputs!$B$9)*(PI()*(Inputs!$F$5/1000)^2/4)*((Inputs!$F$5/1000/4)^(2/3))*SQRT(P7)) | AH7: =IF(A7="","",(1/Inputs!$B$9)*(PI()*(Inputs!$F$6/1000)^2/4)*((Inputs!$F$6/1000/4)^(2/3))*SQRT(P7)) | AI7: =IF(A7="","",(1/Inputs!$B$9)*(PI()*(Inputs!$F$7/1000)^2/4)*((Inputs!$F$7/1000/4)^(2/3))*SQRT(P7)) | AJ7: =IF(A7="","",(1/Inputs!$B$9)*(PI()*(Inputs!$F$8/1000)^2/4)*((Inputs!$F$8/1000/4)^(2/3))*SQRT(P7)) | AK7: =IF(A7="","",(1/Inputs!$B$9)*(PI()*(Inputs!$F$9/1000)^2/4)*((Inputs!$F$9/1000/4)^(2/3))*SQRT(P7)) | AL7: =IF(A7="","",(1/Inputs!$B$9)*(PI()*(Inputs!$F$10/1000)^2/4)*((Inputs!$F$10/1000/4)^(2/3))*SQRT(P7)) | AM7: =IF(A7="","",(1/Inputs!$B$9)*(PI()*(Inputs!$F$11/1000)^2/4)*((Inputs!$F$11/1000/4)^(2/3))*SQRT(P7)) | AN7: =IF(A7="","",(1/Inputs!$B$9)*(PI()*(Inputs!$F$12/1000)^2/4)*((Inputs!$F$12/1000/4)^(2/3))*SQRT(P7)) | AO7: =IF(A7="","",(1/Inputs!$B$9)*(PI()*(Inputs!$F$13/1000)^2/4)*((Inputs!$F$13/1000/4)^(2/3))*SQRT(P7)) | AP7: =IF(A7="","",(1/Inputs!$B$9)*(PI()*(Inputs!$F$14/1000)^2/4)*((Inputs!$F$14/1000/4)^(2/3))*SQRT(P7))
A8: L05_P07_P08 | B8: P07 | C8: P08 | D8: L06_P08_P09 | E8: 14.29 | G8: =SUMIFS(CB_plan!$C:$C,CB_plan!$B:$B,$A8) | H8: =IF(F8="",G8,F8) | K8: =IF(A8="","",Inputs!$B$13/((IF(J8="",Inputs!$B$18,J8)+Inputs!$B$14)^Inputs!$B$15)) | L8: =IF(A8="","",0.00278*IF(I8="",Inputs!$B$17,I8)*H8*K8) | M8: =IF(A8="","",SUMIFS($N$4:$N$203,$D$4:$D$203,$A8)) | N8: =IF(A8="","",(L8+M8)*Inputs!$B$16) | P8: =IF(A8="","",IF(O8="",Inputs!$B$7,O8)) | Q8: =IF(A8="","",IF(N8/Inputs!$B$10<=AG8,Inputs!$F$5,IF(N8/Inputs!$B$10>AP8,"OVERSIZE",INDEX(Inputs!$F$5:$F$14,MATCH(N8/Inputs!$B$10,AG8:AP8,1)+1)))) | S8: =IF(A8="","",IF(R8="",Q8,R8)) | T8: =IF(OR(S8="",S8="OVERSIZE"),"",S8/1000) | U8: =IF(T8="","",(1/Inputs!$B$9)*(PI()*T8^2/4)*((T8/4)^(2/3))*SQRT(P8)) | V8: =IF(OR(U8="",N8=""),"",N8/(U8*Inputs!$B$10)) | W8: =IF(OR(T8="",N8=""),"",4*N8/(PI()*T8^2)) | Y8: =IF(A8="","",IF(A8=Inputs!$B$6,Inputs!$B$22,IF(D8="","",IFERROR(INDEX($Z$4:$Z$203,MATCH(D8,$A$4:$A$203,0))+IF(X8="",Inputs!$B$20,X8),"")))) | Z8: =IF(OR(Y8="",P8="",E8=""),"",Y8+P8*E8) | AA8: =IF(C8="","",IFERROR(INDEX(Noeuds_plan!$C$4:$C$200,MATCH(C8,Noeuds_plan!$A$4:$A$200,0)),"")) | AB8: =IF(B8="","",IFERROR(INDEX(Noeuds_plan!$C$4:$C$200,MATCH(B8,Noeuds_plan!$A$4:$A$200,0)),"")) | AC8: =IF(OR(AA8="",Y8=""),"",AA8-Y8) | AD8: =IF(OR(AB8="",Z8=""),"",AB8-Z8) | AE8: =IF(A8="","",IF(OR(V8>1,W8<Inputs!$B$11,W8>Inputs!$B$12,AC8<Inputs!$B$19,AD8<Inputs!$B$19,P8<Inputs!$B$7,P8>Inputs!$B$8),"CHECK","OK")) | AF8: Readable length from plan | AG8: =IF(A8="","",(1/Inputs!$B$9)*(PI()*(Inputs!$F$5/1000)^2/4)*((Inputs!$F$5/1000/4)^(2/3))*SQRT(P8)) | AH8: =IF(A8="","",(1/Inputs!$B$9)*(PI()*(Inputs!$F$6/1000)^2/4)*((Inputs!$F$6/1000/4)^(2/3))*SQRT(P8)) | AI8: =IF(A8="","",(1/Inputs!$B$9)*(PI()*(Inputs!$F$7/1000)^2/4)*((Inputs!$F$7/1000/4)^(2/3))*SQRT(P8)) | AJ8: =IF(A8="","",(1/Inputs!$B$9)*(PI()*(Inputs!$F$8/1000)^2/4)*((Inputs!$F$8/1000/4)^(2/3))*SQRT(P8)) | AK8: =IF(A8="","",(1/Inputs!$B$9)*(PI()*(Inputs!$F$9/1000)^2/4)*((Inputs!$F$9/1000/4)^(2/3))*SQRT(P8)) | AL8: =IF(A8="","",(1/Inputs!$B$9)*(PI()*(Inputs!$F$10/1000)^2/4)*((Inputs!$F$10/1000/4)^(2/3))*SQRT(P8)) | AM8: =IF(A8="","",(1/Inputs!$B$9)*(PI()*(Inputs!$F$11/1000)^2/4)*((Inputs!$F$11/1000/4)^(2/3))*SQRT(P8)) | AN8: =IF(A8="","",(1/Inputs!$B$9)*(PI()*(Inputs!$F$12/1000)^2/4)*((Inputs!$F$12/1000/4)^(2/3))*SQRT(P8)) | AO8: =IF(A8="","",(1/Inputs!$B$9)*(PI()*(Inputs!$F$13/1000)^2/4)*((Inputs!$F$13/1000/4)^(2/3))*SQRT(P8)) | AP8: =IF(A8="","",(1/Inputs!$B$9)*(PI()*(Inputs!$F$14/1000)^2/4)*((Inputs!$F$14/1000/4)^(2/3))*SQRT(P8))
A9: L06_P08_P09 | B9: P08 | C9: P09 | D9: L10_P09_P06 | E9: 12.4 | G9: =SUMIFS(CB_plan!$C:$C,CB_plan!$B:$B,$A9) | H9: =IF(F9="",G9,F9) | K9: =IF(A9="","",Inputs!$B$13/((IF(J9="",Inputs!$B$18,J9)+Inputs!$B$14)^Inputs!$B$15)) | L9: =IF(A9="","",0.00278*IF(I9="",Inputs!$B$17,I9)*H9*K9) | M9: =IF(A9="","",SUMIFS($N$4:$N$203,$D$4:$D$203,$A9)) | N9: =IF(A9="","",(L9+M9)*Inputs!$B$16) | P9: =IF(A9="","",IF(O9="",Inputs!$B$7,O9)) | Q9: =IF(A9="","",IF(N9/Inputs!$B$10<=AG9,Inputs!$F$5,IF(N9/Inputs!$B$10>AP9,"OVERSIZE",INDEX(Inputs!$F$5:$F$14,MATCH(N9/Inputs!$B$10,AG9:AP9,1)+1)))) | S9: =IF(A9="","",IF(R9="",Q9,R9)) | T9: =IF(OR(S9="",S9="OVERSIZE"),"",S9/1000) | U9: =IF(T9="","",(1/Inputs!$B$9)*(PI()*T9^2/4)*((T9/4)^(2/3))*SQRT(P9)) | V9: =IF(OR(U9="",N9=""),"",N9/(U9*Inputs!$B$10)) | W9: =IF(OR(T9="",N9=""),"",4*N9/(PI()*T9^2)) | Y9: =IF(A9="","",IF(A9=Inputs!$B$6,Inputs!$B$22,IF(D9="","",IFERROR(INDEX($Z$4:$Z$203,MATCH(D9,$A$4:$A$203,0))+IF(X9="",Inputs!$B$20,X9),"")))) | Z9: =IF(OR(Y9="",P9="",E9=""),"",Y9+P9*E9) | AA9: =IF(C9="","",IFERROR(INDEX(Noeuds_plan!$C$4:$C$200,MATCH(C9,Noeuds_plan!$A$4:$A$200,0)),"")) | AB9: =IF(B9="","",IFERROR(INDEX(Noeuds_plan!$C$4:$C$200,MATCH(B9,Noeuds_plan!$A$4:$A$200,0)),"")) | AC9: =IF(OR(AA9="",Y9=""),"",AA9-Y9) | AD9: =IF(OR(AB9="",Z9=""),"",AB9-Z9) | AE9: =IF(A9="","",IF(OR(V9>1,W9<Inputs!$B$11,W9>Inputs!$B$12,AC9<Inputs!$B$19,AD9<Inputs!$B$19,P9<Inputs!$B$7,P9>Inputs!$B$8),"CHECK","OK")) | AF9: Readable length from plan | AG9: =IF(A9="","",(1/Inputs!$B$9)*(PI()*(Inputs!$F$5/1000)^2/4)*((Inputs!$F$5/1000/4)^(2/3))*SQRT(P9)) | AH9: =IF(A9="","",(1/Inputs!$B$9)*(PI()*(Inputs!$F$6/1000)^2/4)*((Inputs!$F$6/1000/4)^(2/3))*SQRT(P9)) | AI9: =IF(A9="","",(1/Inputs!$B$9)*(PI()*(Inputs!$F$7/1000)^2/4)*((Inputs!$F$7/1000/4)^(2/3))*SQRT(P9)) | AJ9: =IF(A9="","",(1/Inputs!$B$9)*(PI()*(Inputs!$F$8/1000)^2/4)*((Inputs!$F$8/1000/4)^(2/3))*SQRT(P9)) | AK9: =IF(A9="","",(1/Inputs!$B$9)*(PI()*(Inputs!$F$9/1000)^2/4)*((Inputs!$F$9/1000/4)^(2/3))*SQRT(P9)) | AL9: =IF(A9="","",(1/Inputs!$B$9)*(PI()*(Inputs!$F$10/1000)^2/4)*((Inputs!$F$10/1000/4)^(2/3))*SQRT(P9)) | AM9: =IF(A9="","",(1/Inputs!$B$9)*(PI()*(Inputs!$F$11/1000)^2/4)*((Inputs!$F$11/1000/4)^(2/3))*SQRT(P9)) | AN9: =IF(A9="","",(1/Inputs!$B$9)*(PI()*(Inputs!$F$12/1000)^2/4)*((Inputs!$F$12/1000/4)^(2/3))*SQRT(P9)) | AO9: =IF(A9="","",(1/Inputs!$B$9)*(PI()*(Inputs!$F$13/1000)^2/4)*((Inputs!$F$13/1000/4)^(2/3))*SQRT(P9)) | AP9: =IF(A9="","",(1/Inputs!$B$9)*(PI()*(Inputs!$F$14/1000)^2/4)*((Inputs!$F$14/1000/4)^(2/3))*SQRT(P9))
A10: L07_P010_P07 | B10: P010 | C10: P07 | D10: L05_P07_P08 | G10: =SUMIFS(CB_plan!$C:$C,CB_plan!$B:$B,$A10) | H10: =IF(F10="",G10,F10) | K10: =IF(A10="","",Inputs!$B$13/((IF(J10="",Inputs!$B$18,J10)+Inputs!$B$14)^Inputs!$B$15)) | L10: =IF(A10="","",0.00278*IF(I10="",Inputs!$B$17,I10)*H10*K10) | M10: =IF(A10="","",SUMIFS($N$4:$N$203,$D$4:$D$203,$A10)) | N10: =IF(A10="","",(L10+M10)*Inputs!$B$16) | P10: =IF(A10="","",IF(O10="",Inputs!$B$7,O10)) | Q10: =IF(A10="","",IF(N10/Inputs!$B$10<=AG10,Inputs!$F$5,IF(N10/Inputs!$B$10>AP10,"OVERSIZE",INDEX(Inputs!$F$5:$F$14,MATCH(N10/Inputs!$B$10,AG10:AP10,1)+1)))) | S10: =IF(A10="","",IF(R10="",Q10,R10)) | T10: =IF(OR(S10="",S10="OVERSIZE"),"",S10/1000) | U10: =IF(T10="","",(1/Inputs!$B$9)*(PI()*T10^2/4)*((T10/4)^(2/3))*SQRT(P10)) | V10: =IF(OR(U10="",N10=""),"",N10/(U10*Inputs!$B$10)) | W10: =IF(OR(T10="",N10=""),"",4*N10/(PI()*T10^2)) | Y10: =IF(A10="","",IF(A10=Inputs!$B$6,Inputs!$B$22,IF(D10="","",IFERROR(INDEX($Z$4:$Z$203,MATCH(D10,$A$4:$A$203,0))+IF(X10="",Inputs!$B$20,X10),"")))) | Z10: =IF(OR(Y10="",P10="",E10=""),"",Y10+P10*E10) | AA10: =IF(C10="","",IFERROR(INDEX(Noeuds_plan!$C$4:$C$200,MATCH(C10,Noeuds_plan!$A$4:$A$200,0)),"")) | AB10: =IF(B10="","",IFERROR(INDEX(Noeuds_plan!$C$4:$C$200,MATCH(B10,Noeuds_plan!$A$4:$A$200,0)),"")) | AC10: =IF(OR(AA10="",Y10=""),"",AA10-Y10) | AD10: =IF(OR(AB10="",Z10=""),"",AB10-Z10) | AE10: =IF(A10="","",IF(OR(V10>1,W10<Inputs!$B$11,W10>Inputs!$B$12,AC10<Inputs!$B$19,AD10<Inputs!$B$19,P10<Inputs!$B$7,P10>Inputs!$B$8),"CHECK","OK")) | AF10: Length unreadable: fill from plan | AG10: =IF(A10="","",(1/Inputs!$B$9)*(PI()*(Inputs!$F$5/1000)^2/4)*((Inputs!$F$5/1000/4)^(2/3))*SQRT(P10)) | AH10: =IF(A10="","",(1/Inputs!$B$9)*(PI()*(Inputs!$F$6/1000)^2/4)*((Inputs!$F$6/1000/4)^(2/3))*SQRT(P10)) | AI10: =IF(A10="","",(1/Inputs!$B$9)*(PI()*(Inputs!$F$7/1000)^2/4)*((Inputs!$F$7/1000/4)^(2/3))*SQRT(P10)) | AJ10: =IF(A10="","",(1/Inputs!$B$9)*(PI()*(Inputs!$F$8/1000)^2/4)*((Inputs!$F$8/1000/4)^(2/3))*SQRT(P10)) | AK10: =IF(A10="","",(1/Inputs!$B$9)*(PI()*(Inputs!$F$9/1000)^2/4)*((Inputs!$F$9/1000/4)^(2/3))*SQRT(P10)) | AL10: =IF(A10="","",(1/Inputs!$B$9)*(PI()*(Inputs!$F$10/1000)^2/4)*((Inputs!$F$10/1000/4)^(2/3))*SQRT(P10)) | AM10: =IF(A10="","",(1/Inputs!$B$9)*(PI()*(Inputs!$F$11/1000)^2/4)*((Inputs!$F$11/1000/4)^(2/3))*SQRT(P10)) | AN10: =IF(A10="","",(1/Inputs!$B$9)*(PI()*(Inputs!$F$12/1000)^2/4)*((Inputs!$F$12/1000/4)^(2/3))*SQRT(P10)) | AO10: =IF(A10="","",(1/Inputs!$B$9)*(PI()*(Inputs!$F$13/1000)^2/4)*((Inputs!$F$13/1000/4)^(2/3))*SQRT(P10)) | AP10: =IF(A10="","",(1/Inputs!$B$9)*(PI()*(Inputs!$F$14/1000)^2/4)*((Inputs!$F$14/1000/4)^(2/3))*SQRT(P10))
A11: L08_P01_P04 | B11: P01 | C11: P04 | D11: L03_P04_P05 | G11: =SUMIFS(CB_plan!$C:$C,CB_plan!$B:$B,$A11) | H11: =IF(F11="",G11,F11) | K11: =IF(A11="","",Inputs!$B$13/((IF(J11="",Inputs!$B$18,J11)+Inputs!$B$14)^Inputs!$B$15)) | L11: =IF(A11="","",0.00278*IF(I11="",Inputs!$B$17,I11)*H11*K11) | M11: =IF(A11="","",SUMIFS($N$4:$N$203,$D$4:$D$203,$A11)) | N11: =IF(A11="","",(L11+M11)*Inputs!$B$16) | P11: =IF(A11="","",IF(O11="",Inputs!$B$7,O11)) | Q11: =IF(A11="","",IF(N11/Inputs!$B$10<=AG11,Inputs!$F$5,IF(N11/Inputs!$B$10>AP11,"OVERSIZE",INDEX(Inputs!$F$5:$F$14,MATCH(N11/Inputs!$B$10,AG11:AP11,1)+1)))) | S11: =IF(A11="","",IF(R11="",Q11,R11)) | T11: =IF(OR(S11="",S11="OVERSIZE"),"",S11/1000) | U11: =IF(T11="","",(1/Inputs!$B$9)*(PI()*T11^2/4)*((T11/4)^(2/3))*SQRT(P11)) | V11: =IF(OR(U11="",N11=""),"",N11/(U11*Inputs!$B$10)) | W11: =IF(OR(T11="",N11=""),"",4*N11/(PI()*T11^2)) | Y11: =IF(A11="","",IF(A11=Inputs!$B$6,Inputs!$B$22,IF(D11="","",IFERROR(INDEX($Z$4:$Z$203,MATCH(D11,$A$4:$A$203,0))+IF(X11="",Inputs!$B$20,X11),"")))) | Z11: =IF(OR(Y11="",P11="",E11=""),"",Y11+P11*E11) | AA11: =IF(C11="","",IFERROR(INDEX(Noeuds_plan!$C$4:$C$200,MATCH(C11,Noeuds_plan!$A$4:$A$200,0)),"")) | AB11: =IF(B11="","",IFERROR(INDEX(Noeuds_plan!$C$4:$C$200,MATCH(B11,Noeuds_plan!$A$4:$A$200,0)),"")) | AC11: =IF(OR(AA11="",Y11=""),"",AA11-Y11) | AD11: =IF(OR(AB11="",Z11=""),"",AB11-Z11) | AE11: =IF(A11="","",IF(OR(V11>1,W11<Inputs!$B$11,W11>Inputs!$B$12,AC11<Inputs!$B$19,AD11<Inputs!$B$19,P11<Inputs!$B$7,P11>Inputs!$B$8),"CHECK","OK")) | AF11: Vertical connector; verify if active | AG11: =IF(A11="","",(1/Inputs!$B$9)*(PI()*(Inputs!$F$5/1000)^2/4)*((Inputs!$F$5/1000/4)^(2/3))*SQRT(P11)) | AH11: =IF(A11="","",(1/Inputs!$B$9)*(PI()*(Inputs!$F$6/1000)^2/4)*((Inputs!$F$6/1000/4)^(2/3))*SQRT(P11)) | AI11: =IF(A11="","",(1/Inputs!$B$9)*(PI()*(Inputs!$F$7/1000)^2/4)*((Inputs!$F$7/1000/4)^(2/3))*SQRT(P11)) | AJ11: =IF(A11="","",(1/Inputs!$B$9)*(PI()*(Inputs!$F$8/1000)^2/4)*((Inputs!$F$8/1000/4)^(2/3))*SQRT(P11)) | AK11: =IF(A11="","",(1/Inputs!$B$9)*(PI()*(Inputs!$F$9/1000)^2/4)*((Inputs!$F$9/1000/4)^(2/3))*SQRT(P11)) | AL11: =IF(A11="","",(1/Inputs!$B$9)*(PI()*(Inputs!$F$10/1000)^2/4)*((Inputs!$F$10/1000/4)^(2/3))*SQRT(P11)) | AM11: =IF(A11="","",(1/Inputs!$B$9)*(PI()*(Inputs!$F$11/1000)^2/4)*((Inputs!$F$11/1000/4)^(2/3))*SQRT(P11)) | AN11: =IF(A11="","",(1/Inputs!$B$9)*(PI()*(Inputs!$F$12/1000)^2/4)*((Inputs!$F$12/1000/4)^(2/3))*SQRT(P11)) | AO11: =IF(A11="","",(1/Inputs!$B$9)*(PI()*(Inputs!$F$13/1000)^2/4)*((Inputs!$F$13/1000/4)^(2/3))*SQRT(P11)) | AP11: =IF(A11="","",(1/Inputs!$B$9)*(PI()*(Inputs!$F$14/1000)^2/4)*((Inputs!$F$14/1000/4)^(2/3))*SQRT(P11))
A12: L09_P03_P06 | B12: P03 | C12: P06 | D12: L11_P06_JOUT | G12: =SUMIFS(CB_plan!$C:$C,CB_plan!$B:$B,$A12) | H12: =IF(F12="",G12,F12) | K12: =IF(A12="","",Inputs!$B$13/((IF(J12="",Inputs!$B$18,J12)+Inputs!$B$14)^Inputs!$B$15)) | L12: =IF(A12="","",0.00278*IF(I12="",Inputs!$B$17,I12)*H12*K12) | M12: =IF(A12="","",SUMIFS($N$4:$N$203,$D$4:$D$203,$A12)) | N12: =IF(A12="","",(L12+M12)*Inputs!$B$16) | P12: =IF(A12="","",IF(O12="",Inputs!$B$7,O12)) | Q12: =IF(A12="","",IF(N12/Inputs!$B$10<=AG12,Inputs!$F$5,IF(N12/Inputs!$B$10>AP12,"OVERSIZE",INDEX(Inputs!$F$5:$F$14,MATCH(N12/Inputs!$B$10,AG12:AP12,1)+1)))) | S12: =IF(A12="","",IF(R12="",Q12,R12)) | T12: =IF(OR(S12="",S12="OVERSIZE"),"",S12/1000) | U12: =IF(T12="","",(1/Inputs!$B$9)*(PI()*T12^2/4)*((T12/4)^(2/3))*SQRT(P12)) | V12: =IF(OR(U12="",N12=""),"",N12/(U12*Inputs!$B$10)) | W12: =IF(OR(T12="",N12=""),"",4*N12/(PI()*T12^2)) | Y12: =IF(A12="","",IF(A12=Inputs!$B$6,Inputs!$B$22,IF(D12="","",IFERROR(INDEX($Z$4:$Z$203,MATCH(D12,$A$4:$A$203,0))+IF(X12="",Inputs!$B$20,X12),"")))) | Z12: =IF(OR(Y12="",P12="",E12=""),"",Y12+P12*E12) | AA12: =IF(C12="","",IFERROR(INDEX(Noeuds_plan!$C$4:$C$200,MATCH(C12,Noeuds_plan!$A$4:$A$200,0)),"")) | AB12: =IF(B12="","",IFERROR(INDEX(Noeuds_plan!$C$4:$C$200,MATCH(B12,Noeuds_plan!$A$4:$A$200,0)),"")) | AC12: =IF(OR(AA12="",Y12=""),"",AA12-Y12) | AD12: =IF(OR(AB12="",Z12=""),"",AB12-Z12) | AE12: =IF(A12="","",IF(OR(V12>1,W12<Inputs!$B$11,W12>Inputs!$B$12,AC12<Inputs!$B$19,AD12<Inputs!$B$19,P12<Inputs!$B$7,P12>Inputs!$B$8),"CHECK","OK")) | AF12: Length unreadable: fill from plan | AG12: =IF(A12="","",(1/Inputs!$B$9)*(PI()*(Inputs!$F$5/1000)^2/4)*((Inputs!$F$5/1000/4)^(2/3))*SQRT(P12)) | AH12: =IF(A12="","",(1/Inputs!$B$9)*(PI()*(Inputs!$F$6/1000)^2/4)*((Inputs!$F$6/1000/4)^(2/3))*SQRT(P12)) | AI12: =IF(A12="","",(1/Inputs!$B$9)*(PI()*(Inputs!$F$7/1000)^2/4)*((Inputs!$F$7/1000/4)^(2/3))*SQRT(P12)) | AJ12: =IF(A12="","",(1/Inputs!$B$9)*(PI()*(Inputs!$F$8/1000)^2/4)*((Inputs!$F$8/1000/4)^(2/3))*SQRT(P12)) | AK12: =IF(A12="","",(1/Inputs!$B$9)*(PI()*(Inputs!$F$9/1000)^2/4)*((Inputs!$F$9/1000/4)^(2/3))*SQRT(P12)) | AL12: =IF(A12="","",(1/Inputs!$B$9)*(PI()*(Inputs!$F$10/1000)^2/4)*((Inputs!$F$10/1000/4)^(2/3))*SQRT(P12)) | AM12: =IF(A12="","",(1/Inputs!$B$9)*(PI()*(Inputs!$F$11/1000)^2/4)*((Inputs!$F$11/1000/4)^(2/3))*SQRT(P12)) | AN12: =IF(A12="","",(1/Inputs!$B$9)*(PI()*(Inputs!$F$12/1000)^2/4)*((Inputs!$F$12/1000/4)^(2/3))*SQRT(P12)) | AO12: =IF(A12="","",(1/Inputs!$B$9)*(PI()*(Inputs!$F$13/1000)^2/4)*((Inputs!$F$13/1000/4)^(2/3))*SQRT(P12)) | AP12: =IF(A12="","",(1/Inputs!$B$9)*(PI()*(Inputs!$F$14/1000)^2/4)*((Inputs!$F$14/1000/4)^(2/3))*SQRT(P12))
A13: L10_P09_P06 | B13: P09 | C13: P06 | D13: L11_P06_JOUT | G13: =SUMIFS(CB_plan!$C:$C,CB_plan!$B:$B,$A13) | H13: =IF(F13="",G13,F13) | K13: =IF(A13="","",Inputs!$B$13/((IF(J13="",Inputs!$B$18,J13)+Inputs!$B$14)^Inputs!$B$15)) | L13: =IF(A13="","",0.00278*IF(I13="",Inputs!$B$17,I13)*H13*K13) | M13: =IF(A13="","",SUMIFS($N$4:$N$203,$D$4:$D$203,$A13)) | N13: =IF(A13="","",(L13+M13)*Inputs!$B$16) | P13: =IF(A13="","",IF(O13="",Inputs!$B$7,O13)) | Q13: =IF(A13="","",IF(N13/Inputs!$B$10<=AG13,Inputs!$F$5,IF(N13/Inputs!$B$10>AP13,"OVERSIZE",INDEX(Inputs!$F$5:$F$14,MATCH(N13/Inputs!$B$10,AG13:AP13,1)+1)))) | S13: =IF(A13="","",IF(R13="",Q13,R13)) | T13: =IF(OR(S13="",S13="OVERSIZE"),"",S13/1000) | U13: =IF(T13="","",(1/Inputs!$B$9)*(PI()*T13^2/4)*((T13/4)^(2/3))*SQRT(P13)) | V13: =IF(OR(U13="",N13=""),"",N13/(U13*Inputs!$B$10)) | W13: =IF(OR(T13="",N13=""),"",4*N13/(PI()*T13^2)) | Y13: =IF(A13="","",IF(A13=Inputs!$B$6,Inputs!$B$22,IF(D13="","",IFERROR(INDEX($Z$4:$Z$203,MATCH(D13,$A$4:$A$203,0))+IF(X13="",Inputs!$B$20,X13),"")))) | Z13: =IF(OR(Y13="",P13="",E13=""),"",Y13+P13*E13) | AA13: =IF(C13="","",IFERROR(INDEX(Noeuds_plan!$C$4:$C$200,MATCH(C13,Noeuds_plan!$A$4:$A$200,0)),"")) | AB13: =IF(B13="","",IFERROR(INDEX(Noeuds_plan!$C$4:$C$200,MATCH(B13,Noeuds_plan!$A$4:$A$200,0)),"")) | AC13: =IF(OR(AA13="",Y13=""),"",AA13-Y13) | AD13: =IF(OR(AB13="",Z13=""),"",AB13-Z13) | AE13: =IF(A13="","",IF(OR(V13>1,W13<Inputs!$B$11,W13>Inputs!$B$12,AC13<Inputs!$B$19,AD13<Inputs!$B$19,P13<Inputs!$B$7,P13>Inputs!$B$8),"CHECK","OK")) | AF13: Length unreadable: fill from plan | AG13: =IF(A13="","",(1/Inputs!$B$9)*(PI()*(Inputs!$F$5/1000)^2/4)*((Inputs!$F$5/1000/4)^(2/3))*SQRT(P13)) | AH13: =IF(A13="","",(1/Inputs!$B$9)*(PI()*(Inputs!$F$6/1000)^2/4)*((Inputs!$F$6/1000/4)^(2/3))*SQRT(P13)) | AI13: =IF(A13="","",(1/Inputs!$B$9)*(PI()*(Inputs!$F$7/1000)^2/4)*((Inputs!$F$7/1000/4)^(2/3))*SQRT(P13)) | AJ13: =IF(A13="","",(1/Inputs!$B$9)*(PI()*(Inputs!$F$8/1000)^2/4)*((Inputs!$F$8/1000/4)^(2/3))*SQRT(P13)) | AK13: =IF(A13="","",(1/Inputs!$B$9)*(PI()*(Inputs!$F$9/1000)^2/4)*((Inputs!$F$9/1000/4)^(2/3))*SQRT(P13)) | AL13: =IF(A13="","",(1/Inputs!$B$9)*(PI()*(Inputs!$F$10/1000)^2/4)*((Inputs!$F$10/1000/4)^(2/3))*SQRT(P13)) | AM13: =IF(A13="","",(1/Inputs!$B$9)*(PI()*(Inputs!$F$11/1000)^2/4)*((Inputs!$F$11/1000/4)^(2/3))*SQRT(P13)) | AN13: =IF(A13="","",(1/Inputs!$B$9)*(PI()*(Inputs!$F$12/1000)^2/4)*((Inputs!$F$12/1000/4)^(2/3))*SQRT(P13)) | AO13: =IF(A13="","",(1/Inputs!$B$9)*(PI()*(Inputs!$F$13/1000)^2/4)*((Inputs!$F$13/1000/4)^(2/3))*SQRT(P13)) | AP13: =IF(A13="","",(1/Inputs!$B$9)*(PI()*(Inputs!$F$14/1000)^2/4)*((Inputs!$F$14/1000/4)^(2/3))*SQRT(P13))
A14: L11_P06_JOUT | B14: P06 | C14: J_OUT | D14: L12_JOUT_PUB | E14: 9.05 | G14: =SUMIFS(CB_plan!$C:$C,CB_plan!$B:$B,$A14) | H14: =IF(F14="",G14,F14) | K14: =IF(A14="","",Inputs!$B$13/((IF(J14="",Inputs!$B$18,J14)+Inputs!$B$14)^Inputs!$B$15)) | L14: =IF(A14="","",0.00278*IF(I14="",Inputs!$B$17,I14)*H14*K14) | M14: =IF(A14="","",SUMIFS($N$4:$N$203,$D$4:$D$203,$A14)) | N14: =IF(A14="","",(L14+M14)*Inputs!$B$16) | P14: =IF(A14="","",IF(O14="",Inputs!$B$7,O14)) | Q14: =IF(A14="","",IF(N14/Inputs!$B$10<=AG14,Inputs!$F$5,IF(N14/Inputs!$B$10>AP14,"OVERSIZE",INDEX(Inputs!$F$5:$F$14,MATCH(N14/Inputs!$B$10,AG14:AP14,1)+1)))) | S14: =IF(A14="","",IF(R14="",Q14,R14)) | T14: =IF(OR(S14="",S14="OVERSIZE"),"",S14/1000) | U14: =IF(T14="","",(1/Inputs!$B$9)*(PI()*T14^2/4)*((T14/4)^(2/3))*SQRT(P14)) | V14: =IF(OR(U14="",N14=""),"",N14/(U14*Inputs!$B$10)) | W14: =IF(OR(T14="",N14=""),"",4*N14/(PI()*T14^2)) | Y14: =IF(A14="","",IF(A14=Inputs!$B$6,Inputs!$B$22,IF(D14="","",IFERROR(INDEX($Z$4:$Z$203,MATCH(D14,$A$4:$A$203,0))+IF(X14="",Inputs!$B$20,X14),"")))) | Z14: =IF(OR(Y14="",P14="",E14=""),"",Y14+P14*E14) | AA14: =IF(C14="","",IFERROR(INDEX(Noeuds_plan!$C$4:$C$200,MATCH(C14,Noeuds_plan!$A$4:$A$200,0)),"")) | AB14: =IF(B14="","",IFERROR(INDEX(Noeuds_plan!$C$4:$C$200,MATCH(B14,Noeuds_plan!$A$4:$A$200,0)),"")) | AC14: =IF(OR(AA14="",Y14=""),"",AA14-Y14) | AD14: =IF(OR(AB14="",Z14=""),"",AB14-Z14) | AE14: =IF(A14="","",IF(OR(V14>1,W14<Inputs!$B$11,W14>Inputs!$B$12,AC14<Inputs!$B$19,AD14<Inputs!$B$19,P14<Inputs!$B$7,P14>Inputs!$B$8),"CHECK","OK")) | AF14: Readable branch to outlet junction | AG14: =IF(A14="","",(1/Inputs!$B$9)*(PI()*(Inputs!$F$5/1000)^2/4)*((Inputs!$F$5/1000/4)^(2/3))*SQRT(P14)) | AH14: =IF(A14="","",(1/Inputs!$B$9)*(PI()*(Inputs!$F$6/1000)^2/4)*((Inputs!$F$6/1000/4)^(2/3))*SQRT(P14)) | AI14: =IF(A14="","",(1/Inputs!$B$9)*(PI()*(Inputs!$F$7/1000)^2/4)*((Inputs!$F$7/1000/4)^(2/3))*SQRT(P14)) | AJ14: =IF(A14="","",(1/Inputs!$B$9)*(PI()*(Inputs!$F$8/1000)^2/4)*((Inputs!$F$8/1000/4)^(2/3))*SQRT(P14)) | AK14: =IF(A14="","",(1/Inputs!$B$9)*(PI()*(Inputs!$F$9/1000)^2/4)*((Inputs!$F$9/1000/4)^(2/3))*SQRT(P14)) | AL14: =IF(A14="","",(1/Inputs!$B$9)*(PI()*(Inputs!$F$10/1000)^2/4)*((Inputs!$F$10/1000/4)^(2/3))*SQRT(P14)) | AM14: =IF(A14="","",(1/Inputs!$B$9)*(PI()*(Inputs!$F$11/1000)^2/4)*((Inputs!$F$11/1000/4)^(2/3))*SQRT(P14)) | AN14: =IF(A14="","",(1/Inputs!$B$9)*(PI()*(Inputs!$F$12/1000)^2/4)*((Inputs!$F$12/1000/4)^(2/3))*SQRT(P14)) | AO14: =IF(A14="","",(1/Inputs!$B$9)*(PI()*(Inputs!$F$13/1000)^2/4)*((Inputs!$F$13/1000/4)^(2/3))*SQRT(P14)) | AP14: =IF(A14="","",(1/Inputs!$B$9)*(PI()*(Inputs!$F$14/1000)^2/4)*((Inputs!$F$14/1000/4)^(2/3))*SQRT(P14))
A15: L12_JOUT_PUB | B15: J_OUT | C15: PUB | E15: 6.22 | G15: =SUMIFS(CB_plan!$C:$C,CB_plan!$B:$B,$A15) | H15: =IF(F15="",G15,F15) | K15: =IF(A15="","",Inputs!$B$13/((IF(J15="",Inputs!$B$18,J15)+Inputs!$B$14)^Inputs!$B$15)) | L15: =IF(A15="","",0.00278*IF(I15="",Inputs!$B$17,I15)*H15*K15) | M15: =IF(A15="","",SUMIFS($N$4:$N$203,$D$4:$D$203,$A15)) | N15: =IF(A15="","",(L15+M15)*Inputs!$B$16) | P15: =IF(A15="","",IF(O15="",Inputs!$B$7,O15)) | Q15: =IF(A15="","",IF(N15/Inputs!$B$10<=AG15,Inputs!$F$5,IF(N15/Inputs!$B$10>AP15,"OVERSIZE",INDEX(Inputs!$F$5:$F$14,MATCH(N15/Inputs!$B$10,AG15:AP15,1)+1)))) | S15: =IF(A15="","",IF(R15="",Q15,R15)) | T15: =IF(OR(S15="",S15="OVERSIZE"),"",S15/1000) | U15: =IF(T15="","",(1/Inputs!$B$9)*(PI()*T15^2/4)*((T15/4)^(2/3))*SQRT(P15)) | V15: =IF(OR(U15="",N15=""),"",N15/(U15*Inputs!$B$10)) | W15: =IF(OR(T15="",N15=""),"",4*N15/(PI()*T15^2)) | Y15: =IF(A15="","",IF(A15=Inputs!$B$6,Inputs!$B$22,IF(D15="","",IFERROR(INDEX($Z$4:$Z$203,MATCH(D15,$A$4:$A$203,0))+IF(X15="",Inputs!$B$20,X15),"")))) | Z15: =IF(OR(Y15="",P15="",E15=""),"",Y15+P15*E15) | AA15: =IF(C15="","",IFERROR(INDEX(Noeuds_plan!$C$4:$C$200,MATCH(C15,Noeuds_plan!$A$4:$A$200,0)),"")) | AB15: =IF(B15="","",IFERROR(INDEX(Noeuds_plan!$C$4:$C$200,MATCH(B15,Noeuds_plan!$A$4:$A$200,0)),"")) | AC15: =IF(OR(AA15="",Y15=""),"",AA15-Y15) | AD15: =IF(OR(AB15="",Z15=""),"",AB15-Z15) | AE15: =IF(A15="","",IF(OR(V15>1,W15<Inputs!$B$11,W15>Inputs!$B$12,AC15<Inputs!$B$19,AD15<Inputs!$B$19,P15<Inputs!$B$7,P15>Inputs!$B$8),"CHECK","OK")) | AF15: Readable final tie-in to public network | AG15: =IF(A15="","",(1/Inputs!$B$9)*(PI()*(Inputs!$F$5/1000)^2/4)*((Inputs!$F$5/1000/4)^(2/3))*SQRT(P15)) | AH15: =IF(A15="","",(1/Inputs!$B$9)*(PI()*(Inputs!$F$6/1000)^2/4)*((Inputs!$F$6/1000/4)^(2/3))*SQRT(P15)) | AI15: =IF(A15="","",(1/Inputs!$B$9)*(PI()*(Inputs!$F$7/1000)^2/4)*((Inputs!$F$7/1000/4)^(2/3))*SQRT(P15)) | AJ15: =IF(A15="","",(1/Inputs!$B$9)*(PI()*(Inputs!$F$8/1000)^2/4)*((Inputs!$F$8/1000/4)^(2/3))*SQRT(P15)) | AK15: =IF(A15="","",(1/Inputs!$B$9)*(PI()*(Inputs!$F$9/1000)^2/4)*((Inputs!$F$9/1000/4)^(2/3))*SQRT(P15)) | AL15: =IF(A15="","",(1/Inputs!$B$9)*(PI()*(Inputs!$F$10/1000)^2/4)*((Inputs!$F$10/1000/4)^(2/3))*SQRT(P15)) | AM15: =IF(A15="","",(1/Inputs!$B$9)*(PI()*(Inputs!$F$11/1000)^2/4)*((Inputs!$F$11/1000/4)^(2/3))*SQRT(P15)) | AN15: =IF(A15="","",(1/Inputs!$B$9)*(PI()*(Inputs!$F$12/1000)^2/4)*((Inputs!$F$12/1000/4)^(2/3))*SQRT(P15)) | AO15: =IF(A15="","",(1/Inputs!$B$9)*(PI()*(Inputs!$F$13/1000)^2/4)*((Inputs!$F$13/1000/4)^(2/3))*SQRT(P15)) | AP15: =IF(A15="","",(1/Inputs!$B$9)*(PI()*(Inputs!$F$14/1000)^2/4)*((Inputs!$F$14/1000/4)^(2/3))*SQRT(P15))
A16: L13_P02_P05 | B16: P02 | C16: P05 | D16: L04_P05_P06 | G16: =SUMIFS(CB_plan!$C:$C,CB_plan!$B:$B,$A16) | H16: =IF(F16="",G16,F16) | K16: =IF(A16="","",Inputs!$B$13/((IF(J16="",Inputs!$B$18,J16)+Inputs!$B$14)^Inputs!$B$15)) | L16: =IF(A16="","",0.00278*IF(I16="",Inputs!$B$17,I16)*H16*K16) | M16: =IF(A16="","",SUMIFS($N$4:$N$203,$D$4:$D$203,$A16)) | N16: =IF(A16="","",(L16+M16)*Inputs!$B$16) | P16: =IF(A16="","",IF(O16="",Inputs!$B$7,O16)) | Q16: =IF(A16="","",IF(N16/Inputs!$B$10<=AG16,Inputs!$F$5,IF(N16/Inputs!$B$10>AP16,"OVERSIZE",INDEX(Inputs!$F$5:$F$14,MATCH(N16/Inputs!$B$10,AG16:AP16,1)+1)))) | S16: =IF(A16="","",IF(R16="",Q16,R16)) | T16: =IF(OR(S16="",S16="OVERSIZE"),"",S16/1000) | U16: =IF(T16="","",(1/Inputs!$B$9)*(PI()*T16^2/4)*((T16/4)^(2/3))*SQRT(P16)) | V16: =IF(OR(U16="",N16=""),"",N16/(U16*Inputs!$B$10)) | W16: =IF(OR(T16="",N16=""),"",4*N16/(PI()*T16^2)) | Y16: =IF(A16="","",IF(A16=Inputs!$B$6,Inputs!$B$22,IF(D16="","",IFERROR(INDEX($Z$4:$Z$203,MATCH(D16,$A$4:$A$203,0))+IF(X16="",Inputs!$B$20,X16),"")))) | Z16: =IF(OR(Y16="",P16="",E16=""),"",Y16+P16*E16) | AA16: =IF(C16="","",IFERROR(INDEX(Noeuds_plan!$C$4:$C$200,MATCH(C16,Noeuds_plan!$A$4:$A$200,0)),"")) | AB16: =IF(B16="","",IFERROR(INDEX(Noeuds_plan!$C$4:$C$200,MATCH(B16,Noeuds_plan!$A$4:$A$200,0)),"")) | AC16: =IF(OR(AA16="",Y16=""),"",AA16-Y16) | AD16: =IF(OR(AB16="",Z16=""),"",AB16-Z16) | AE16: =IF(A16="","",IF(OR(V16>1,W16<Inputs!$B$11,W16>Inputs!$B$12,AC16<Inputs!$B$19,AD16<Inputs!$B$19,P16<Inputs!$B$7,P16>Inputs!$B$8),"CHECK","OK")) | AF16: Optional center connector; verify on plan | AG16: =IF(A16="","",(1/Inputs!$B$9)*(PI()*(Inputs!$F$5/1000)^2/4)*((Inputs!$F$5/1000/4)^(2/3))*SQRT(P16)) | AH16: =IF(A16="","",(1/Inputs!$B$9)*(PI()*(Inputs!$F$6/1000)^2/4)*((Inputs!$F$6/1000/4)^(2/3))*SQRT(P16)) | AI16: =IF(A16="","",(1/Inputs!$B$9)*(PI()*(Inputs!$F$7/1000)^2/4)*((Inputs!$F$7/1000/4)^(2/3))*SQRT(P16)) | AJ16: =IF(A16="","",(1/Inputs!$B$9)*(PI()*(Inputs!$F$8/1000)^2/4)*((Inputs!$F$8/1000/4)^(2/3))*SQRT(P16)) | AK16: =IF(A16="","",(1/Inputs!$B$9)*(PI()*(Inputs!$F$9/1000)^2/4)*((Inputs!$F$9/1000/4)^(2/3))*SQRT(P16)) | AL16: =IF(A16="","",(1/Inputs!$B$9)*(PI()*(Inputs!$F$10/1000)^2/4)*((Inputs!$F$10/1000/4)^(2/3))*SQRT(P16)) | AM16: =IF(A16="","",(1/Inputs!$B$9)*(PI()*(Inputs!$F$11/1000)^2/4)*((Inputs!$F$11/1000/4)^(2/3))*SQRT(P16)) | AN16: =IF(A16="","",(1/Inputs!$B$9)*(PI()*(Inputs!$F$12/1000)^2/4)*((Inputs!$F$12/1000/4)^(2/3))*SQRT(P16)) | AO16: =IF(A16="","",(1/Inputs!$B$9)*(PI()*(Inputs!$F$13/1000)^2/4)*((Inputs!$F$13/1000/4)^(2/3))*SQRT(P16)) | AP16: =IF(A16="","",(1/Inputs!$B$9)*(PI()*(Inputs!$F$14/1000)^2/4)*((Inputs!$F$14/1000/4)^(2/3))*SQRT(P16))
A17: L14_P05_P08 | B17: P05 | C17: P08 | D17: L06_P08_P09 | G17: =SUMIFS(CB_plan!$C:$C,CB_plan!$B:$B,$A17) | H17: =IF(F17="",G17,F17) | K17: =IF(A17="","",Inputs!$B$13/((IF(J17="",Inputs!$B$18,J17)+Inputs!$B$14)^Inputs!$B$15)) | L17: =IF(A17="","",0.00278*IF(I17="",Inputs!$B$17,I17)*H17*K17) | M17: =IF(A17="","",SUMIFS($N$4:$N$203,$D$4:$D$203,$A17)) | N17: =IF(A17="","",(L17+M17)*Inputs!$B$16) | P17: =IF(A17="","",IF(O17="",Inputs!$B$7,O17)) | Q17: =IF(A17="","",IF(N17/Inputs!$B$10<=AG17,Inputs!$F$5,IF(N17/Inputs!$B$10>AP17,"OVERSIZE",INDEX(Inputs!$F$5:$F$14,MATCH(N17/Inputs!$B$10,AG17:AP17,1)+1)))) | S17: =IF(A17="","",IF(R17="",Q17,R17)) | T17: =IF(OR(S17="",S17="OVERSIZE"),"",S17/1000) | U17: =IF(T17="","",(1/Inputs!$B$9)*(PI()*T17^2/4)*((T17/4)^(2/3))*SQRT(P17)) | V17: =IF(OR(U17="",N17=""),"",N17/(U17*Inputs!$B$10)) | W17: =IF(OR(T17="",N17=""),"",4*N17/(PI()*T17^2)) | Y17: =IF(A17="","",IF(A17=Inputs!$B$6,Inputs!$B$22,IF(D17="","",IFERROR(INDEX($Z$4:$Z$203,MATCH(D17,$A$4:$A$203,0))+IF(X17="",Inputs!$B$20,X17),"")))) | Z17: =IF(OR(Y17="",P17="",E17=""),"",Y17+P17*E17) | AA17: =IF(C17="","",IFERROR(INDEX(Noeuds_plan!$C$4:$C$200,MATCH(C17,Noeuds_plan!$A$4:$A$200,0)),"")) | AB17: =IF(B17="","",IFERROR(INDEX(Noeuds_plan!$C$4:$C$200,MATCH(B17,Noeuds_plan!$A$4:$A$200,0)),"")) | AC17: =IF(OR(AA17="",Y17=""),"",AA17-Y17) | AD17: =IF(OR(AB17="",Z17=""),"",AB17-Z17) | AE17: =IF(A17="","",IF(OR(V17>1,W17<Inputs!$B$11,W17>Inputs!$B$12,AC17<Inputs!$B$19,AD17<Inputs!$B$19,P17<Inputs!$B$7,P17>Inputs!$B$8),"CHECK","OK")) | AF17: Optional center connector; verify on plan | AG17: =IF(A17="","",(1/Inputs!$B$9)*(PI()*(Inputs!$F$5/1000)^2/4)*((Inputs!$F$5/1000/4)^(2/3))*SQRT(P17)) | AH17: =IF(A17="","",(1/Inputs!$B$9)*(PI()*(Inputs!$F$6/1000)^2/4)*((Inputs!$F$6/1000/4)^(2/3))*SQRT(P17)) | AI17: =IF(A17="","",(1/Inputs!$B$9)*(PI()*(Inputs!$F$7/1000)^2/4)*((Inputs!$F$7/1000/4)^(2/3))*SQRT(P17)) | AJ17: =IF(A17="","",(1/Inputs!$B$9)*(PI()*(Inputs!$F$8/1000)^2/4)*((Inputs!$F$8/1000/4)^(2/3))*SQRT(P17)) | AK17: =IF(A17="","",(1/Inputs!$B$9)*(PI()*(Inputs!$F$9/1000)^2/4)*((Inputs!$F$9/1000/4)^(2/3))*SQRT(P17)) | AL17: =IF(A17="","",(1/Inputs!$B$9)*(PI()*(Inputs!$F$10/1000)^2/4)*((Inputs!$F$10/1000/4)^(2/3))*SQRT(P17)) | AM17: =IF(A17="","",(1/Inputs!$B$9)*(PI()*(Inputs!$F$11/1000)^2/4)*((Inputs!$F$11/1000/4)^(2/3))*SQRT(P17)) | AN17: =IF(A17="","",(1/Inputs!$B$9)*(PI()*(Inputs!$F$12/1000)^2/4)*((Inputs!$F$12/1000/4)^(2/3))*SQRT(P17)) | AO17: =IF(A17="","",(1/Inputs!$B$9)*(PI()*(Inputs!$F$13/1000)^2/4)*((Inputs!$F$13/1000/4)^(2/3))*SQRT(P17)) | AP17: =IF(A17="","",(1/Inputs!$B$9)*(PI()*(Inputs!$F$14/1000)^2/4)*((Inputs!$F$14/1000/4)^(2/3))*SQRT(P17))
G18: =SUMIFS(CB_plan!$C:$C,CB_plan!$B:$B,$A18) | H18: =IF(F18="",G18,F18) | K18: =IF(A18="","",Inputs!$B$13/((IF(J18="",Inputs!$B$18,J18)+Inputs!$B$14)^Inputs!$B$15)) | L18: =IF(A18="","",0.00278*IF(I18="",Inputs!$B$17,I18)*H18*K18) | M18: =IF(A18="","",SUMIFS($N$4:$N$203,$D$4:$D$203,$A18)) | N18: =IF(A18="","",(L18+M18)*Inputs!$B$16) | P18: =IF(A18="","",IF(O18="",Inputs!$B$7,O18)) | Q18: =IF(A18="","",IF(N18/Inputs!$B$10<=AG18,Inputs!$F$5,IF(N18/Inputs!$B$10>AP18,"OVERSIZE",INDEX(Inputs!$F$5:$F$14,MATCH(N18/Inputs!$B$10,AG18:AP18,1)+1)))) | S18: =IF(A18="","",IF(R18="",Q18,R18)) | T18: =IF(OR(S18="",S18="OVERSIZE"),"",S18/1000) | U18: =IF(T18="","",(1/Inputs!$B$9)*(PI()*T18^2/4)*((T18/4)^(2/3))*SQRT(P18)) | V18: =IF(OR(U18="",N18=""),"",N18/(U18*Inputs!$B$10)) | W18: =IF(OR(T18="",N18=""),"",4*N18/(PI()*T18^2)) | Y18: =IF(A18="","",IF(A18=Inputs!$B$6,Inputs!$B$22,IF(D18="","",IFERROR(INDEX($Z$4:$Z$203,MATCH(D18,$A$4:$A$203,0))+IF(X18="",Inputs!$B$20,X18),"")))) | Z18: =IF(OR(Y18="",P18="",E18=""),"",Y18+P18*E18) | AA18: =IF(C18="","",IFERROR(INDEX(Noeuds_plan!$C$4:$C$200,MATCH(C18,Noeuds_plan!$A$4:$A$200,0)),"")) | AB18: =IF(B18="","",IFERROR(INDEX(Noeuds_plan!$C$4:$C$200,MATCH(B18,Noeuds_plan!$A$4:$A$200,0)),"")) | AC18: =IF(OR(AA18="",Y18=""),"",AA18-Y18) | AD18: =IF(OR(AB18="",Z18=""),"",AB18-Z18) | AE18: =IF(A18="","",IF(OR(V18>1,W18<Inputs!$B$11,W18>Inputs!$B$12,AC18<Inputs!$B$19,AD18<Inputs!$B$19,P18<Inputs!$B$7,P18>Inputs!$B$8),"CHECK","OK")) | AG18: =IF(A18="","",(1/Inputs!$B$9)*(PI()*(Inputs!$F$5/1000)^2/4)*((Inputs!$F$5/1000/4)^(2/3))*SQRT(P18)) | AH18: =IF(A18="","",(1/Inputs!$B$9)*(PI()*(Inputs!$F$6/1000)^2/4)*((Inputs!$F$6/1000/4)^(2/3))*SQRT(P18)) | AI18: =IF(A18="","",(1/Inputs!$B$9)*(PI()*(Inputs!$F$7/1000)^2/4)*((Inputs!$F$7/1000/4)^(2/3))*SQRT(P18)) | AJ18: =IF(A18="","",(1/Inputs!$B$9)*(PI()*(Inputs!$F$8/1000)^2/4)*((Inputs!$F$8/1000/4)^(2/3))*SQRT(P18)) | AK18: =IF(A18="","",(1/Inputs!$B$9)*(PI()*(Inputs!$F$9/1000)^2/4)*((Inputs!$F$9/1000/4)^(2/3))*SQRT(P18)) | AL18: =IF(A18="","",(1/Inputs!$B$9)*(PI()*(Inputs!$F$10/1000)^2/4)*((Inputs!$F$10/1000/4)^(2/3))*SQRT(P18)) | AM18: =IF(A18="","",(1/Inputs!$B$9)*(PI()*(Inputs!$F$11/1000)^2/4)*((Inputs!$F$11/1000/4)^(2/3))*SQRT(P18)) | AN18: =IF(A18="","",(1/Inputs!$B$9)*(PI()*(Inputs!$F$12/1000)^2/4)*((Inputs!$F$12/1000/4)^(2/3))*SQRT(P18)) | AO18: =IF(A18="","",(1/Inputs!$B$9)*(PI()*(Inputs!$F$13/1000)^2/4)*((Inputs!$F$13/1000/4)^(2/3))*SQRT(P18)) | AP18: =IF(A18="","",(1/Inputs!$B$9)*(PI()*(Inputs!$F$14/1000)^2/4)*((Inputs!$F$14/1000/4)^(2/3))*SQRT(P18))
G19: =SUMIFS(CB_plan!$C:$C,CB_plan!$B:$B,$A19) | H19: =IF(F19="",G19,F19) | K19: =IF(A19="","",Inputs!$B$13/((IF(J19="",Inputs!$B$18,J19)+Inputs!$B$14)^Inputs!$B$15)) | L19: =IF(A19="","",0.00278*IF(I19="",Inputs!$B$17,I19)*H19*K19) | M19: =IF(A19="","",SUMIFS($N$4:$N$203,$D$4:$D$203,$A19)) | N19: =IF(A19="","",(L19+M19)*Inputs!$B$16) | P19: =IF(A19="","",IF(O19="",Inputs!$B$7,O19)) | Q19: =IF(A19="","",IF(N19/Inputs!$B$10<=AG19,Inputs!$F$5,IF(N19/Inputs!$B$10>AP19,"OVERSIZE",INDEX(Inputs!$F$5:$F$14,MATCH(N19/Inputs!$B$10,AG19:AP19,1)+1)))) | S19: =IF(A19="","",IF(R19="",Q19,R19)) | T19: =IF(OR(S19="",S19="OVERSIZE"),"",S19/1000) | U19: =IF(T19="","",(1/Inputs!$B$9)*(PI()*T19^2/4)*((T19/4)^(2/3))*SQRT(P19)) | V19: =IF(OR(U19="",N19=""),"",N19/(U19*Inputs!$B$10)) | W19: =IF(OR(T19="",N19=""),"",4*N19/(PI()*T19^2)) | Y19: =IF(A19="","",IF(A19=Inputs!$B$6,Inputs!$B$22,IF(D19="","",IFERROR(INDEX($Z$4:$Z$203,MATCH(D19,$A$4:$A$203,0))+IF(X19="",Inputs!$B$20,X19),"")))) | Z19: =IF(OR(Y19="",P19="",E19=""),"",Y19+P19*E19) | AA19: =IF(C19="","",IFERROR(INDEX(Noeuds_plan!$C$4:$C$200,MATCH(C19,Noeuds_plan!$A$4:$A$200,0)),"")) | AB19: =IF(B19="","",IFERROR(INDEX(Noeuds_plan!$C$4:$C$200,MATCH(B19,Noeuds_plan!$A$4:$A$200,0)),"")) | AC19: =IF(OR(AA19="",Y19=""),"",AA19-Y19) | AD19: =IF(OR(AB19="",Z19=""),"",AB19-Z19) | AE19: =IF(A19="","",IF(OR(V19>1,W19<Inputs!$B$11,W19>Inputs!$B$12,AC19<Inputs!$B$19,AD19<Inputs!$B$19,P19<Inputs!$B$7,P19>Inputs!$B$8),"CHECK","OK")) | AG19: =IF(A19="","",(1/Inputs!$B$9)*(PI()*(Inputs!$F$5/1000)^2/4)*((Inputs!$F$5/1000/4)^(2/3))*SQRT(P19)) | AH19: =IF(A19="","",(1/Inputs!$B$9)*(PI()*(Inputs!$F$6/1000)^2/4)*((Inputs!$F$6/1000/4)^(2/3))*SQRT(P19)) | AI19: =IF(A19="","",(1/Inputs!$B$9)*(PI()*(Inputs!$F$7/1000)^2/4)*((Inputs!$F$7/1000/4)^(2/3))*SQRT(P19)) | AJ19: =IF(A19="","",(1/Inputs!$B$9)*(PI()*(Inputs!$F$8/1000)^2/4)*((Inputs!$F$8/1000/4)^(2/3))*SQRT(P19)) | AK19: =IF(A19="","",(1/Inputs!$B$9)*(PI()*(Inputs!$F$9/1000)^2/4)*((Inputs!$F$9/1000/4)^(2/3))*SQRT(P19)) | AL19: =IF(A19="","",(1/Inputs!$B$9)*(PI()*(Inputs!$F$10/1000)^2/4)*((Inputs!$F$10/1000/4)^(2/3))*SQRT(P19)) | AM19: =IF(A19="","",(1/Inputs!$B$9)*(PI()*(Inputs!$F$11/1000)^2/4)*((Inputs!$F$11/1000/4)^(2/3))*SQRT(P19)) | AN19: =IF(A19="","",(1/Inputs!$B$9)*(PI()*(Inputs!$F$12/1000)^2/4)*((Inputs!$F$12/1000/4)^(2/3))*SQRT(P19)) | AO19: =IF(A19="","",(1/Inputs!$B$9)*(PI()*(Inputs!$F$13/1000)^2/4)*((Inputs!$F$13/1000/4)^(2/3))*SQRT(P19)) | AP19: =IF(A19="","",(1/Inputs!$B$9)*(PI()*(Inputs!$F$14/1000)^2/4)*((Inputs!$F$14/1000/4)^(2/3))*SQRT(P19))
G20: =SUMIFS(CB_plan!$C:$C,CB_plan!$B:$B,$A20) | H20: =IF(F20="",G20,F20) | K20: =IF(A20="","",Inputs!$B$13/((IF(J20="",Inputs!$B$18,J20)+Inputs!$B$14)^Inputs!$B$15)) | L20: =IF(A20="","",0.00278*IF(I20="",Inputs!$B$17,I20)*H20*K20) | M20: =IF(A20="","",SUMIFS($N$4:$N$203,$D$4:$D$203,$A20)) | N20: =IF(A20="","",(L20+M20)*Inputs!$B$16) | P20: =IF(A20="","",IF(O20="",Inputs!$B$7,O20)) | Q20: =IF(A20="","",IF(N20/Inputs!$B$10<=AG20,Inputs!$F$5,IF(N20/Inputs!$B$10>AP20,"OVERSIZE",INDEX(Inputs!$F$5:$F$14,MATCH(N20/Inputs!$B$10,AG20:AP20,1)+1)))) | S20: =IF(A20="","",IF(R20="",Q20,R20)) | T20: =IF(OR(S20="",S20="OVERSIZE"),"",S20/1000) | U20: =IF(T20="","",(1/Inputs!$B$9)*(PI()*T20^2/4)*((T20/4)^(2/3))*SQRT(P20)) | V20: =IF(OR(U20="",N20=""),"",N20/(U20*Inputs!$B$10)) | W20: =IF(OR(T20="",N20=""),"",4*N20/(PI()*T20^2)) | Y20: =IF(A20="","",IF(A20=Inputs!$B$6,Inputs!$B$22,IF(D20="","",IFERROR(INDEX($Z$4:$Z$203,MATCH(D20,$A$4:$A$203,0))+IF(X20="",Inputs!$B$20,X20),"")))) | Z20: =IF(OR(Y20="",P20="",E20=""),"",Y20+P20*E20) | AA20: =IF(C20="","",IFERROR(INDEX(Noeuds_plan!$C$4:$C$200,MATCH(C20,Noeuds_plan!$A$4:$A$200,0)),"")) | AB20: =IF(B20="","",IFERROR(INDEX(Noeuds_plan!$C$4:$C$200,MATCH(B20,Noeuds_plan!$A$4:$A$200,0)),"")) | AC20: =IF(OR(AA20="",Y20=""),"",AA20-Y20) | AD20: =IF(OR(AB20="",Z20=""),"",AB20-Z20) | AE20: =IF(A20="","",IF(OR(V20>1,W20<Inputs!$B$11,W20>Inputs!$B$12,AC20<Inputs!$B$19,AD20<Inputs!$B$19,P20<Inputs!$B$7,P20>Inputs!$B$8),"CHECK","OK")) | AG20: =IF(A20="","",(1/Inputs!$B$9)*(PI()*(Inputs!$F$5/1000)^2/4)*((Inputs!$F$5/1000/4)^(2/3))*SQRT(P20)) | AH20: =IF(A20="","",(1/Inputs!$B$9)*(PI()*(Inputs!$F$6/1000)^2/4)*((Inputs!$F$6/1000/4)^(2/3))*SQRT(P20)) | AI20: =IF(A20="","",(1/Inputs!$B$9)*(PI()*(Inputs!$F$7/1000)^2/4)*((Inputs!$F$7/1000/4)^(2/3))*SQRT(P20)) | AJ20: =IF(A20="","",(1/Inputs!$B$9)*(PI()*(Inputs!$F$8/1000)^2/4)*((Inputs!$F$8/1000/4)^(2/3))*SQRT(P20)) | AK20: =IF(A20="","",(1/Inputs!$B$9)*(PI()*(Inputs!$F$9/1000)^2/4)*((Inputs!$F$9/1000/4)^(2/3))*SQRT(P20)) | AL20: =IF(A20="","",(1/Inputs!$B$9)*(PI()*(Inputs!$F$10/1000)^2/4)*((Inputs!$F$10/1000/4)^(2/3))*SQRT(P20)) | AM20: =IF(A20="","",(1/Inputs!$B$9)*(PI()*(Inputs!$F$11/1000)^2/4)*((Inputs!$F$11/1000/4)^(2/3))*SQRT(P20)) | AN20: =IF(A20="","",(1/Inputs!$B$9)*(PI()*(Inputs!$F$12/1000)^2/4)*((Inputs!$F$12/1000/4)^(2/3))*SQRT(P20)) | AO20: =IF(A20="","",(1/Inputs!$B$9)*(PI()*(Inputs!$F$13/1000)^2/4)*((Inputs!$F$13/1000/4)^(2/3))*SQRT(P20)) | AP20: =IF(A20="","",(1/Inputs!$B$9)*(PI()*(Inputs!$F$14/1000)^2/4)*((Inputs!$F$14/1000/4)^(2/3))*SQRT(P20))
G21: =SUMIFS(CB_plan!$C:$C,CB_plan!$B:$B,$A21) | H21: =IF(F21="",G21,F21) | K21: =IF(A21="","",Inputs!$B$13/((IF(J21="",Inputs!$B$18,J21)+Inputs!$B$14)^Inputs!$B$15)) | L21: =IF(A21="","",0.00278*IF(I21="",Inputs!$B$17,I21)*H21*K21) | M21: =IF(A21="","",SUMIFS($N$4:$N$203,$D$4:$D$203,$A21)) | N21: =IF(A21="","",(L21+M21)*Inputs!$B$16) | P21: =IF(A21="","",IF(O21="",Inputs!$B$7,O21)) | Q21: =IF(A21="","",IF(N21/Inputs!$B$10<=AG21,Inputs!$F$5,IF(N21/Inputs!$B$10>AP21,"OVERSIZE",INDEX(Inputs!$F$5:$F$14,MATCH(N21/Inputs!$B$10,AG21:AP21,1)+1)))) | S21: =IF(A21="","",IF(R21="",Q21,R21)) | T21: =IF(OR(S21="",S21="OVERSIZE"),"",S21/1000) | U21: =IF(T21="","",(1/Inputs!$B$9)*(PI()*T21^2/4)*((T21/4)^(2/3))*SQRT(P21)) | V21: =IF(OR(U21="",N21=""),"",N21/(U21*Inputs!$B$10)) | W21: =IF(OR(T21="",N21=""),"",4*N21/(PI()*T21^2)) | Y21: =IF(A21="","",IF(A21=Inputs!$B$6,Inputs!$B$22,IF(D21="","",IFERROR(INDEX($Z$4:$Z$203,MATCH(D21,$A$4:$A$203,0))+IF(X21="",Inputs!$B$20,X21),"")))) | Z21: =IF(OR(Y21="",P21="",E21=""),"",Y21+P21*E21) | AA21: =IF(C21="","",IFERROR(INDEX(Noeuds_plan!$C$4:$C$200,MATCH(C21,Noeuds_plan!$A$4:$A$200,0)),"")) | AB21: =IF(B21="","",IFERROR(INDEX(Noeuds_plan!$C$4:$C$200,MATCH(B21,Noeuds_plan!$A$4:$A$200,0)),"")) | AC21: =IF(OR(AA21="",Y21=""),"",AA21-Y21) | AD21: =IF(OR(AB21="",Z21=""),"",AB21-Z21) | AE21: =IF(A21="","",IF(OR(V21>1,W21<Inputs!$B$11,W21>Inputs!$B$12,AC21<Inputs!$B$19,AD21<Inputs!$B$19,P21<Inputs!$B$7,P21>Inputs!$B$8),"CHECK","OK")) | AG21: =IF(A21="","",(1/Inputs!$B$9)*(PI()*(Inputs!$F$5/1000)^2/4)*((Inputs!$F$5/1000/4)^(2/3))*SQRT(P21)) | AH21: =IF(A21="","",(1/Inputs!$B$9)*(PI()*(Inputs!$F$6/1000)^2/4)*((Inputs!$F$6/1000/4)^(2/3))*SQRT(P21)) | AI21: =IF(A21="","",(1/Inputs!$B$9)*(PI()*(Inputs!$F$7/1000)^2/4)*((Inputs!$F$7/1000/4)^(2/3))*SQRT(P21)) | AJ21: =IF(A21="","",(1/Inputs!$B$9)*(PI()*(Inputs!$F$8/1000)^2/4)*((Inputs!$F$8/1000/4)^(2/3))*SQRT(P21)) | AK21: =IF(A21="","",(1/Inputs!$B$9)*(PI()*(Inputs!$F$9/1000)^2/4)*((Inputs!$F$9/1000/4)^(2/3))*SQRT(P21)) | AL21: =IF(A21="","",(1/Inputs!$B$9)*(PI()*(Inputs!$F$10/1000)^2/4)*((Inputs!$F$10/1000/4)^(2/3))*SQRT(P21)) | AM21: =IF(A21="","",(1/Inputs!$B$9)*(PI()*(Inputs!$F$11/1000)^2/4)*((Inputs!$F$11/1000/4)^(2/3))*SQRT(P21)) | AN21: =IF(A21="","",(1/Inputs!$B$9)*(PI()*(Inputs!$F$12/1000)^2/4)*((Inputs!$F$12/1000/4)^(2/3))*SQRT(P21)) | AO21: =IF(A21="","",(1/Inputs!$B$9)*(PI()*(Inputs!$F$13/1000)^2/4)*((Inputs!$F$13/1000/4)^(2/3))*SQRT(P21)) | AP21: =IF(A21="","",(1/Inputs!$B$9)*(PI()*(Inputs!$F$14/1000)^2/4)*((Inputs!$F$14/1000/4)^(2/3))*SQRT(P21))
G22: =SUMIFS(CB_plan!$C:$C,CB_plan!$B:$B,$A22) | H22: =IF(F22="",G22,F22) | K22: =IF(A22="","",Inputs!$B$13/((IF(J22="",Inputs!$B$18,J22)+Inputs!$B$14)^Inputs!$B$15)) | L22: =IF(A22="","",0.00278*IF(I22="",Inputs!$B$17,I22)*H22*K22) | M22: =IF(A22="","",SUMIFS($N$4:$N$203,$D$4:$D$203,$A22)) | N22: =IF(A22="","",(L22+M22)*Inputs!$B$16) | P22: =IF(A22="","",IF(O22="",Inputs!$B$7,O22)) | Q22: =IF(A22="","",IF(N22/Inputs!$B$10<=AG22,Inputs!$F$5,IF(N22/Inputs!$B$10>AP22,"OVERSIZE",INDEX(Inputs!$F$5:$F$14,MATCH(N22/Inputs!$B$10,AG22:AP22,1)+1)))) | S22: =IF(A22="","",IF(R22="",Q22,R22)) | T22: =IF(OR(S22="",S22="OVERSIZE"),"",S22/1000) | U22: =IF(T22="","",(1/Inputs!$B$9)*(PI()*T22^2/4)*((T22/4)^(2/3))*SQRT(P22)) | V22: =IF(OR(U22="",N22=""),"",N22/(U22*Inputs!$B$10)) | W22: =IF(OR(T22="",N22=""),"",4*N22/(PI()*T22^2)) | Y22: =IF(A22="","",IF(A22=Inputs!$B$6,Inputs!$B$22,IF(D22="","",IFERROR(INDEX($Z$4:$Z$203,MATCH(D22,$A$4:$A$203,0))+IF(X22="",Inputs!$B$20,X22),"")))) | Z22: =IF(OR(Y22="",P22="",E22=""),"",Y22+P22*E22) | AA22: =IF(C22="","",IFERROR(INDEX(Noeuds_plan!$C$4:$C$200,MATCH(C22,Noeuds_plan!$A$4:$A$200,0)),"")) | AB22: =IF(B22="","",IFERROR(INDEX(Noeuds_plan!$C$4:$C$200,MATCH(B22,Noeuds_plan!$A$4:$A$200,0)),"")) | AC22: =IF(OR(AA22="",Y22=""),"",AA22-Y22) | AD22: =IF(OR(AB22="",Z22=""),"",AB22-Z22) | AE22: =IF(A22="","",IF(OR(V22>1,W22<Inputs!$B$11,W22>Inputs!$B$12,AC22<Inputs!$B$19,AD22<Inputs!$B$19,P22<Inputs!$B$7,P22>Inputs!$B$8),"CHECK","OK")) | AG22: =IF(A22="","",(1/Inputs!$B$9)*(PI()*(Inputs!$F$5/1000)^2/4)*((Inputs!$F$5/1000/4)^(2/3))*SQRT(P22)) | AH22: =IF(A22="","",(1/Inputs!$B$9)*(PI()*(Inputs!$F$6/1000)^2/4)*((Inputs!$F$6/1000/4)^(2/3))*SQRT(P22)) | AI22: =IF(A22="","",(1/Inputs!$B$9)*(PI()*(Inputs!$F$7/1000)^2/4)*((Inputs!$F$7/1000/4)^(2/3))*SQRT(P22)) | AJ22: =IF(A22="","",(1/Inputs!$B$9)*(PI()*(Inputs!$F$8/1000)^2/4)*((Inputs!$F$8/1000/4)^(2/3))*SQRT(P22)) | AK22: =IF(A22="","",(1/Inputs!$B$9)*(PI()*(Inputs!$F$9/1000)^2/4)*((Inputs!$F$9/1000/4)^(2/3))*SQRT(P22)) | AL22: =IF(A22="","",(1/Inputs!$B$9)*(PI()*(Inputs!$F$10/1000)^2/4)*((Inputs!$F$10/1000/4)^(2/3))*SQRT(P22)) | AM22: =IF(A22="","",(1/Inputs!$B$9)*(PI()*(Inputs!$F$11/1000)^2/4)*((Inputs!$F$11/1000/4)^(2/3))*SQRT(P22)) | AN22: =IF(A22="","",(1/Inputs!$B$9)*(PI()*(Inputs!$F$12/1000)^2/4)*((Inputs!$F$12/1000/4)^(2/3))*SQRT(P22)) | AO22: =IF(A22="","",(1/Inputs!$B$9)*(PI()*(Inputs!$F$13/1000)^2/4)*((Inputs!$F$13/1000/4)^(2/3))*SQRT(P22)) | AP22: =IF(A22="","",(1/Inputs!$B$9)*(PI()*(Inputs!$F$14/1000)^2/4)*((Inputs!$F$14/1000/4)^(2/3))*SQRT(P22))
G23: =SUMIFS(CB_plan!$C:$C,CB_plan!$B:$B,$A23) | H23: =IF(F23="",G23,F23) | K23: =IF(A23="","",Inputs!$B$13/((IF(J23="",Inputs!$B$18,J23)+Inputs!$B$14)^Inputs!$B$15)) | L23: =IF(A23="","",0.00278*IF(I23="",Inputs!$B$17,I23)*H23*K23) | M23: =IF(A23="","",SUMIFS($N$4:$N$203,$D$4:$D$203,$A23)) | N23: =IF(A23="","",(L23+M23)*Inputs!$B$16) | P23: =IF(A23="","",IF(O23="",Inputs!$B$7,O23)) | Q23: =IF(A23="","",IF(N23/Inputs!$B$10<=AG23,Inputs!$F$5,IF(N23/Inputs!$B$10>AP23,"OVERSIZE",INDEX(Inputs!$F$5:$F$14,MATCH(N23/Inputs!$B$10,AG23:AP23,1)+1)))) | S23: =IF(A23="","",IF(R23="",Q23,R23)) | T23: =IF(OR(S23="",S23="OVERSIZE"),"",S23/1000) | U23: =IF(T23="","",(1/Inputs!$B$9)*(PI()*T23^2/4)*((T23/4)^(2/3))*SQRT(P23)) | V23: =IF(OR(U23="",N23=""),"",N23/(U23*Inputs!$B$10)) | W23: =IF(OR(T23="",N23=""),"",4*N23/(PI()*T23^2)) | Y23: =IF(A23="","",IF(A23=Inputs!$B$6,Inputs!$B$22,IF(D23="","",IFERROR(INDEX($Z$4:$Z$203,MATCH(D23,$A$4:$A$203,0))+IF(X23="",Inputs!$B$20,X23),"")))) | Z23: =IF(OR(Y23="",P23="",E23=""),"",Y23+P23*E23) | AA23: =IF(C23="","",IFERROR(INDEX(Noeuds_plan!$C$4:$C$200,MATCH(C23,Noeuds_plan!$A$4:$A$200,0)),"")) | AB23: =IF(B23="","",IFERROR(INDEX(Noeuds_plan!$C$4:$C$200,MATCH(B23,Noeuds_plan!$A$4:$A$200,0)),"")) | AC23: =IF(OR(AA23="",Y23=""),"",AA23-Y23) | AD23: =IF(OR(AB23="",Z23=""),"",AB23-Z23) | AE23: =IF(A23="","",IF(OR(V23>1,W23<Inputs!$B$11,W23>Inputs!$B$12,AC23<Inputs!$B$19,AD23<Inputs!$B$19,P23<Inputs!$B$7,P23>Inputs!$B$8),"CHECK","OK")) | AG23: =IF(A23="","",(1/Inputs!$B$9)*(PI()*(Inputs!$F$5/1000)^2/4)*((Inputs!$F$5/1000/4)^(2/3))*SQRT(P23)) | AH23: =IF(A23="","",(1/Inputs!$B$9)*(PI()*(Inputs!$F$6/1000)^2/4)*((Inputs!$F$6/1000/4)^(2/3))*SQRT(P23)) | AI23: =IF(A23="","",(1/Inputs!$B$9)*(PI()*(Inputs!$F$7/1000)^2/4)*((Inputs!$F$7/1000/4)^(2/3))*SQRT(P23)) | AJ23: =IF(A23="","",(1/Inputs!$B$9)*(PI()*(Inputs!$F$8/1000)^2/4)*((Inputs!$F$8/1000/4)^(2/3))*SQRT(P23)) | AK23: =IF(A23="","",(1/Inputs!$B$9)*(PI()*(Inputs!$F$9/1000)^2/4)*((Inputs!$F$9/1000/4)^(2/3))*SQRT(P23)) | AL23: =IF(A23="","",(1/Inputs!$B$9)*(PI()*(Inputs!$F$10/1000)^2/4)*((Inputs!$F$10/1000/4)^(2/3))*SQRT(P23)) | AM23: =IF(A23="","",(1/Inputs!$B$9)*(PI()*(Inputs!$F$11/1000)^2/4)*((Inputs!$F$11/1000/4)^(2/3))*SQRT(P23)) | AN23: =IF(A23="","",(1/Inputs!$B$9)*(PI()*(Inputs!$F$12/1000)^2/4)*((Inputs!$F$12/1000/4)^(2/3))*SQRT(P23)) | AO23: =IF(A23="","",(1/Inputs!$B$9)*(PI()*(Inputs!$F$13/1000)^2/4)*((Inputs!$F$13/1000/4)^(2/3))*SQRT(P23)) | AP23: =IF(A23="","",(1/Inputs!$B$9)*(PI()*(Inputs!$F$14/1000)^2/4)*((Inputs!$F$14/1000/4)^(2/3))*SQRT(P23))
G24: =SUMIFS(CB_plan!$C:$C,CB_plan!$B:$B,$A24) | H24: =IF(F24="",G24,F24) | K24: =IF(A24="","",Inputs!$B$13/((IF(J24="",Inputs!$B$18,J24)+Inputs!$B$14)^Inputs!$B$15)) | L24: =IF(A24="","",0.00278*IF(I24="",Inputs!$B$17,I24)*H24*K24) | M24: =IF(A24="","",SUMIFS($N$4:$N$203,$D$4:$D$203,$A24)) | N24: =IF(A24="","",(L24+M24)*Inputs!$B$16) | P24: =IF(A24="","",IF(O24="",Inputs!$B$7,O24)) | Q24: =IF(A24="","",IF(N24/Inputs!$B$10<=AG24,Inputs!$F$5,IF(N24/Inputs!$B$10>AP24,"OVERSIZE",INDEX(Inputs!$F$5:$F$14,MATCH(N24/Inputs!$B$10,AG24:AP24,1)+1)))) | S24: =IF(A24="","",IF(R24="",Q24,R24)) | T24: =IF(OR(S24="",S24="OVERSIZE"),"",S24/1000) | U24: =IF(T24="","",(1/Inputs!$B$9)*(PI()*T24^2/4)*((T24/4)^(2/3))*SQRT(P24)) | V24: =IF(OR(U24="",N24=""),"",N24/(U24*Inputs!$B$10)) | W24: =IF(OR(T24="",N24=""),"",4*N24/(PI()*T24^2)) | Y24: =IF(A24="","",IF(A24=Inputs!$B$6,Inputs!$B$22,IF(D24="","",IFERROR(INDEX($Z$4:$Z$203,MATCH(D24,$A$4:$A$203,0))+IF(X24="",Inputs!$B$20,X24),"")))) | Z24: =IF(OR(Y24="",P24="",E24=""),"",Y24+P24*E24) | AA24: =IF(C24="","",IFERROR(INDEX(Noeuds_plan!$C$4:$C$200,MATCH(C24,Noeuds_plan!$A$4:$A$200,0)),"")) | AB24: =IF(B24="","",IFERROR(INDEX(Noeuds_plan!$C$4:$C$200,MATCH(B24,Noeuds_plan!$A$4:$A$200,0)),"")) | AC24: =IF(OR(AA24="",Y24=""),"",AA24-Y24) | AD24: =IF(OR(AB24="",Z24=""),"",AB24-Z24) | AE24: =IF(A24="","",IF(OR(V24>1,W24<Inputs!$B$11,W24>Inputs!$B$12,AC24<Inputs!$B$19,AD24<Inputs!$B$19,P24<Inputs!$B$7,P24>Inputs!$B$8),"CHECK","OK")) | AG24: =IF(A24="","",(1/Inputs!$B$9)*(PI()*(Inputs!$F$5/1000)^2/4)*((Inputs!$F$5/1000/4)^(2/3))*SQRT(P24)) | AH24: =IF(A24="","",(1/Inputs!$B$9)*(PI()*(Inputs!$F$6/1000)^2/4)*((Inputs!$F$6/1000/4)^(2/3))*SQRT(P24)) | AI24: =IF(A24="","",(1/Inputs!$B$9)*(PI()*(Inputs!$F$7/1000)^2/4)*((Inputs!$F$7/1000/4)^(2/3))*SQRT(P24)) | AJ24: =IF(A24="","",(1/Inputs!$B$9)*(PI()*(Inputs!$F$8/1000)^2/4)*((Inputs!$F$8/1000/4)^(2/3))*SQRT(P24)) | AK24: =IF(A24="","",(1/Inputs!$B$9)*(PI()*(Inputs!$F$9/1000)^2/4)*((Inputs!$F$9/1000/4)^(2/3))*SQRT(P24)) | AL24: =IF(A24="","",(1/Inputs!$B$9)*(PI()*(Inputs!$F$10/1000)^2/4)*((Inputs!$F$10/1000/4)^(2/3))*SQRT(P24)) | AM24: =IF(A24="","",(1/Inputs!$B$9)*(PI()*(Inputs!$F$11/1000)^2/4)*((Inputs!$F$11/1000/4)^(2/3))*SQRT(P24)) | AN24: =IF(A24="","",(1/Inputs!$B$9)*(PI()*(Inputs!$F$12/1000)^2/4)*((Inputs!$F$12/1000/4)^(2/3))*SQRT(P24)) | AO24: =IF(A24="","",(1/Inputs!$B$9)*(PI()*(Inputs!$F$13/1000)^2/4)*((Inputs!$F$13/1000/4)^(2/3))*SQRT(P24)) | AP24: =IF(A24="","",(1/Inputs!$B$9)*(PI()*(Inputs!$F$14/1000)^2/4)*((Inputs!$F$14/1000/4)^(2/3))*SQRT(P24))
G25: =SUMIFS(CB_plan!$C:$C,CB_plan!$B:$B,$A25) | H25: =IF(F25="",G25,F25) | K25: =IF(A25="","",Inputs!$B$13/((IF(J25="",Inputs!$B$18,J25)+Inputs!$B$14)^Inputs!$B$15)) | L25: =IF(A25="","",0.00278*IF(I25="",Inputs!$B$17,I25)*H25*K25) | M25: =IF(A25="","",SUMIFS($N$4:$N$203,$D$4:$D$203,$A25)) | N25: =IF(A25="","",(L25+M25)*Inputs!$B$16) | P25: =IF(A25="","",IF(O25="",Inputs!$B$7,O25)) | Q25: =IF(A25="","",IF(N25/Inputs!$B$10<=AG25,Inputs!$F$5,IF(N25/Inputs!$B$10>AP25,"OVERSIZE",INDEX(Inputs!$F$5:$F$14,MATCH(N25/Inputs!$B$10,AG25:AP25,1)+1)))) | S25: =IF(A25="","",IF(R25="",Q25,R25)) | T25: =IF(OR(S25="",S25="OVERSIZE"),"",S25/1000) | U25: =IF(T25="","",(1/Inputs!$B$9)*(PI()*T25^2/4)*((T25/4)^(2/3))*SQRT(P25)) | V25: =IF(OR(U25="",N25=""),"",N25/(U25*Inputs!$B$10)) | W25: =IF(OR(T25="",N25=""),"",4*N25/(PI()*T25^2)) | Y25: =IF(A25="","",IF(A25=Inputs!$B$6,Inputs!$B$22,IF(D25="","",IFERROR(INDEX($Z$4:$Z$203,MATCH(D25,$A$4:$A$203,0))+IF(X25="",Inputs!$B$20,X25),"")))) | Z25: =IF(OR(Y25="",P25="",E25=""),"",Y25+P25*E25) | AA25: =IF(C25="","",IFERROR(INDEX(Noeuds_plan!$C$4:$C$200,MATCH(C25,Noeuds_plan!$A$4:$A$200,0)),"")) | AB25: =IF(B25="","",IFERROR(INDEX(Noeuds_plan!$C$4:$C$200,MATCH(B25,Noeuds_plan!$A$4:$A$200,0)),"")) | AC25: =IF(OR(AA25="",Y25=""),"",AA25-Y25) | AD25: =IF(OR(AB25="",Z25=""),"",AB25-Z25) | AE25: =IF(A25="","",IF(OR(V25>1,W25<Inputs!$B$11,W25>Inputs!$B$12,AC25<Inputs!$B$19,AD25<Inputs!$B$19,P25<Inputs!$B$7,P25>Inputs!$B$8),"CHECK","OK")) | AG25: =IF(A25="","",(1/Inputs!$B$9)*(PI()*(Inputs!$F$5/1000)^2/4)*((Inputs!$F$5/1000/4)^(2/3))*SQRT(P25)) | AH25: =IF(A25="","",(1/Inputs!$B$9)*(PI()*(Inputs!$F$6/1000)^2/4)*((Inputs!$F$6/1000/4)^(2/3))*SQRT(P25)) | AI25: =IF(A25="","",(1/Inputs!$B$9)*(PI()*(Inputs!$F$7/1000)^2/4)*((Inputs!$F$7/1000/4)^(2/3))*SQRT(P25)) | AJ25: =IF(A25="","",(1/Inputs!$B$9)*(PI()*(Inputs!$F$8/1000)^2/4)*((Inputs!$F$8/1000/4)^(2/3))*SQRT(P25)) | AK25: =IF(A25="","",(1/Inputs!$B$9)*(PI()*(Inputs!$F$9/1000)^2/4)*((Inputs!$F$9/1000/4)^(2/3))*SQRT(P25)) | AL25: =IF(A25="","",(1/Inputs!$B$9)*(PI()*(Inputs!$F$10/1000)^2/4)*((Inputs!$F$10/1000/4)^(2/3))*SQRT(P25)) | AM25: =IF(A25="","",(1/Inputs!$B$9)*(PI()*(Inputs!$F$11/1000)^2/4)*((Inputs!$F$11/1000/4)^(2/3))*SQRT(P25)) | AN25: =IF(A25="","",(1/Inputs!$B$9)*(PI()*(Inputs!$F$12/1000)^2/4)*((Inputs!$F$12/1000/4)^(2/3))*SQRT(P25)) | AO25: =IF(A25="","",(1/Inputs!$B$9)*(PI()*(Inputs!$F$13/1000)^2/4)*((Inputs!$F$13/1000/4)^(2/3))*SQRT(P25)) | AP25: =IF(A25="","",(1/Inputs!$B$9)*(PI()*(Inputs!$F$14/1000)^2/4)*((Inputs!$F$14/1000/4)^(2/3))*SQRT(P25))
G26: =SUMIFS(CB_plan!$C:$C,CB_plan!$B:$B,$A26) | H26: =IF(F26="",G26,F26) | K26: =IF(A26="","",Inputs!$B$13/((IF(J26="",Inputs!$B$18,J26)+Inputs!$B$14)^Inputs!$B$15)) | L26: =IF(A26="","",0.00278*IF(I26="",Inputs!$B$17,I26)*H26*K26) | M26: =IF(A26="","",SUMIFS($N$4:$N$203,$D$4:$D$203,$A26)) | N26: =IF(A26="","",(L26+M26)*Inputs!$B$16) | P26: =IF(A26="","",IF(O26="",Inputs!$B$7,O26)) | Q26: =IF(A26="","",IF(N26/Inputs!$B$10<=AG26,Inputs!$F$5,IF(N26/Inputs!$B$10>AP26,"OVERSIZE",INDEX(Inputs!$F$5:$F$14,MATCH(N26/Inputs!$B$10,AG26:AP26,1)+1)))) | S26: =IF(A26="","",IF(R26="",Q26,R26)) | T26: =IF(OR(S26="",S26="OVERSIZE"),"",S26/1000) | U26: =IF(T26="","",(1/Inputs!$B$9)*(PI()*T26^2/4)*((T26/4)^(2/3))*SQRT(P26)) | V26: =IF(OR(U26="",N26=""),"",N26/(U26*Inputs!$B$10)) | W26: =IF(OR(T26="",N26=""),"",4*N26/(PI()*T26^2)) | Y26: =IF(A26="","",IF(A26=Inputs!$B$6,Inputs!$B$22,IF(D26="","",IFERROR(INDEX($Z$4:$Z$203,MATCH(D26,$A$4:$A$203,0))+IF(X26="",Inputs!$B$20,X26),"")))) | Z26: =IF(OR(Y26="",P26="",E26=""),"",Y26+P26*E26) | AA26: =IF(C26="","",IFERROR(INDEX(Noeuds_plan!$C$4:$C$200,MATCH(C26,Noeuds_plan!$A$4:$A$200,0)),"")) | AB26: =IF(B26="","",IFERROR(INDEX(Noeuds_plan!$C$4:$C$200,MATCH(B26,Noeuds_plan!$A$4:$A$200,0)),"")) | AC26: =IF(OR(AA26="",Y26=""),"",AA26-Y26) | AD26: =IF(OR(AB26="",Z26=""),"",AB26-Z26) | AE26: =IF(A26="","",IF(OR(V26>1,W26<Inputs!$B$11,W26>Inputs!$B$12,AC26<Inputs!$B$19,AD26<Inputs!$B$19,P26<Inputs!$B$7,P26>Inputs!$B$8),"CHECK","OK")) | AG26: =IF(A26="","",(1/Inputs!$B$9)*(PI()*(Inputs!$F$5/1000)^2/4)*((Inputs!$F$5/1000/4)^(2/3))*SQRT(P26)) | AH26: =IF(A26="","",(1/Inputs!$B$9)*(PI()*(Inputs!$F$6/1000)^2/4)*((Inputs!$F$6/1000/4)^(2/3))*SQRT(P26)) | AI26: =IF(A26="","",(1/Inputs!$B$9)*(PI()*(Inputs!$F$7/1000)^2/4)*((Inputs!$F$7/1000/4)^(2/3))*SQRT(P26)) | AJ26: =IF(A26="","",(1/Inputs!$B$9)*(PI()*(Inputs!$F$8/1000)^2/4)*((Inputs!$F$8/1000/4)^(2/3))*SQRT(P26)) | AK26: =IF(A26="","",(1/Inputs!$B$9)*(PI()*(Inputs!$F$9/1000)^2/4)*((Inputs!$F$9/1000/4)^(2/3))*SQRT(P26)) | AL26: =IF(A26="","",(1/Inputs!$B$9)*(PI()*(Inputs!$F$10/1000)^2/4)*((Inputs!$F$10/1000/4)^(2/3))*SQRT(P26)) | AM26: =IF(A26="","",(1/Inputs!$B$9)*(PI()*(Inputs!$F$11/1000)^2/4)*((Inputs!$F$11/1000/4)^(2/3))*SQRT(P26)) | AN26: =IF(A26="","",(1/Inputs!$B$9)*(PI()*(Inputs!$F$12/1000)^2/4)*((Inputs!$F$12/1000/4)^(2/3))*SQRT(P26)) | AO26: =IF(A26="","",(1/Inputs!$B$9)*(PI()*(Inputs!$F$13/1000)^2/4)*((Inputs!$F$13/1000/4)^(2/3))*SQRT(P26)) | AP26: =IF(A26="","",(1/Inputs!$B$9)*(PI()*(Inputs!$F$14/1000)^2/4)*((Inputs!$F$14/1000/4)^(2/3))*SQRT(P26))
G27: =SUMIFS(CB_plan!$C:$C,CB_plan!$B:$B,$A27) | H27: =IF(F27="",G27,F27) | K27: =IF(A27="","",Inputs!$B$13/((IF(J27="",Inputs!$B$18,J27)+Inputs!$B$14)^Inputs!$B$15)) | L27: =IF(A27="","",0.00278*IF(I27="",Inputs!$B$17,I27)*H27*K27) | M27: =IF(A27="","",SUMIFS($N$4:$N$203,$D$4:$D$203,$A27)) | N27: =IF(A27="","",(L27+M27)*Inputs!$B$16) | P27: =IF(A27="","",IF(O27="",Inputs!$B$7,O27)) | Q27: =IF(A27="","",IF(N27/Inputs!$B$10<=AG27,Inputs!$F$5,IF(N27/Inputs!$B$10>AP27,"OVERSIZE",INDEX(Inputs!$F$5:$F$14,MATCH(N27/Inputs!$B$10,AG27:AP27,1)+1)))) | S27: =IF(A27="","",IF(R27="",Q27,R27)) | T27: =IF(OR(S27="",S27="OVERSIZE"),"",S27/1000) | U27: =IF(T27="","",(1/Inputs!$B$9)*(PI()*T27^2/4)*((T27/4)^(2/3))*SQRT(P27)) | V27: =IF(OR(U27="",N27=""),"",N27/(U27*Inputs!$B$10)) | W27: =IF(OR(T27="",N27=""),"",4*N27/(PI()*T27^2)) | Y27: =IF(A27="","",IF(A27=Inputs!$B$6,Inputs!$B$22,IF(D27="","",IFERROR(INDEX($Z$4:$Z$203,MATCH(D27,$A$4:$A$203,0))+IF(X27="",Inputs!$B$20,X27),"")))) | Z27: =IF(OR(Y27="",P27="",E27=""),"",Y27+P27*E27) | AA27: =IF(C27="","",IFERROR(INDEX(Noeuds_plan!$C$4:$C$200,MATCH(C27,Noeuds_plan!$A$4:$A$200,0)),"")) | AB27: =IF(B27="","",IFERROR(INDEX(Noeuds_plan!$C$4:$C$200,MATCH(B27,Noeuds_plan!$A$4:$A$200,0)),"")) | AC27: =IF(OR(AA27="",Y27=""),"",AA27-Y27) | AD27: =IF(OR(AB27="",Z27=""),"",AB27-Z27) | AE27: =IF(A27="","",IF(OR(V27>1,W27<Inputs!$B$11,W27>Inputs!$B$12,AC27<Inputs!$B$19,AD27<Inputs!$B$19,P27<Inputs!$B$7,P27>Inputs!$B$8),"CHECK","OK")) | AG27: =IF(A27="","",(1/Inputs!$B$9)*(PI()*(Inputs!$F$5/1000)^2/4)*((Inputs!$F$5/1000/4)^(2/3))*SQRT(P27)) | AH27: =IF(A27="","",(1/Inputs!$B$9)*(PI()*(Inputs!$F$6/1000)^2/4)*((Inputs!$F$6/1000/4)^(2/3))*SQRT(P27)) | AI27: =IF(A27="","",(1/Inputs!$B$9)*(PI()*(Inputs!$F$7/1000)^2/4)*((Inputs!$F$7/1000/4)^(2/3))*SQRT(P27)) | AJ27: =IF(A27="","",(1/Inputs!$B$9)*(PI()*(Inputs!$F$8/1000)^2/4)*((Inputs!$F$8/1000/4)^(2/3))*SQRT(P27)) | AK27: =IF(A27="","",(1/Inputs!$B$9)*(PI()*(Inputs!$F$9/1000)^2/4)*((Inputs!$F$9/1000/4)^(2/3))*SQRT(P27)) | AL27: =IF(A27="","",(1/Inputs!$B$9)*(PI()*(Inputs!$F$10/1000)^2/4)*((Inputs!$F$10/1000/4)^(2/3))*SQRT(P27)) | AM27: =IF(A27="","",(1/Inputs!$B$9)*(PI()*(Inputs!$F$11/1000)^2/4)*((Inputs!$F$11/1000/4)^(2/3))*SQRT(P27)) | AN27: =IF(A27="","",(1/Inputs!$B$9)*(PI()*(Inputs!$F$12/1000)^2/4)*((Inputs!$F$12/1000/4)^(2/3))*SQRT(P27)) | AO27: =IF(A27="","",(1/Inputs!$B$9)*(PI()*(Inputs!$F$13/1000)^2/4)*((Inputs!$F$13/1000/4)^(2/3))*SQRT(P27)) | AP27: =IF(A27="","",(1/Inputs!$B$9)*(PI()*(Inputs!$F$14/1000)^2/4)*((Inputs!$F$14/1000/4)^(2/3))*SQRT(P27))
G28: =SUMIFS(CB_plan!$C:$C,CB_plan!$B:$B,$A28) | H28: =IF(F28="",G28,F28) | K28: =IF(A28="","",Inputs!$B$13/((IF(J28="",Inputs!$B$18,J28)+Inputs!$B$14)^Inputs!$B$15)) | L28: =IF(A28="","",0.00278*IF(I28="",Inputs!$B$17,I28)*H28*K28) | M28: =IF(A28="","",SUMIFS($N$4:$N$203,$D$4:$D$203,$A28)) | N28: =IF(A28="","",(L28+M28)*Inputs!$B$16) | P28: =IF(A28="","",IF(O28="",Inputs!$B$7,O28)) | Q28: =IF(A28="","",IF(N28/Inputs!$B$10<=AG28,Inputs!$F$5,IF(N28/Inputs!$B$10>AP28,"OVERSIZE",INDEX(Inputs!$F$5:$F$14,MATCH(N28/Inputs!$B$10,AG28:AP28,1)+1)))) | S28: =IF(A28="","",IF(R28="",Q28,R28)) | T28: =IF(OR(S28="",S28="OVERSIZE"),"",S28/1000) | U28: =IF(T28="","",(1/Inputs!$B$9)*(PI()*T28^2/4)*((T28/4)^(2/3))*SQRT(P28)) | V28: =IF(OR(U28="",N28=""),"",N28/(U28*Inputs!$B$10)) | W28: =IF(OR(T28="",N28=""),"",4*N28/(PI()*T28^2)) | Y28: =IF(A28="","",IF(A28=Inputs!$B$6,Inputs!$B$22,IF(D28="","",IFERROR(INDEX($Z$4:$Z$203,MATCH(D28,$A$4:$A$203,0))+IF(X28="",Inputs!$B$20,X28),"")))) | Z28: =IF(OR(Y28="",P28="",E28=""),"",Y28+P28*E28) | AA28: =IF(C28="","",IFERROR(INDEX(Noeuds_plan!$C$4:$C$200,MATCH(C28,Noeuds_plan!$A$4:$A$200,0)),"")) | AB28: =IF(B28="","",IFERROR(INDEX(Noeuds_plan!$C$4:$C$200,MATCH(B28,Noeuds_plan!$A$4:$A$200,0)),"")) | AC28: =IF(OR(AA28="",Y28=""),"",AA28-Y28) | AD28: =IF(OR(AB28="",Z28=""),"",AB28-Z28) | AE28: =IF(A28="","",IF(OR(V28>1,W28<Inputs!$B$11,W28>Inputs!$B$12,AC28<Inputs!$B$19,AD28<Inputs!$B$19,P28<Inputs!$B$7,P28>Inputs!$B$8),"CHECK","OK")) | AG28: =IF(A28="","",(1/Inputs!$B$9)*(PI()*(Inputs!$F$5/1000)^2/4)*((Inputs!$F$5/1000/4)^(2/3))*SQRT(P28)) | AH28: =IF(A28="","",(1/Inputs!$B$9)*(PI()*(Inputs!$F$6/1000)^2/4)*((Inputs!$F$6/1000/4)^(2/3))*SQRT(P28)) | AI28: =IF(A28="","",(1/Inputs!$B$9)*(PI()*(Inputs!$F$7/1000)^2/4)*((Inputs!$F$7/1000/4)^(2/3))*SQRT(P28)) | AJ28: =IF(A28="","",(1/Inputs!$B$9)*(PI()*(Inputs!$F$8/1000)^2/4)*((Inputs!$F$8/1000/4)^(2/3))*SQRT(P28)) | AK28: =IF(A28="","",(1/Inputs!$B$9)*(PI()*(Inputs!$F$9/1000)^2/4)*((Inputs!$F$9/1000/4)^(2/3))*SQRT(P28)) | AL28: =IF(A28="","",(1/Inputs!$B$9)*(PI()*(Inputs!$F$10/1000)^2/4)*((Inputs!$F$10/1000/4)^(2/3))*SQRT(P28)) | AM28: =IF(A28="","",(1/Inputs!$B$9)*(PI()*(Inputs!$F$11/1000)^2/4)*((Inputs!$F$11/1000/4)^(2/3))*SQRT(P28)) | AN28: =IF(A28="","",(1/Inputs!$B$9)*(PI()*(Inputs!$F$12/1000)^2/4)*((Inputs!$F$12/1000/4)^(2/3))*SQRT(P28)) | AO28: =IF(A28="","",(1/Inputs!$B$9)*(PI()*(Inputs!$F$13/1000)^2/4)*((Inputs!$F$13/1000/4)^(2/3))*SQRT(P28)) | AP28: =IF(A28="","",(1/Inputs!$B$9)*(PI()*(Inputs!$F$14/1000)^2/4)*((Inputs!$F$14/1000/4)^(2/3))*SQRT(P28))
G29: =SUMIFS(CB_plan!$C:$C,CB_plan!$B:$B,$A29) | H29: =IF(F29="",G29,F29) | K29: =IF(A29="","",Inputs!$B$13/((IF(J29="",Inputs!$B$18,J29)+Inputs!$B$14)^Inputs!$B$15)) | L29: =IF(A29="","",0.00278*IF(I29="",Inputs!$B$17,I29)*H29*K29) | M29: =IF(A29="","",SUMIFS($N$4:$N$203,$D$4:$D$203,$A29)) | N29: =IF(A29="","",(L29+M29)*Inputs!$B$16) | P29: =IF(A29="","",IF(O29="",Inputs!$B$7,O29)) | Q29: =IF(A29="","",IF(N29/Inputs!$B$10<=AG29,Inputs!$F$5,IF(N29/Inputs!$B$10>AP29,"OVERSIZE",INDEX(Inputs!$F$5:$F$14,MATCH(N29/Inputs!$B$10,AG29:AP29,1)+1)))) | S29: =IF(A29="","",IF(R29="",Q29,R29)) | T29: =IF(OR(S29="",S29="OVERSIZE"),"",S29/1000) | U29: =IF(T29="","",(1/Inputs!$B$9)*(PI()*T29^2/4)*((T29/4)^(2/3))*SQRT(P29)) | V29: =IF(OR(U29="",N29=""),"",N29/(U29*Inputs!$B$10)) | W29: =IF(OR(T29="",N29=""),"",4*N29/(PI()*T29^2)) | Y29: =IF(A29="","",IF(A29=Inputs!$B$6,Inputs!$B$22,IF(D29="","",IFERROR(INDEX($Z$4:$Z$203,MATCH(D29,$A$4:$A$203,0))+IF(X29="",Inputs!$B$20,X29),"")))) | Z29: =IF(OR(Y29="",P29="",E29=""),"",Y29+P29*E29) | AA29: =IF(C29="","",IFERROR(INDEX(Noeuds_plan!$C$4:$C$200,MATCH(C29,Noeuds_plan!$A$4:$A$200,0)),"")) | AB29: =IF(B29="","",IFERROR(INDEX(Noeuds_plan!$C$4:$C$200,MATCH(B29,Noeuds_plan!$A$4:$A$200,0)),"")) | AC29: =IF(OR(AA29="",Y29=""),"",AA29-Y29) | AD29: =IF(OR(AB29="",Z29=""),"",AB29-Z29) | AE29: =IF(A29="","",IF(OR(V29>1,W29<Inputs!$B$11,W29>Inputs!$B$12,AC29<Inputs!$B$19,AD29<Inputs!$B$19,P29<Inputs!$B$7,P29>Inputs!$B$8),"CHECK","OK")) | AG29: =IF(A29="","",(1/Inputs!$B$9)*(PI()*(Inputs!$F$5/1000)^2/4)*((Inputs!$F$5/1000/4)^(2/3))*SQRT(P29)) | AH29: =IF(A29="","",(1/Inputs!$B$9)*(PI()*(Inputs!$F$6/1000)^2/4)*((Inputs!$F$6/1000/4)^(2/3))*SQRT(P29)) | AI29: =IF(A29="","",(1/Inputs!$B$9)*(PI()*(Inputs!$F$7/1000)^2/4)*((Inputs!$F$7/1000/4)^(2/3))*SQRT(P29)) | AJ29: =IF(A29="","",(1/Inputs!$B$9)*(PI()*(Inputs!$F$8/1000)^2/4)*((Inputs!$F$8/1000/4)^(2/3))*SQRT(P29)) | AK29: =IF(A29="","",(1/Inputs!$B$9)*(PI()*(Inputs!$F$9/1000)^2/4)*((Inputs!$F$9/1000/4)^(2/3))*SQRT(P29)) | AL29: =IF(A29="","",(1/Inputs!$B$9)*(PI()*(Inputs!$F$10/1000)^2/4)*((Inputs!$F$10/1000/4)^(2/3))*SQRT(P29)) | AM29: =IF(A29="","",(1/Inputs!$B$9)*(PI()*(Inputs!$F$11/1000)^2/4)*((Inputs!$F$11/1000/4)^(2/3))*SQRT(P29)) | AN29: =IF(A29="","",(1/Inputs!$B$9)*(PI()*(Inputs!$F$12/1000)^2/4)*((Inputs!$F$12/1000/4)^(2/3))*SQRT(P29)) | AO29: =IF(A29="","",(1/Inputs!$B$9)*(PI()*(Inputs!$F$13/1000)^2/4)*((Inputs!$F$13/1000/4)^(2/3))*SQRT(P29)) | AP29: =IF(A29="","",(1/Inputs!$B$9)*(PI()*(Inputs!$F$14/1000)^2/4)*((Inputs!$F$14/1000/4)^(2/3))*SQRT(P29))
... G203: =SUMIFS(CB_plan!$C:$C,CB_plan!$B:$B,$A203) | H203: =IF(F203="",G203,F203) | K203: =IF(A203="","",Inputs!$B$13/((IF(J203="",Inputs!$B$18,J203)+Inputs!$B$14)^Inputs!$B$15)) | L203: =IF(A203="","",0.00278*IF(I203="",Inputs!$B$17,I203)*H203*K203) | M203: =IF(A203="","",SUMIFS($N$4:$N$203,$D$4:$D$203,$A203)) | N203: =IF(A203="","",(L203+M203)*Inputs!$B$16) | P203: =IF(A203="","",IF(O203="",Inputs!$B$7,O203)) | Q203: =IF(A203="","",IF(N203/Inputs!$B$10<=AG203,Inputs!$F$5,IF(N203/Inputs!$B$10>AP203,"OVERSIZE",INDEX(Inputs!$F$5:$F$14,MATCH(N203/Inputs!$B$10,AG203:AP203,1)+1)))) | S203: =IF(A203="","",IF(R203="",Q203,R203)) | T203: =IF(OR(S203="",S203="OVERSIZE"),"",S203/1000) | U203: =IF(T203="","",(1/Inputs!$B$9)*(PI()*T203^2/4)*((T203/4)^(2/3))*SQRT(P203)) | V203: =IF(OR(U203="",N203=""),"",N203/(U203*Inputs!$B$10)) | W203: =IF(OR(T203="",N203=""),"",4*N203/(PI()*T203^2)) | Y203: =IF(A203="","",IF(A203=Inputs!$B$6,Inputs!$B$22,IF(D203="","",IFERROR(INDEX($Z$4:$Z$203,MATCH(D203,$A$4:$A$203,0))+IF(X203="",Inputs!$B$20,X203),"")))) | Z203: =IF(OR(Y203="",P203="",E203=""),"",Y203+P203*E203) | AA203: =IF(C203="","",IFERROR(INDEX(Noeuds_plan!$C$4:$C$200,MATCH(C203,Noeuds_plan!$A$4:$A$200,0)),"")) | AB203: =IF(B203="","",IFERROR(INDEX(Noeuds_plan!$C$4:$C$200,MATCH(B203,Noeuds_plan!$A$4:$A$200,0)),"")) | AC203: =IF(OR(AA203="",Y203=""),"",AA203-Y203) | AD203: =IF(OR(AB203="",Z203=""),"",AB203-Z203) | AE203: =IF(A203="","",IF(OR(V203>1,W203<Inputs!$B$11,W203>Inputs!$B$12,AC203<Inputs!$B$19,AD203<Inputs!$B$19,P203<Inputs!$B$7,P203>Inputs!$B$8),"CHECK","OK")) | AG203: =IF(A203="","",(1/Inputs!$B$9)*(PI()*(Inputs!$F$5/1000)^2/4)*((Inputs!$F$5/1000/4)^(2/3))*SQRT(P203)) | AH203: =IF(A203="","",(1/Inputs!$B$9)*(PI()*(Inputs!$F$6/1000)^2/4)*((Inputs!$F$6/1000/4)^(2/3))*SQRT(P203)) | AI203: =IF(A203="","",(1/Inputs!$B$9)*(PI()*(Inputs!$F$7/1000)^2/4)*((Inputs!$F$7/1000/4)^(2/3))*SQRT(P203)) | AJ203: =IF(A203="","",(1/Inputs!$B$9)*(PI()*(Inputs!$F$8/1000)^2/4)*((Inputs!$F$8/1000/4)^(2/3))*SQRT(P203)) | AK203: =IF(A203="","",(1/Inputs!$B$9)*(PI()*(Inputs!$F$9/1000)^2/4)*((Inputs!$F$9/1000/4)^(2/3))*SQRT(P203)) | AL203: =IF(A203="","",(1/Inputs!$B$9)*(PI()*(Inputs!$F$10/1000)^2/4)*((Inputs!$F$10/1000/4)^(2/3))*SQRT(P203)) | AM203: =IF(A203="","",(1/Inputs!$B$9)*(PI()*(Inputs!$F$11/1000)^2/4)*((Inputs!$F$11/1000/4)^(2/3))*SQRT(P203)) | AN203: =IF(A203="","",(1/Inputs!$B$9)*(PI()*(Inputs!$F$12/1000)^2/4)*((Inputs!$F$12/1000/4)^(2/3))*SQRT(P203)) | AO203: =IF(A203="","",(1/Inputs!$B$9)*(PI()*(Inputs!$F$13/1000)^2/4)*((Inputs!$F$13/1000/4)^(2/3))*SQRT(P203)) | AP203: =IF(A203="","",(1/Inputs!$B$9)*(PI()*(Inputs!$F$14/1000)^2/4)*((Inputs!$F$14/1000/4)^(2/3))*SQRT(P203))
